country,year,sex,value,quality_wstatus,quality_obs_flag,quality_conf_status,dataflow,last_update,freq,unit,age
Albania,2017,Females,16.8,Employed persons,,,ESTAT:TESOV110(1.0),2024-04-26 23:00:00,Annual,Percentage,18 years or over
Albania,2018,Females,15.9,Employed persons,,,ESTAT:TESOV110(1.0),2024-04-26 23:00:00,Annual,Percentage,18 years or over
Albania,2019,Females,13.4,Employed persons,,,ESTAT:TESOV110(1.0),2024-04-26 23:00:00,Annual,Percentage,18 years or over
Albania,2020,Females,10.2,Employed persons,,,ESTAT:TESOV110(1.0),2024-04-26 23:00:00,Annual,Percentage,18 years or over
Albania,2021,Females,9.9,Employed persons,,,ESTAT:TESOV110(1.0),2024-04-26 23:00:00,Annual,Percentage,18 years or over
Albania,2022,Females,7.7,Employed persons,,,ESTAT:TESOV110(1.0),2024-04-26 23:00:00,Annual,Percentage,18 years or over
Albania,2023,Females,7.1,Employed persons,,,ESTAT:TESOV110(1.0),2024-04-26 23:00:00,Annual,Percentage,18 years or over
Austria,2005,Females,6.1,Employed persons,,,ESTAT:TESOV110(1.0),2024-04-26 23:00:00,Annual,Percentage,18 years or over
Austria,2006,Females,6.3,Employed persons,,,ESTAT:TESOV110(1.0),2024-04-26 23:00:00,Annual,Percentage,18 years or over
Austria,2007,Females,5.7,Employed persons,,,ESTAT:TESOV110(1.0),2024-04-26 23:00:00,Annual,Percentage,18 years or over
Austria,2008,Females,7.7,Employed persons,b,,ESTAT:TESOV110(1.0),2024-04-26 23:00:00,Annual,Percentage,18 years or over
Austria,2009,Females,7.3,Employed persons,,,ESTAT:TESOV110(1.0),2024-04-26 23:00:00,Annual,Percentage,18 years or over
Austria,2010,Females,6.9,Employed persons,,,ESTAT:TESOV110(1.0),2024-04-26 23:00:00,Annual,Percentage,18 years or over
Austria,2011,Females,6.6,Employed persons,,,ESTAT:TESOV110(1.0),2024-04-26 23:00:00,Annual,Percentage,18 years or over
Austria,2012,Females,7.3,Employed persons,,,ESTAT:TESOV110(1.0),2024-04-26 23:00:00,Annual,Percentage,18 years or over
Austria,2013,Females,7.8,Employed persons,,,ESTAT:TESOV110(1.0),2024-04-26 23:00:00,Annual,Percentage,18 years or over
Austria,2014,Females,6.4,Employed persons,,,ESTAT:TESOV110(1.0),2024-04-26 23:00:00,Annual,Percentage,18 years or over
Austria,2015,Females,7.2,Employed persons,,,ESTAT:TESOV110(1.0),2024-04-26 23:00:00,Annual,Percentage,18 years or over
Austria,2016,Females,7.9,Employed persons,,,ESTAT:TESOV110(1.0),2024-04-26 23:00:00,Annual,Percentage,18 years or over
Austria,2017,Females,7.4,Employed persons,,,ESTAT:TESOV110(1.0),2024-04-26 23:00:00,Annual,Percentage,18 years or over
Austria,2018,Females,7.5,Employed persons,,,ESTAT:TESOV110(1.0),2024-04-26 23:00:00,Annual,Percentage,18 years or over
Austria,2019,Females,7.4,Employed persons,,,ESTAT:TESOV110(1.0),2024-04-26 23:00:00,Annual,Percentage,18 years or over
Austria,2020,Females,6.4,Employed persons,,,ESTAT:TESOV110(1.0),2024-04-26 23:00:00,Annual,Percentage,18 years or over
Austria,2021,Females,6.5,Employed persons,,,ESTAT:TESOV110(1.0),2024-04-26 23:00:00,Annual,Percentage,18 years or over
Austria,2022,Females,7.6,Employed persons,,,ESTAT:TESOV110(1.0),2024-04-26 23:00:00,Annual,Percentage,18 years or over
Austria,2023,Females,7.0,Employed persons,,,ESTAT:TESOV110(1.0),2024-04-26 23:00:00,Annual,Percentage,18 years or over
Austria,2024,Females,7.2,Employed persons,,,ESTAT:TESOV110(1.0),2024-04-26 23:00:00,Annual,Percentage,18 years or over
Belgium,2005,Females,3.1,Employed persons,,,ESTAT:TESOV110(1.0),2024-04-26 23:00:00,Annual,Percentage,18 years or over
Belgium,2006,Females,3.7,Employed persons,,,ESTAT:TESOV110(1.0),2024-04-26 23:00:00,Annual,Percentage,18 years or over
Belgium,2007,Females,4.3,Employed persons,,,ESTAT:TESOV110(1.0),2024-04-26 23:00:00,Annual,Percentage,18 years or over
Belgium,2008,Females,5.2,Employed persons,,,ESTAT:TESOV110(1.0),2024-04-26 23:00:00,Annual,Percentage,18 years or over
Belgium,2009,Females,4.7,Employed persons,,,ESTAT:TESOV110(1.0),2024-04-26 23:00:00,Annual,Percentage,18 years or over
Belgium,2010,Females,4.2,Employed persons,,,ESTAT:TESOV110(1.0),2024-04-26 23:00:00,Annual,Percentage,18 years or over
Belgium,2011,Females,4.0,Employed persons,,,ESTAT:TESOV110(1.0),2024-04-26 23:00:00,Annual,Percentage,18 years or over
Belgium,2012,Females,4.5,Employed persons,,,ESTAT:TESOV110(1.0),2024-04-26 23:00:00,Annual,Percentage,18 years or over
Belgium,2013,Females,4.3,Employed persons,,,ESTAT:TESOV110(1.0),2024-04-26 23:00:00,Annual,Percentage,18 years or over
Belgium,2014,Females,5.2,Employed persons,,,ESTAT:TESOV110(1.0),2024-04-26 23:00:00,Annual,Percentage,18 years or over
Belgium,2015,Females,4.8,Employed persons,,,ESTAT:TESOV110(1.0),2024-04-26 23:00:00,Annual,Percentage,18 years or over
Belgium,2016,Females,4.7,Employed persons,,,ESTAT:TESOV110(1.0),2024-04-26 23:00:00,Annual,Percentage,18 years or over
Belgium,2017,Females,4.7,Employed persons,,,ESTAT:TESOV110(1.0),2024-04-26 23:00:00,Annual,Percentage,18 years or over
Belgium,2018,Females,4.4,Employed persons,,,ESTAT:TESOV110(1.0),2024-04-26 23:00:00,Annual,Percentage,18 years or over
Belgium,2019,Females,4.7,Employed persons,b,,ESTAT:TESOV110(1.0),2024-04-26 23:00:00,Annual,Percentage,18 years or over
Belgium,2020,Females,4.2,Employed persons,,,ESTAT:TESOV110(1.0),2024-04-26 23:00:00,Annual,Percentage,18 years or over
Belgium,2021,Females,3.4,Employed persons,,,ESTAT:TESOV110(1.0),2024-04-26 23:00:00,Annual,Percentage,18 years or over
Belgium,2022,Females,3.0,Employed persons,,,ESTAT:TESOV110(1.0),2024-04-26 23:00:00,Annual,Percentage,18 years or over
Belgium,2023,Females,4.2,Employed persons,,,ESTAT:TESOV110(1.0),2024-04-26 23:00:00,Annual,Percentage,18 years or over
Belgium,2024,Females,3.4,Employed persons,,,ESTAT:TESOV110(1.0),2024-04-26 23:00:00,Annual,Percentage,18 years or over
Belgium,2025,Females,3.8,Employed persons,,,ESTAT:TESOV110(1.0),2024-04-26 23:00:00,Annual,Percentage,18 years or over
Bulgaria,2006,Females,5.6,Employed persons,,,ESTAT:TESOV110(1.0),2024-04-26 23:00:00,Annual,Percentage,18 years or over
Bulgaria,2007,Females,5.6,Employed persons,,,ESTAT:TESOV110(1.0),2024-04-26 23:00:00,Annual,Percentage,18 years or over
Bulgaria,2008,Females,7.0,Employed persons,,,ESTAT:TESOV110(1.0),2024-04-26 23:00:00,Annual,Percentage,18 years or over
Bulgaria,2009,Females,7.1,Employed persons,,,ESTAT:TESOV110(1.0),2024-04-26 23:00:00,Annual,Percentage,18 years or over
Bulgaria,2010,Females,6.8,Employed persons,,,ESTAT:TESOV110(1.0),2024-04-26 23:00:00,Annual,Percentage,18 years or over
Bulgaria,2011,Females,7.5,Employed persons,,,ESTAT:TESOV110(1.0),2024-04-26 23:00:00,Annual,Percentage,18 years or over
Bulgaria,2012,Females,7.0,Employed persons,,,ESTAT:TESOV110(1.0),2024-04-26 23:00:00,Annual,Percentage,18 years or over
Bulgaria,2013,Females,6.4,Employed persons,,,ESTAT:TESOV110(1.0),2024-04-26 23:00:00,Annual,Percentage,18 years or over
Bulgaria,2014,Females,8.6,Employed persons,,,ESTAT:TESOV110(1.0),2024-04-26 23:00:00,Annual,Percentage,18 years or over
Bulgaria,2015,Females,7.2,Employed persons,,,ESTAT:TESOV110(1.0),2024-04-26 23:00:00,Annual,Percentage,18 years or over
Bulgaria,2016,Females,9.6,Employed persons,,,ESTAT:TESOV110(1.0),2024-04-26 23:00:00,Annual,Percentage,18 years or over
Bulgaria,2017,Females,8.3,Employed persons,,,ESTAT:TESOV110(1.0),2024-04-26 23:00:00,Annual,Percentage,18 years or over
Bulgaria,2018,Females,8.4,Employed persons,,,ESTAT:TESOV110(1.0),2024-04-26 23:00:00,Annual,Percentage,18 years or over
Bulgaria,2019,Females,8.1,Employed persons,,,ESTAT:TESOV110(1.0),2024-04-26 23:00:00,Annual,Percentage,18 years or over
Bulgaria,2020,Females,8.4,Employed persons,,,ESTAT:TESOV110(1.0),2024-04-26 23:00:00,Annual,Percentage,18 years or over
Bulgaria,2021,Females,8.4,Employed persons,,,ESTAT:TESOV110(1.0),2024-04-26 23:00:00,Annual,Percentage,18 years or over
Bulgaria,2022,Females,8.1,Employed persons,,,ESTAT:TESOV110(1.0),2024-04-26 23:00:00,Annual,Percentage,18 years or over
Bulgaria,2023,Females,10.1,Employed persons,,,ESTAT:TESOV110(1.0),2024-04-26 23:00:00,Annual,Percentage,18 years or over
Bulgaria,2024,Females,10.4,Employed persons,,,ESTAT:TESOV110(1.0),2024-04-26 23:00:00,Annual,Percentage,18 years or over
Bulgaria,2025,Females,10.5,Employed persons,,,ESTAT:TESOV110(1.0),2024-04-26 23:00:00,Annual,Percentage,18 years or over
Switzerland,2007,Females,7.9,Employed persons,,,ESTAT:TESOV110(1.0),2024-04-26 23:00:00,Annual,Percentage,18 years or over
Switzerland,2008,Females,9.6,Employed persons,,,ESTAT:TESOV110(1.0),2024-04-26 23:00:00,Annual,Percentage,18 years or over
Switzerland,2009,Females,9.1,Employed persons,,,ESTAT:TESOV110(1.0),2024-04-26 23:00:00,Annual,Percentage,18 years or over
Switzerland,2010,Females,8.3,Employed persons,,,ESTAT:TESOV110(1.0),2024-04-26 23:00:00,Annual,Percentage,18 years or over
Switzerland,2011,Females,7.9,Employed persons,,,ESTAT:TESOV110(1.0),2024-04-26 23:00:00,Annual,Percentage,18 years or over
Switzerland,2012,Females,8.5,Employed persons,,,ESTAT:TESOV110(1.0),2024-04-26 23:00:00,Annual,Percentage,18 years or over
Switzerland,2013,Females,8.0,Employed persons,,,ESTAT:TESOV110(1.0),2024-04-26 23:00:00,Annual,Percentage,18 years or over
Switzerland,2014,Females,6.2,Employed persons,b,,ESTAT:TESOV110(1.0),2024-04-26 23:00:00,Annual,Percentage,18 years or over
Switzerland,2015,Females,8.2,Employed persons,,,ESTAT:TESOV110(1.0),2024-04-26 23:00:00,Annual,Percentage,18 years or over
Switzerland,2016,Females,6.9,Employed persons,,,ESTAT:TESOV110(1.0),2024-04-26 23:00:00,Annual,Percentage,18 years or over
Switzerland,2017,Females,8.4,Employed persons,,,ESTAT:TESOV110(1.0),2024-04-26 23:00:00,Annual,Percentage,18 years or over
Switzerland,2018,Females,7.5,Employed persons,,,ESTAT:TESOV110(1.0),2024-04-26 23:00:00,Annual,Percentage,18 years or over
Switzerland,2019,Females,7.5,Employed persons,,,ESTAT:TESOV110(1.0),2024-04-26 23:00:00,Annual,Percentage,18 years or over
Switzerland,2020,Females,7.8,Employed persons,,,ESTAT:TESOV110(1.0),2024-04-26 23:00:00,Annual,Percentage,18 years or over
Switzerland,2021,Females,7.4,Employed persons,,,ESTAT:TESOV110(1.0),2024-04-26 23:00:00,Annual,Percentage,18 years or over
Switzerland,2022,Females,8.4,Employed persons,,,ESTAT:TESOV110(1.0),2024-04-26 23:00:00,Annual,Percentage,18 years or over
Switzerland,2023,Females,9.8,Employed persons,,,ESTAT:TESOV110(1.0),2024-04-26 23:00:00,Annual,Percentage,18 years or over
Switzerland,2024,Females,8.2,Employed persons,,,ESTAT:TESOV110(1.0),2024-04-26 23:00:00,Annual,Percentage,18 years or over
Cyprus,2005,Females,6.6,Employed persons,,,ESTAT:TESOV110(1.0),2024-04-26 23:00:00,Annual,Percentage,18 years or over
Cyprus,2006,Females,7.3,Employed persons,,,ESTAT:TESOV110(1.0),2024-04-26 23:00:00,Annual,Percentage,18 years or over
Cyprus,2007,Females,6.7,Employed persons,,,ESTAT:TESOV110(1.0),2024-04-26 23:00:00,Annual,Percentage,18 years or over
Cyprus,2008,Females,6.9,Employed persons,b,,ESTAT:TESOV110(1.0),2024-04-26 23:00:00,Annual,Percentage,18 years or over
Cyprus,2009,Females,7.6,Employed persons,,,ESTAT:TESOV110(1.0),2024-04-26 23:00:00,Annual,Percentage,18 years or over
Cyprus,2010,Females,9.0,Employed persons,,,ESTAT:TESOV110(1.0),2024-04-26 23:00:00,Annual,Percentage,18 years or over
Cyprus,2011,Females,7.9,Employed persons,,,ESTAT:TESOV110(1.0),2024-04-26 23:00:00,Annual,Percentage,18 years or over
Cyprus,2012,Females,9.0,Employed persons,,,ESTAT:TESOV110(1.0),2024-04-26 23:00:00,Annual,Percentage,18 years or over
Cyprus,2013,Females,9.7,Employed persons,,,ESTAT:TESOV110(1.0),2024-04-26 23:00:00,Annual,Percentage,18 years or over
Cyprus,2014,Females,7.9,Employed persons,,,ESTAT:TESOV110(1.0),2024-04-26 23:00:00,Annual,Percentage,18 years or over
Cyprus,2015,Females,9.0,Employed persons,,,ESTAT:TESOV110(1.0),2024-04-26 23:00:00,Annual,Percentage,18 years or over
Cyprus,2016,Females,8.5,Employed persons,,,ESTAT:TESOV110(1.0),2024-04-26 23:00:00,Annual,Percentage,18 years or over
Cyprus,2017,Females,7.5,Employed persons,,,ESTAT:TESOV110(1.0),2024-04-26 23:00:00,Annual,Percentage,18 years or over
Cyprus,2018,Females,6.8,Employed persons,,,ESTAT:TESOV110(1.0),2024-04-26 23:00:00,Annual,Percentage,18 years or over
Cyprus,2019,Females,7.1,Employed persons,,,ESTAT:TESOV110(1.0),2024-04-26 23:00:00,Annual,Percentage,18 years or over
Cyprus,2020,Females,7.8,Employed persons,,,ESTAT:TESOV110(1.0),2024-04-26 23:00:00,Annual,Percentage,18 years or over
Cyprus,2021,Females,7.5,Employed persons,,,ESTAT:TESOV110(1.0),2024-04-26 23:00:00,Annual,Percentage,18 years or over
Cyprus,2022,Females,8.2,Employed persons,,,ESTAT:TESOV110(1.0),2024-04-26 23:00:00,Annual,Percentage,18 years or over
Cyprus,2023,Females,8.1,Employed persons,,,ESTAT:TESOV110(1.0),2024-04-26 23:00:00,Annual,Percentage,18 years or over
Cyprus,2024,Females,8.5,Employed persons,,,ESTAT:TESOV110(1.0),2024-04-26 23:00:00,Annual,Percentage,18 years or over
Cyprus,2025,Females,7.8,Employed persons,,,ESTAT:TESOV110(1.0),2024-04-26 23:00:00,Annual,Percentage,18 years or over
Czechia,2005,Females,3.6,Employed persons,,,ESTAT:TESOV110(1.0),2024-04-26 23:00:00,Annual,Percentage,18 years or over
Czechia,2006,Females,3.9,Employed persons,,,ESTAT:TESOV110(1.0),2024-04-26 23:00:00,Annual,Percentage,18 years or over
Czechia,2007,Females,3.3,Employed persons,,,ESTAT:TESOV110(1.0),2024-04-26 23:00:00,Annual,Percentage,18 years or over
Czechia,2008,Females,4.2,Employed persons,,,ESTAT:TESOV110(1.0),2024-04-26 23:00:00,Annual,Percentage,18 years or over
Czechia,2009,Females,3.4,Employed persons,,,ESTAT:TESOV110(1.0),2024-04-26 23:00:00,Annual,Percentage,18 years or over
Czechia,2010,Females,3.6,Employed persons,,,ESTAT:TESOV110(1.0),2024-04-26 23:00:00,Annual,Percentage,18 years or over
Czechia,2011,Females,4.0,Employed persons,,,ESTAT:TESOV110(1.0),2024-04-26 23:00:00,Annual,Percentage,18 years or over
Czechia,2012,Females,4.7,Employed persons,,,ESTAT:TESOV110(1.0),2024-04-26 23:00:00,Annual,Percentage,18 years or over
Czechia,2013,Females,4.3,Employed persons,,,ESTAT:TESOV110(1.0),2024-04-26 23:00:00,Annual,Percentage,18 years or over
Czechia,2014,Females,3.9,Employed persons,,,ESTAT:TESOV110(1.0),2024-04-26 23:00:00,Annual,Percentage,18 years or over
Czechia,2015,Females,4.5,Employed persons,,,ESTAT:TESOV110(1.0),2024-04-26 23:00:00,Annual,Percentage,18 years or over
Czechia,2016,Females,3.9,Employed persons,,,ESTAT:TESOV110(1.0),2024-04-26 23:00:00,Annual,Percentage,18 years or over
Czechia,2017,Females,3.7,Employed persons,,,ESTAT:TESOV110(1.0),2024-04-26 23:00:00,Annual,Percentage,18 years or over
Czechia,2018,Females,3.7,Employed persons,,,ESTAT:TESOV110(1.0),2024-04-26 23:00:00,Annual,Percentage,18 years or over
Czechia,2019,Females,3.7,Employed persons,,,ESTAT:TESOV110(1.0),2024-04-26 23:00:00,Annual,Percentage,18 years or over
Czechia,2020,Females,4.1,Employed persons,,,ESTAT:TESOV110(1.0),2024-04-26 23:00:00,Annual,Percentage,18 years or over
Czechia,2021,Females,3.6,Employed persons,,,ESTAT:TESOV110(1.0),2024-04-26 23:00:00,Annual,Percentage,18 years or over
Czechia,2022,Females,3.8,Employed persons,,,ESTAT:TESOV110(1.0),2024-04-26 23:00:00,Annual,Percentage,18 years or over
Czechia,2023,Females,3.1,Employed persons,,,ESTAT:TESOV110(1.0),2024-04-26 23:00:00,Annual,Percentage,18 years or over
Czechia,2024,Females,4.0,Employed persons,,,ESTAT:TESOV110(1.0),2024-04-26 23:00:00,Annual,Percentage,18 years or over
Czechia,2025,Females,4.2,Employed persons,,,ESTAT:TESOV110(1.0),2024-04-26 23:00:00,Annual,Percentage,18 years or over
Germany,2005,Females,5.5,Employed persons,,,ESTAT:TESOV110(1.0),2024-04-26 23:00:00,Annual,Percentage,18 years or over
Germany,2006,Females,6.2,Employed persons,,,ESTAT:TESOV110(1.0),2024-04-26 23:00:00,Annual,Percentage,18 years or over
Germany,2007,Females,8.2,Employed persons,,,ESTAT:TESOV110(1.0),2024-04-26 23:00:00,Annual,Percentage,18 years or over
Germany,2008,Females,7.7,Employed persons,,,ESTAT:TESOV110(1.0),2024-04-26 23:00:00,Annual,Percentage,18 years or over
Germany,2009,Females,7.5,Employed persons,,,ESTAT:TESOV110(1.0),2024-04-26 23:00:00,Annual,Percentage,18 years or over
Germany,2010,Females,8.2,Employed persons,,,ESTAT:TESOV110(1.0),2024-04-26 23:00:00,Annual,Percentage,18 years or over
Germany,2011,Females,8.2,Employed persons,,,ESTAT:TESOV110(1.0),2024-04-26 23:00:00,Annual,Percentage,18 years or over
Germany,2012,Females,8.8,Employed persons,,,ESTAT:TESOV110(1.0),2024-04-26 23:00:00,Annual,Percentage,18 years or over
Germany,2013,Females,9.8,Employed persons,,,ESTAT:TESOV110(1.0),2024-04-26 23:00:00,Annual,Percentage,18 years or over
Germany,2014,Females,11.1,Employed persons,,,ESTAT:TESOV110(1.0),2024-04-26 23:00:00,Annual,Percentage,18 years or over
Germany,2015,Females,10.5,Employed persons,,,ESTAT:TESOV110(1.0),2024-04-26 23:00:00,Annual,Percentage,18 years or over
Germany,2016,Females,11.0,Employed persons,,,ESTAT:TESOV110(1.0),2024-04-26 23:00:00,Annual,Percentage,18 years or over
Germany,2017,Females,10.1,Employed persons,,,ESTAT:TESOV110(1.0),2024-04-26 23:00:00,Annual,Percentage,18 years or over
Germany,2018,Females,10.2,Employed persons,,,ESTAT:TESOV110(1.0),2024-04-26 23:00:00,Annual,Percentage,18 years or over
Germany,2019,Females,9.3,Employed persons,,,ESTAT:TESOV110(1.0),2024-04-26 23:00:00,Annual,Percentage,18 years or over
Germany,2020,Females,8.6,Employed persons,b,,ESTAT:TESOV110(1.0),2024-04-26 23:00:00,Annual,Percentage,18 years or over
Germany,2021,Females,8.8,Employed persons,,,ESTAT:TESOV110(1.0),2024-04-26 23:00:00,Annual,Percentage,18 years or over
Germany,2022,Females,7.1,Employed persons,,,ESTAT:TESOV110(1.0),2024-04-26 23:00:00,Annual,Percentage,18 years or over
Germany,2023,Females,6.4,Employed persons,b,,ESTAT:TESOV110(1.0),2024-04-26 23:00:00,Annual,Percentage,18 years or over
Germany,2024,Females,6.5,Employed persons,,,ESTAT:TESOV110(1.0),2024-04-26 23:00:00,Annual,Percentage,18 years or over
Germany,2025,Females,6.8,Employed persons,,,ESTAT:TESOV110(1.0),2024-04-26 23:00:00,Annual,Percentage,18 years or over
Denmark,2005,Females,4.8,Employed persons,,,ESTAT:TESOV110(1.0),2024-04-26 23:00:00,Annual,Percentage,18 years or over
Denmark,2006,Females,3.4,Employed persons,,,ESTAT:TESOV110(1.0),2024-04-26 23:00:00,Annual,Percentage,18 years or over
Denmark,2007,Females,3.2,Employed persons,,,ESTAT:TESOV110(1.0),2024-04-26 23:00:00,Annual,Percentage,18 years or over
Denmark,2008,Females,4.2,Employed persons,,,ESTAT:TESOV110(1.0),2024-04-26 23:00:00,Annual,Percentage,18 years or over
Denmark,2009,Females,4.5,Employed persons,,,ESTAT:TESOV110(1.0),2024-04-26 23:00:00,Annual,Percentage,18 years or over
Denmark,2010,Females,5.8,Employed persons,,,ESTAT:TESOV110(1.0),2024-04-26 23:00:00,Annual,Percentage,18 years or over
Denmark,2011,Females,5.4,Employed persons,b,,ESTAT:TESOV110(1.0),2024-04-26 23:00:00,Annual,Percentage,18 years or over
Denmark,2012,Females,4.1,Employed persons,,,ESTAT:TESOV110(1.0),2024-04-26 23:00:00,Annual,Percentage,18 years or over
Denmark,2013,Females,5.2,Employed persons,,,ESTAT:TESOV110(1.0),2024-04-26 23:00:00,Annual,Percentage,18 years or over
Denmark,2014,Females,4.9,Employed persons,,,ESTAT:TESOV110(1.0),2024-04-26 23:00:00,Annual,Percentage,18 years or over
Denmark,2015,Females,4.5,Employed persons,,,ESTAT:TESOV110(1.0),2024-04-26 23:00:00,Annual,Percentage,18 years or over
Denmark,2016,Females,4.9,Employed persons,,,ESTAT:TESOV110(1.0),2024-04-26 23:00:00,Annual,Percentage,18 years or over
Denmark,2017,Females,4.3,Employed persons,,,ESTAT:TESOV110(1.0),2024-04-26 23:00:00,Annual,Percentage,18 years or over
Denmark,2018,Females,5.8,Employed persons,,,ESTAT:TESOV110(1.0),2024-04-26 23:00:00,Annual,Percentage,18 years or over
Denmark,2019,Females,6.1,Employed persons,,,ESTAT:TESOV110(1.0),2024-04-26 23:00:00,Annual,Percentage,18 years or over
Denmark,2020,Females,5.6,Employed persons,b,,ESTAT:TESOV110(1.0),2024-04-26 23:00:00,Annual,Percentage,18 years or over
Denmark,2021,Females,5.4,Employed persons,,,ESTAT:TESOV110(1.0),2024-04-26 23:00:00,Annual,Percentage,18 years or over
Denmark,2022,Females,5.4,Employed persons,,,ESTAT:TESOV110(1.0),2024-04-26 23:00:00,Annual,Percentage,18 years or over
Denmark,2023,Females,5.9,Employed persons,,,ESTAT:TESOV110(1.0),2024-04-26 23:00:00,Annual,Percentage,18 years or over
Denmark,2024,Females,5.9,Employed persons,,,ESTAT:TESOV110(1.0),2024-04-26 23:00:00,Annual,Percentage,18 years or over
Denmark,2025,Females,5.7,Employed persons,,,ESTAT:TESOV110(1.0),2024-04-26 23:00:00,Annual,Percentage,18 years or over
Estonia,2005,Females,8.1,Employed persons,,,ESTAT:TESOV110(1.0),2024-04-26 23:00:00,Annual,Percentage,18 years or over
Estonia,2006,Females,8.7,Employed persons,,,ESTAT:TESOV110(1.0),2024-04-26 23:00:00,Annual,Percentage,18 years or over
Estonia,2007,Females,9.2,Employed persons,,,ESTAT:TESOV110(1.0),2024-04-26 23:00:00,Annual,Percentage,18 years or over
Estonia,2008,Females,8.6,Employed persons,,,ESTAT:TESOV110(1.0),2024-04-26 23:00:00,Annual,Percentage,18 years or over
Estonia,2009,Females,9.7,Employed persons,,,ESTAT:TESOV110(1.0),2024-04-26 23:00:00,Annual,Percentage,18 years or over
Estonia,2010,Females,7.9,Employed persons,,,ESTAT:TESOV110(1.0),2024-04-26 23:00:00,Annual,Percentage,18 years or over
Estonia,2011,Females,9.0,Employed persons,,,ESTAT:TESOV110(1.0),2024-04-26 23:00:00,Annual,Percentage,18 years or over
Estonia,2012,Females,10.0,Employed persons,,,ESTAT:TESOV110(1.0),2024-04-26 23:00:00,Annual,Percentage,18 years or over
Estonia,2013,Females,9.2,Employed persons,,,ESTAT:TESOV110(1.0),2024-04-26 23:00:00,Annual,Percentage,18 years or over
Estonia,2014,Females,11.9,Employed persons,b,,ESTAT:TESOV110(1.0),2024-04-26 23:00:00,Annual,Percentage,18 years or over
Estonia,2015,Females,9.4,Employed persons,,,ESTAT:TESOV110(1.0),2024-04-26 23:00:00,Annual,Percentage,18 years or over
Estonia,2016,Females,9.3,Employed persons,,,ESTAT:TESOV110(1.0),2024-04-26 23:00:00,Annual,Percentage,18 years or over
Estonia,2017,Females,9.0,Employed persons,,,ESTAT:TESOV110(1.0),2024-04-26 23:00:00,Annual,Percentage,18 years or over
Estonia,2018,Females,9.0,Employed persons,,,ESTAT:TESOV110(1.0),2024-04-26 23:00:00,Annual,Percentage,18 years or over
Estonia,2019,Females,9.0,Employed persons,,,ESTAT:TESOV110(1.0),2024-04-26 23:00:00,Annual,Percentage,18 years or over
Estonia,2020,Females,8.5,Employed persons,,,ESTAT:TESOV110(1.0),2024-04-26 23:00:00,Annual,Percentage,18 years or over
Estonia,2021,Females,8.6,Employed persons,,,ESTAT:TESOV110(1.0),2024-04-26 23:00:00,Annual,Percentage,18 years or over
Estonia,2022,Females,9.2,Employed persons,,,ESTAT:TESOV110(1.0),2024-04-26 23:00:00,Annual,Percentage,18 years or over
Estonia,2023,Females,9.5,Employed persons,,,ESTAT:TESOV110(1.0),2024-04-26 23:00:00,Annual,Percentage,18 years or over
Estonia,2024,Females,9.2,Employed persons,,,ESTAT:TESOV110(1.0),2024-04-26 23:00:00,Annual,Percentage,18 years or over
Estonia,2025,Females,9.0,Employed persons,,,ESTAT:TESOV110(1.0),2024-04-26 23:00:00,Annual,Percentage,18 years or over
Greece,2005,Females,11.6,Employed persons,,,ESTAT:TESOV110(1.0),2024-04-26 23:00:00,Annual,Percentage,18 years or over
Greece,2006,Females,12.5,Employed persons,,,ESTAT:TESOV110(1.0),2024-04-26 23:00:00,Annual,Percentage,18 years or over
Greece,2007,Females,12.3,Employed persons,,,ESTAT:TESOV110(1.0),2024-04-26 23:00:00,Annual,Percentage,18 years or over
Greece,2008,Females,12.1,Employed persons,,,ESTAT:TESOV110(1.0),2024-04-26 23:00:00,Annual,Percentage,18 years or over
Greece,2009,Females,10.6,Employed persons,,,ESTAT:TESOV110(1.0),2024-04-26 23:00:00,Annual,Percentage,18 years or over
Greece,2010,Females,10.2,Employed persons,,,ESTAT:TESOV110(1.0),2024-04-26 23:00:00,Annual,Percentage,18 years or over
Greece,2011,Females,10.1,Employed persons,,,ESTAT:TESOV110(1.0),2024-04-26 23:00:00,Annual,Percentage,18 years or over
Greece,2012,Females,13.1,Employed persons,,,ESTAT:TESOV110(1.0),2024-04-26 23:00:00,Annual,Percentage,18 years or over
Greece,2013,Females,12.6,Employed persons,,,ESTAT:TESOV110(1.0),2024-04-26 23:00:00,Annual,Percentage,18 years or over
Greece,2014,Females,10.4,Employed persons,,,ESTAT:TESOV110(1.0),2024-04-26 23:00:00,Annual,Percentage,18 years or over
Greece,2015,Females,11.0,Employed persons,,,ESTAT:TESOV110(1.0),2024-04-26 23:00:00,Annual,Percentage,18 years or over
Greece,2016,Females,12.3,Employed persons,,,ESTAT:TESOV110(1.0),2024-04-26 23:00:00,Annual,Percentage,18 years or over
Greece,2017,Females,9.9,Employed persons,,,ESTAT:TESOV110(1.0),2024-04-26 23:00:00,Annual,Percentage,18 years or over
Greece,2018,Females,8.8,Employed persons,,,ESTAT:TESOV110(1.0),2024-04-26 23:00:00,Annual,Percentage,18 years or over
Greece,2019,Females,8.1,Employed persons,,,ESTAT:TESOV110(1.0),2024-04-26 23:00:00,Annual,Percentage,18 years or over
Greece,2020,Females,7.2,Employed persons,,,ESTAT:TESOV110(1.0),2024-04-26 23:00:00,Annual,Percentage,18 years or over
Greece,2021,Females,8.8,Employed persons,,,ESTAT:TESOV110(1.0),2024-04-26 23:00:00,Annual,Percentage,18 years or over
Greece,2022,Females,7.7,Employed persons,,,ESTAT:TESOV110(1.0),2024-04-26 23:00:00,Annual,Percentage,18 years or over
Greece,2023,Females,7.4,Employed persons,,,ESTAT:TESOV110(1.0),2024-04-26 23:00:00,Annual,Percentage,18 years or over
Greece,2024,Females,7.6,Employed persons,,,ESTAT:TESOV110(1.0),2024-04-26 23:00:00,Annual,Percentage,18 years or over
Greece,2025,Females,6.7,Employed persons,,,ESTAT:TESOV110(1.0),2024-04-26 23:00:00,Annual,Percentage,18 years or over
Spain,2005,Females,9.1,Employed persons,,,ESTAT:TESOV110(1.0),2024-04-26 23:00:00,Annual,Percentage,18 years or over
Spain,2006,Females,8.5,Employed persons,,,ESTAT:TESOV110(1.0),2024-04-26 23:00:00,Annual,Percentage,18 years or over
Spain,2007,Females,8.8,Employed persons,,,ESTAT:TESOV110(1.0),2024-04-26 23:00:00,Annual,Percentage,18 years or over
Spain,2008,Females,10.2,Employed persons,b,,ESTAT:TESOV110(1.0),2024-04-26 23:00:00,Annual,Percentage,18 years or over
Spain,2009,Females,10.6,Employed persons,,,ESTAT:TESOV110(1.0),2024-04-26 23:00:00,Annual,Percentage,18 years or over
Spain,2010,Females,10.0,Employed persons,,,ESTAT:TESOV110(1.0),2024-04-26 23:00:00,Annual,Percentage,18 years or over
Spain,2011,Females,10.6,Employed persons,,,ESTAT:TESOV110(1.0),2024-04-26 23:00:00,Annual,Percentage,18 years or over
Spain,2012,Females,10.1,Employed persons,,,ESTAT:TESOV110(1.0),2024-04-26 23:00:00,Annual,Percentage,18 years or over
Spain,2013,Females,9.9,Employed persons,,,ESTAT:TESOV110(1.0),2024-04-26 23:00:00,Annual,Percentage,18 years or over
Spain,2014,Females,12.1,Employed persons,,,ESTAT:TESOV110(1.0),2024-04-26 23:00:00,Annual,Percentage,18 years or over
Spain,2015,Females,12.1,Employed persons,,,ESTAT:TESOV110(1.0),2024-04-26 23:00:00,Annual,Percentage,18 years or over
Spain,2016,Females,12.4,Employed persons,,,ESTAT:TESOV110(1.0),2024-04-26 23:00:00,Annual,Percentage,18 years or over
Spain,2017,Females,12.8,Employed persons,,,ESTAT:TESOV110(1.0),2024-04-26 23:00:00,Annual,Percentage,18 years or over
Spain,2018,Females,12.2,Employed persons,,,ESTAT:TESOV110(1.0),2024-04-26 23:00:00,Annual,Percentage,18 years or over
Spain,2019,Females,11.8,Employed persons,,,ESTAT:TESOV110(1.0),2024-04-26 23:00:00,Annual,Percentage,18 years or over
Spain,2020,Females,10.9,Employed persons,,,ESTAT:TESOV110(1.0),2024-04-26 23:00:00,Annual,Percentage,18 years or over
Spain,2021,Females,11.2,Employed persons,,,ESTAT:TESOV110(1.0),2024-04-26 23:00:00,Annual,Percentage,18 years or over
Spain,2022,Females,10.6,Employed persons,,,ESTAT:TESOV110(1.0),2024-04-26 23:00:00,Annual,Percentage,18 years or over
Spain,2023,Females,10.3,Employed persons,,,ESTAT:TESOV110(1.0),2024-04-26 23:00:00,Annual,Percentage,18 years or over
Spain,2024,Females,10.1,Employed persons,,,ESTAT:TESOV110(1.0),2024-04-26 23:00:00,Annual,Percentage,18 years or over
Spain,2025,Females,10.1,Employed persons,,,ESTAT:TESOV110(1.0),2024-04-26 23:00:00,Annual,Percentage,18 years or over
Finland,2005,Females,3.6,Employed persons,,,ESTAT:TESOV110(1.0),2024-04-26 23:00:00,Annual,Percentage,18 years or over
Finland,2006,Females,4.2,Employed persons,,,ESTAT:TESOV110(1.0),2024-04-26 23:00:00,Annual,Percentage,18 years or over
Finland,2007,Females,5.5,Employed persons,,,ESTAT:TESOV110(1.0),2024-04-26 23:00:00,Annual,Percentage,18 years or over
Finland,2008,Females,5.0,Employed persons,,,ESTAT:TESOV110(1.0),2024-04-26 23:00:00,Annual,Percentage,18 years or over
Finland,2009,Females,3.4,Employed persons,,,ESTAT:TESOV110(1.0),2024-04-26 23:00:00,Annual,Percentage,18 years or over
Finland,2010,Females,3.3,Employed persons,,,ESTAT:TESOV110(1.0),2024-04-26 23:00:00,Annual,Percentage,18 years or over
Finland,2011,Females,3.4,Employed persons,,,ESTAT:TESOV110(1.0),2024-04-26 23:00:00,Annual,Percentage,18 years or over
Finland,2012,Females,3.3,Employed persons,,,ESTAT:TESOV110(1.0),2024-04-26 23:00:00,Annual,Percentage,18 years or over
Finland,2013,Females,3.5,Employed persons,,,ESTAT:TESOV110(1.0),2024-04-26 23:00:00,Annual,Percentage,18 years or over
Finland,2014,Females,3.4,Employed persons,,,ESTAT:TESOV110(1.0),2024-04-26 23:00:00,Annual,Percentage,18 years or over
Finland,2015,Females,2.9,Employed persons,,,ESTAT:TESOV110(1.0),2024-04-26 23:00:00,Annual,Percentage,18 years or over
Finland,2016,Females,2.9,Employed persons,,,ESTAT:TESOV110(1.0),2024-04-26 23:00:00,Annual,Percentage,18 years or over
Finland,2017,Females,2.8,Employed persons,,,ESTAT:TESOV110(1.0),2024-04-26 23:00:00,Annual,Percentage,18 years or over
Finland,2018,Females,3.0,Employed persons,,,ESTAT:TESOV110(1.0),2024-04-26 23:00:00,Annual,Percentage,18 years or over
Finland,2019,Females,2.8,Employed persons,,,ESTAT:TESOV110(1.0),2024-04-26 23:00:00,Annual,Percentage,18 years or over
Finland,2020,Females,3.0,Employed persons,,,ESTAT:TESOV110(1.0),2024-04-26 23:00:00,Annual,Percentage,18 years or over
Finland,2021,Females,2.4,Employed persons,,,ESTAT:TESOV110(1.0),2024-04-26 23:00:00,Annual,Percentage,18 years or over
Finland,2022,Females,2.1,Employed persons,,,ESTAT:TESOV110(1.0),2024-04-26 23:00:00,Annual,Percentage,18 years or over
Finland,2023,Females,2.5,Employed persons,,,ESTAT:TESOV110(1.0),2024-04-26 23:00:00,Annual,Percentage,18 years or over
Finland,2024,Females,2.7,Employed persons,,,ESTAT:TESOV110(1.0),2024-04-26 23:00:00,Annual,Percentage,18 years or over
Finland,2025,Females,2.8,Employed persons,,,ESTAT:TESOV110(1.0),2024-04-26 23:00:00,Annual,Percentage,18 years or over
France,2005,Females,5.0,Employed persons,,,ESTAT:TESOV110(1.0),2024-04-26 23:00:00,Annual,Percentage,18 years or over
France,2006,Females,5.6,Employed persons,,,ESTAT:TESOV110(1.0),2024-04-26 23:00:00,Annual,Percentage,18 years or over
France,2007,Females,5.9,Employed persons,,,ESTAT:TESOV110(1.0),2024-04-26 23:00:00,Annual,Percentage,18 years or over
France,2008,Females,6.0,Employed persons,b,,ESTAT:TESOV110(1.0),2024-04-26 23:00:00,Annual,Percentage,18 years or over
France,2009,Females,6.2,Employed persons,,,ESTAT:TESOV110(1.0),2024-04-26 23:00:00,Annual,Percentage,18 years or over
France,2010,Females,6.2,Employed persons,,,ESTAT:TESOV110(1.0),2024-04-26 23:00:00,Annual,Percentage,18 years or over
France,2011,Females,7.7,Employed persons,,,ESTAT:TESOV110(1.0),2024-04-26 23:00:00,Annual,Percentage,18 years or over
France,2012,Females,7.6,Employed persons,,,ESTAT:TESOV110(1.0),2024-04-26 23:00:00,Annual,Percentage,18 years or over
France,2013,Females,6.9,Employed persons,,,ESTAT:TESOV110(1.0),2024-04-26 23:00:00,Annual,Percentage,18 years or over
France,2014,Females,7.8,Employed persons,,,ESTAT:TESOV110(1.0),2024-04-26 23:00:00,Annual,Percentage,18 years or over
France,2015,Females,6.7,Employed persons,,,ESTAT:TESOV110(1.0),2024-04-26 23:00:00,Annual,Percentage,18 years or over
France,2016,Females,7.6,Employed persons,,,ESTAT:TESOV110(1.0),2024-04-26 23:00:00,Annual,Percentage,18 years or over
France,2017,Females,7.1,Employed persons,,,ESTAT:TESOV110(1.0),2024-04-26 23:00:00,Annual,Percentage,18 years or over
France,2018,Females,6.5,Employed persons,,,ESTAT:TESOV110(1.0),2024-04-26 23:00:00,Annual,Percentage,18 years or over
France,2019,Females,7.4,Employed persons,,,ESTAT:TESOV110(1.0),2024-04-26 23:00:00,Annual,Percentage,18 years or over
France,2020,Females,7.3,Employed persons,b,,ESTAT:TESOV110(1.0),2024-04-26 23:00:00,Annual,Percentage,18 years or over
France,2021,Females,7.1,Employed persons,,,ESTAT:TESOV110(1.0),2024-04-26 23:00:00,Annual,Percentage,18 years or over
France,2022,Females,7.5,Employed persons,b,,ESTAT:TESOV110(1.0),2024-04-26 23:00:00,Annual,Percentage,18 years or over
France,2023,Females,7.9,Employed persons,,,ESTAT:TESOV110(1.0),2024-04-26 23:00:00,Annual,Percentage,18 years or over
France,2024,Females,8.0,Employed persons,,,ESTAT:TESOV110(1.0),2024-04-26 23:00:00,Annual,Percentage,18 years or over
France,2025,Females,9.0,Employed persons,,,ESTAT:TESOV110(1.0),2024-04-26 23:00:00,Annual,Percentage,18 years or over
Croatia,2010,Females,4.7,Employed persons,,,ESTAT:TESOV110(1.0),2024-04-26 23:00:00,Annual,Percentage,18 years or over
Croatia,2011,Females,5.5,Employed persons,,,ESTAT:TESOV110(1.0),2024-04-26 23:00:00,Annual,Percentage,18 years or over
Croatia,2012,Females,5.1,Employed persons,,,ESTAT:TESOV110(1.0),2024-04-26 23:00:00,Annual,Percentage,18 years or over
Croatia,2013,Females,4.6,Employed persons,,,ESTAT:TESOV110(1.0),2024-04-26 23:00:00,Annual,Percentage,18 years or over
Croatia,2014,Females,4.1,Employed persons,,,ESTAT:TESOV110(1.0),2024-04-26 23:00:00,Annual,Percentage,18 years or over
Croatia,2015,Females,4.6,Employed persons,,,ESTAT:TESOV110(1.0),2024-04-26 23:00:00,Annual,Percentage,18 years or over
Croatia,2016,Females,4.2,Employed persons,,,ESTAT:TESOV110(1.0),2024-04-26 23:00:00,Annual,Percentage,18 years or over
Croatia,2017,Females,4.6,Employed persons,,,ESTAT:TESOV110(1.0),2024-04-26 23:00:00,Annual,Percentage,18 years or over
Croatia,2018,Females,4.3,Employed persons,,,ESTAT:TESOV110(1.0),2024-04-26 23:00:00,Annual,Percentage,18 years or over
Croatia,2019,Females,4.3,Employed persons,,,ESTAT:TESOV110(1.0),2024-04-26 23:00:00,Annual,Percentage,18 years or over
Croatia,2020,Females,4.3,Employed persons,,,ESTAT:TESOV110(1.0),2024-04-26 23:00:00,Annual,Percentage,18 years or over
Croatia,2021,Females,3.7,Employed persons,,,ESTAT:TESOV110(1.0),2024-04-26 23:00:00,Annual,Percentage,18 years or over
Croatia,2022,Females,4.3,Employed persons,,,ESTAT:TESOV110(1.0),2024-04-26 23:00:00,Annual,Percentage,18 years or over
Croatia,2023,Females,5.9,Employed persons,b,,ESTAT:TESOV110(1.0),2024-04-26 23:00:00,Annual,Percentage,18 years or over
Croatia,2024,Females,7.9,Employed persons,b,,ESTAT:TESOV110(1.0),2024-04-26 23:00:00,Annual,Percentage,18 years or over
Croatia,2025,Females,7.0,Employed persons,,,ESTAT:TESOV110(1.0),2024-04-26 23:00:00,Annual,Percentage,18 years or over
Hungary,2005,Females,6.5,Employed persons,,,ESTAT:TESOV110(1.0),2024-04-26 23:00:00,Annual,Percentage,18 years or over
Hungary,2006,Females,5.4,Employed persons,,,ESTAT:TESOV110(1.0),2024-04-26 23:00:00,Annual,Percentage,18 years or over
Hungary,2007,Females,4.9,Employed persons,,,ESTAT:TESOV110(1.0),2024-04-26 23:00:00,Annual,Percentage,18 years or over
Hungary,2008,Females,4.5,Employed persons,,,ESTAT:TESOV110(1.0),2024-04-26 23:00:00,Annual,Percentage,18 years or over
Hungary,2009,Females,5.3,Employed persons,,,ESTAT:TESOV110(1.0),2024-04-26 23:00:00,Annual,Percentage,18 years or over
Hungary,2010,Females,4.6,Employed persons,,,ESTAT:TESOV110(1.0),2024-04-26 23:00:00,Annual,Percentage,18 years or over
Hungary,2011,Females,5.4,Employed persons,,,ESTAT:TESOV110(1.0),2024-04-26 23:00:00,Annual,Percentage,18 years or over
Hungary,2012,Females,4.7,Employed persons,,,ESTAT:TESOV110(1.0),2024-04-26 23:00:00,Annual,Percentage,18 years or over
Hungary,2013,Females,6.2,Employed persons,,,ESTAT:TESOV110(1.0),2024-04-26 23:00:00,Annual,Percentage,18 years or over
Hungary,2014,Females,5.9,Employed persons,,,ESTAT:TESOV110(1.0),2024-04-26 23:00:00,Annual,Percentage,18 years or over
Hungary,2015,Females,8.7,Employed persons,,,ESTAT:TESOV110(1.0),2024-04-26 23:00:00,Annual,Percentage,18 years or over
Hungary,2016,Females,9.9,Employed persons,,,ESTAT:TESOV110(1.0),2024-04-26 23:00:00,Annual,Percentage,18 years or over
Hungary,2017,Females,10.6,Employed persons,,,ESTAT:TESOV110(1.0),2024-04-26 23:00:00,Annual,Percentage,18 years or over
Hungary,2018,Females,8.9,Employed persons,,,ESTAT:TESOV110(1.0),2024-04-26 23:00:00,Annual,Percentage,18 years or over
Hungary,2019,Females,10.8,Employed persons,b,,ESTAT:TESOV110(1.0),2024-04-26 23:00:00,Annual,Percentage,18 years or over
Hungary,2020,Females,8.3,Employed persons,,,ESTAT:TESOV110(1.0),2024-04-26 23:00:00,Annual,Percentage,18 years or over
Hungary,2021,Females,6.1,Employed persons,,,ESTAT:TESOV110(1.0),2024-04-26 23:00:00,Annual,Percentage,18 years or over
Hungary,2022,Females,6.5,Employed persons,,,ESTAT:TESOV110(1.0),2024-04-26 23:00:00,Annual,Percentage,18 years or over
Hungary,2023,Females,6.0,Employed persons,,,ESTAT:TESOV110(1.0),2024-04-26 23:00:00,Annual,Percentage,18 years or over
Hungary,2024,Females,6.6,Employed persons,,,ESTAT:TESOV110(1.0),2024-04-26 23:00:00,Annual,Percentage,18 years or over
Hungary,2025,Females,7.5,Employed persons,,,ESTAT:TESOV110(1.0),2024-04-26 23:00:00,Annual,Percentage,18 years or over
Ireland,2005,Females,5.5,Employed persons,,,ESTAT:TESOV110(1.0),2024-04-26 23:00:00,Annual,Percentage,18 years or over
Ireland,2006,Females,6.0,Employed persons,,,ESTAT:TESOV110(1.0),2024-04-26 23:00:00,Annual,Percentage,18 years or over
Ireland,2007,Females,5.4,Employed persons,,,ESTAT:TESOV110(1.0),2024-04-26 23:00:00,Annual,Percentage,18 years or over
Ireland,2008,Females,5.7,Employed persons,,,ESTAT:TESOV110(1.0),2024-04-26 23:00:00,Annual,Percentage,18 years or over
Ireland,2009,Females,4.4,Employed persons,,,ESTAT:TESOV110(1.0),2024-04-26 23:00:00,Annual,Percentage,18 years or over
Ireland,2010,Females,3.6,Employed persons,,,ESTAT:TESOV110(1.0),2024-04-26 23:00:00,Annual,Percentage,18 years or over
Ireland,2011,Females,4.5,Employed persons,,,ESTAT:TESOV110(1.0),2024-04-26 23:00:00,Annual,Percentage,18 years or over
Ireland,2012,Females,4.7,Employed persons,,,ESTAT:TESOV110(1.0),2024-04-26 23:00:00,Annual,Percentage,18 years or over
Ireland,2013,Females,4.7,Employed persons,,,ESTAT:TESOV110(1.0),2024-04-26 23:00:00,Annual,Percentage,18 years or over
Ireland,2014,Females,5.1,Employed persons,,,ESTAT:TESOV110(1.0),2024-04-26 23:00:00,Annual,Percentage,18 years or over
Ireland,2015,Females,4.0,Employed persons,,,ESTAT:TESOV110(1.0),2024-04-26 23:00:00,Annual,Percentage,18 years or over
Ireland,2016,Females,4.8,Employed persons,,,ESTAT:TESOV110(1.0),2024-04-26 23:00:00,Annual,Percentage,18 years or over
Ireland,2017,Females,4.4,Employed persons,,,ESTAT:TESOV110(1.0),2024-04-26 23:00:00,Annual,Percentage,18 years or over
Ireland,2018,Females,4.0,Employed persons,,,ESTAT:TESOV110(1.0),2024-04-26 23:00:00,Annual,Percentage,18 years or over
Ireland,2019,Females,5.6,Employed persons,b,,ESTAT:TESOV110(1.0),2024-04-26 23:00:00,Annual,Percentage,18 years or over
Ireland,2020,Females,4.5,Employed persons,b,,ESTAT:TESOV110(1.0),2024-04-26 23:00:00,Annual,Percentage,18 years or over
Ireland,2021,Females,3.4,Employed persons,,,ESTAT:TESOV110(1.0),2024-04-26 23:00:00,Annual,Percentage,18 years or over
Ireland,2022,Females,4.8,Employed persons,,,ESTAT:TESOV110(1.0),2024-04-26 23:00:00,Annual,Percentage,18 years or over
Ireland,2023,Females,4.4,Employed persons,,,ESTAT:TESOV110(1.0),2024-04-26 23:00:00,Annual,Percentage,18 years or over
Ireland,2024,Females,4.5,Employed persons,,,ESTAT:TESOV110(1.0),2024-04-26 23:00:00,Annual,Percentage,18 years or over
Ireland,2025,Females,5.2,Employed persons,,,ESTAT:TESOV110(1.0),2024-04-26 23:00:00,Annual,Percentage,18 years or over
Iceland,2005,Females,7.3,Employed persons,,,ESTAT:TESOV110(1.0),2024-04-26 23:00:00,Annual,Percentage,18 years or over
Iceland,2006,Females,6.2,Employed persons,,,ESTAT:TESOV110(1.0),2024-04-26 23:00:00,Annual,Percentage,18 years or over
Iceland,2007,Females,7.1,Employed persons,,,ESTAT:TESOV110(1.0),2024-04-26 23:00:00,Annual,Percentage,18 years or over
Iceland,2008,Females,6.4,Employed persons,,,ESTAT:TESOV110(1.0),2024-04-26 23:00:00,Annual,Percentage,18 years or over
Iceland,2009,Females,8.0,Employed persons,,,ESTAT:TESOV110(1.0),2024-04-26 23:00:00,Annual,Percentage,18 years or over
Iceland,2010,Females,6.5,Employed persons,,,ESTAT:TESOV110(1.0),2024-04-26 23:00:00,Annual,Percentage,18 years or over
Iceland,2011,Females,6.5,Employed persons,,,ESTAT:TESOV110(1.0),2024-04-26 23:00:00,Annual,Percentage,18 years or over
Iceland,2012,Females,5.0,Employed persons,,,ESTAT:TESOV110(1.0),2024-04-26 23:00:00,Annual,Percentage,18 years or over
Iceland,2013,Females,6.1,Employed persons,,,ESTAT:TESOV110(1.0),2024-04-26 23:00:00,Annual,Percentage,18 years or over
Iceland,2014,Females,4.4,Employed persons,,,ESTAT:TESOV110(1.0),2024-04-26 23:00:00,Annual,Percentage,18 years or over
Iceland,2015,Females,6.3,Employed persons,,,ESTAT:TESOV110(1.0),2024-04-26 23:00:00,Annual,Percentage,18 years or over
Iceland,2016,Females,6.0,Employed persons,,,ESTAT:TESOV110(1.0),2024-04-26 23:00:00,Annual,Percentage,18 years or over
Iceland,2017,Females,7.2,Employed persons,,,ESTAT:TESOV110(1.0),2024-04-26 23:00:00,Annual,Percentage,18 years or over
Iceland,2018,Females,6.6,Employed persons,,,ESTAT:TESOV110(1.0),2024-04-26 23:00:00,Annual,Percentage,18 years or over
Iceland,2019,Females,6.0,Employed persons,,,ESTAT:TESOV110(1.0),2024-04-26 23:00:00,Annual,Percentage,18 years or over
Iceland,2020,Females,6.0,Employed persons,,,ESTAT:TESOV110(1.0),2024-04-26 23:00:00,Annual,Percentage,18 years or over
Italy,2005,Females,6.2,Employed persons,,,ESTAT:TESOV110(1.0),2024-04-26 23:00:00,Annual,Percentage,18 years or over
Italy,2006,Females,6.3,Employed persons,,,ESTAT:TESOV110(1.0),2024-04-26 23:00:00,Annual,Percentage,18 years or over
Italy,2007,Females,6.9,Employed persons,,,ESTAT:TESOV110(1.0),2024-04-26 23:00:00,Annual,Percentage,18 years or over
Italy,2008,Females,6.6,Employed persons,,,ESTAT:TESOV110(1.0),2024-04-26 23:00:00,Annual,Percentage,18 years or over
Italy,2009,Females,8.3,Employed persons,,,ESTAT:TESOV110(1.0),2024-04-26 23:00:00,Annual,Percentage,18 years or over
Italy,2010,Females,7.4,Employed persons,,,ESTAT:TESOV110(1.0),2024-04-26 23:00:00,Annual,Percentage,18 years or over
Italy,2011,Females,9.5,Employed persons,,,ESTAT:TESOV110(1.0),2024-04-26 23:00:00,Annual,Percentage,18 years or over
Italy,2012,Females,9.5,Employed persons,,,ESTAT:TESOV110(1.0),2024-04-26 23:00:00,Annual,Percentage,18 years or over
Italy,2013,Females,9.9,Employed persons,,,ESTAT:TESOV110(1.0),2024-04-26 23:00:00,Annual,Percentage,18 years or over
Italy,2014,Females,10.1,Employed persons,,,ESTAT:TESOV110(1.0),2024-04-26 23:00:00,Annual,Percentage,18 years or over
Italy,2015,Females,9.5,Employed persons,,,ESTAT:TESOV110(1.0),2024-04-26 23:00:00,Annual,Percentage,18 years or over
Italy,2016,Females,9.5,Employed persons,,,ESTAT:TESOV110(1.0),2024-04-26 23:00:00,Annual,Percentage,18 years or over
Italy,2017,Females,10.6,Employed persons,,,ESTAT:TESOV110(1.0),2024-04-26 23:00:00,Annual,Percentage,18 years or over
Italy,2018,Females,10.8,Employed persons,,,ESTAT:TESOV110(1.0),2024-04-26 23:00:00,Annual,Percentage,18 years or over
Italy,2019,Females,10.1,Employed persons,,,ESTAT:TESOV110(1.0),2024-04-26 23:00:00,Annual,Percentage,18 years or over
Italy,2020,Females,8.5,Employed persons,,,ESTAT:TESOV110(1.0),2024-04-26 23:00:00,Annual,Percentage,18 years or over
Italy,2021,Females,8.4,Employed persons,,,ESTAT:TESOV110(1.0),2024-04-26 23:00:00,Annual,Percentage,18 years or over
Italy,2022,Females,9.2,Employed persons,,,ESTAT:TESOV110(1.0),2024-04-26 23:00:00,Annual,Percentage,18 years or over
Italy,2023,Females,7.8,Employed persons,,,ESTAT:TESOV110(1.0),2024-04-26 23:00:00,Annual,Percentage,18 years or over
Italy,2024,Females,8.3,Employed persons,,,ESTAT:TESOV110(1.0),2024-04-26 23:00:00,Annual,Percentage,18 years or over
Italy,2025,Females,8.3,Employed persons,,,ESTAT:TESOV110(1.0),2024-04-26 23:00:00,Annual,Percentage,18 years or over
Lithuania,2005,Females,9.7,Employed persons,,,ESTAT:TESOV110(1.0),2024-04-26 23:00:00,Annual,Percentage,18 years or over
Lithuania,2006,Females,9.0,Employed persons,,,ESTAT:TESOV110(1.0),2024-04-26 23:00:00,Annual,Percentage,18 years or over
Lithuania,2007,Females,8.4,Employed persons,,,ESTAT:TESOV110(1.0),2024-04-26 23:00:00,Annual,Percentage,18 years or over
Lithuania,2008,Females,9.6,Employed persons,,,ESTAT:TESOV110(1.0),2024-04-26 23:00:00,Annual,Percentage,18 years or over
Lithuania,2009,Females,11.3,Employed persons,,,ESTAT:TESOV110(1.0),2024-04-26 23:00:00,Annual,Percentage,18 years or over
Lithuania,2010,Females,14.3,Employed persons,,,ESTAT:TESOV110(1.0),2024-04-26 23:00:00,Annual,Percentage,18 years or over
Lithuania,2011,Females,9.7,Employed persons,,,ESTAT:TESOV110(1.0),2024-04-26 23:00:00,Annual,Percentage,18 years or over
Lithuania,2012,Females,8.3,Employed persons,,,ESTAT:TESOV110(1.0),2024-04-26 23:00:00,Annual,Percentage,18 years or over
Lithuania,2013,Females,10.4,Employed persons,,,ESTAT:TESOV110(1.0),2024-04-26 23:00:00,Annual,Percentage,18 years or over
Lithuania,2014,Females,8.1,Employed persons,,,ESTAT:TESOV110(1.0),2024-04-26 23:00:00,Annual,Percentage,18 years or over
Lithuania,2015,Females,8.4,Employed persons,,,ESTAT:TESOV110(1.0),2024-04-26 23:00:00,Annual,Percentage,18 years or over
Lithuania,2016,Females,7.7,Employed persons,,,ESTAT:TESOV110(1.0),2024-04-26 23:00:00,Annual,Percentage,18 years or over
Lithuania,2017,Females,7.7,Employed persons,,,ESTAT:TESOV110(1.0),2024-04-26 23:00:00,Annual,Percentage,18 years or over
Lithuania,2018,Females,7.9,Employed persons,,,ESTAT:TESOV110(1.0),2024-04-26 23:00:00,Annual,Percentage,18 years or over
Lithuania,2019,Females,7.5,Employed persons,,,ESTAT:TESOV110(1.0),2024-04-26 23:00:00,Annual,Percentage,18 years or over
Lithuania,2020,Females,7.8,Employed persons,,,ESTAT:TESOV110(1.0),2024-04-26 23:00:00,Annual,Percentage,18 years or over
Lithuania,2021,Females,7.6,Employed persons,,,ESTAT:TESOV110(1.0),2024-04-26 23:00:00,Annual,Percentage,18 years or over
Lithuania,2022,Females,7.7,Employed persons,,,ESTAT:TESOV110(1.0),2024-04-26 23:00:00,Annual,Percentage,18 years or over
Lithuania,2023,Females,7.2,Employed persons,,,ESTAT:TESOV110(1.0),2024-04-26 23:00:00,Annual,Percentage,18 years or over
Lithuania,2024,Females,7.3,Employed persons,p,,ESTAT:TESOV110(1.0),2024-04-26 23:00:00,Annual,Percentage,18 years or over
Lithuania,2025,Females,7.2,Employed persons,p,,ESTAT:TESOV110(1.0),2024-04-26 23:00:00,Annual,Percentage,18 years or over
Luxembourg,2005,Females,9.8,Employed persons,,,ESTAT:TESOV110(1.0),2024-04-26 23:00:00,Annual,Percentage,18 years or over
Luxembourg,2006,Females,10.3,Employed persons,,,ESTAT:TESOV110(1.0),2024-04-26 23:00:00,Annual,Percentage,18 years or over
Luxembourg,2007,Females,9.1,Employed persons,,,ESTAT:TESOV110(1.0),2024-04-26 23:00:00,Annual,Percentage,18 years or over
Luxembourg,2008,Females,9.6,Employed persons,,,ESTAT:TESOV110(1.0),2024-04-26 23:00:00,Annual,Percentage,18 years or over
Luxembourg,2009,Females,9.5,Employed persons,,,ESTAT:TESOV110(1.0),2024-04-26 23:00:00,Annual,Percentage,18 years or over
Luxembourg,2010,Females,10.4,Employed persons,,,ESTAT:TESOV110(1.0),2024-04-26 23:00:00,Annual,Percentage,18 years or over
Luxembourg,2011,Females,10.6,Employed persons,,,ESTAT:TESOV110(1.0),2024-04-26 23:00:00,Annual,Percentage,18 years or over
Luxembourg,2012,Females,9.9,Employed persons,,,ESTAT:TESOV110(1.0),2024-04-26 23:00:00,Annual,Percentage,18 years or over
Luxembourg,2013,Females,10.8,Employed persons,,,ESTAT:TESOV110(1.0),2024-04-26 23:00:00,Annual,Percentage,18 years or over
Luxembourg,2014,Females,10.3,Employed persons,,,ESTAT:TESOV110(1.0),2024-04-26 23:00:00,Annual,Percentage,18 years or over
Luxembourg,2015,Females,11.4,Employed persons,,,ESTAT:TESOV110(1.0),2024-04-26 23:00:00,Annual,Percentage,18 years or over
Luxembourg,2016,Females,11.5,Employed persons,b,,ESTAT:TESOV110(1.0),2024-04-26 23:00:00,Annual,Percentage,18 years or over
Luxembourg,2017,Females,10.2,Employed persons,,,ESTAT:TESOV110(1.0),2024-04-26 23:00:00,Annual,Percentage,18 years or over
Luxembourg,2018,Females,12.4,Employed persons,,,ESTAT:TESOV110(1.0),2024-04-26 23:00:00,Annual,Percentage,18 years or over
Luxembourg,2019,Females,12.0,Employed persons,,,ESTAT:TESOV110(1.0),2024-04-26 23:00:00,Annual,Percentage,18 years or over
Luxembourg,2020,Females,11.4,Employed persons,b,,ESTAT:TESOV110(1.0),2024-04-26 23:00:00,Annual,Percentage,18 years or over
Luxembourg,2021,Females,14.2,Employed persons,b,,ESTAT:TESOV110(1.0),2024-04-26 23:00:00,Annual,Percentage,18 years or over
Luxembourg,2022,Females,13.4,Employed persons,b,,ESTAT:TESOV110(1.0),2024-04-26 23:00:00,Annual,Percentage,18 years or over
Luxembourg,2023,Females,15.7,Employed persons,,,ESTAT:TESOV110(1.0),2024-04-26 23:00:00,Annual,Percentage,18 years or over
Luxembourg,2024,Females,14.6,Employed persons,,,ESTAT:TESOV110(1.0),2024-04-26 23:00:00,Annual,Percentage,18 years or over
Latvia,2005,Females,9.2,Employed persons,,,ESTAT:TESOV110(1.0),2024-04-26 23:00:00,Annual,Percentage,18 years or over
Latvia,2006,Females,12.4,Employed persons,,,ESTAT:TESOV110(1.0),2024-04-26 23:00:00,Annual,Percentage,18 years or over
Latvia,2007,Females,9.6,Employed persons,,,ESTAT:TESOV110(1.0),2024-04-26 23:00:00,Annual,Percentage,18 years or over
Latvia,2008,Females,10.7,Employed persons,,,ESTAT:TESOV110(1.0),2024-04-26 23:00:00,Annual,Percentage,18 years or over
Latvia,2009,Females,10.7,Employed persons,,,ESTAT:TESOV110(1.0),2024-04-26 23:00:00,Annual,Percentage,18 years or over
Latvia,2010,Females,9.6,Employed persons,,,ESTAT:TESOV110(1.0),2024-04-26 23:00:00,Annual,Percentage,18 years or over
Latvia,2011,Females,10.3,Employed persons,,,ESTAT:TESOV110(1.0),2024-04-26 23:00:00,Annual,Percentage,18 years or over
Latvia,2012,Females,9.2,Employed persons,,,ESTAT:TESOV110(1.0),2024-04-26 23:00:00,Annual,Percentage,18 years or over
Latvia,2013,Females,10.0,Employed persons,,,ESTAT:TESOV110(1.0),2024-04-26 23:00:00,Annual,Percentage,18 years or over
Latvia,2014,Females,8.8,Employed persons,,,ESTAT:TESOV110(1.0),2024-04-26 23:00:00,Annual,Percentage,18 years or over
Latvia,2015,Females,9.5,Employed persons,,,ESTAT:TESOV110(1.0),2024-04-26 23:00:00,Annual,Percentage,18 years or over
Latvia,2016,Females,8.2,Employed persons,,,ESTAT:TESOV110(1.0),2024-04-26 23:00:00,Annual,Percentage,18 years or over
Latvia,2017,Females,9.4,Employed persons,,,ESTAT:TESOV110(1.0),2024-04-26 23:00:00,Annual,Percentage,18 years or over
Latvia,2018,Females,8.5,Employed persons,,,ESTAT:TESOV110(1.0),2024-04-26 23:00:00,Annual,Percentage,18 years or over
Latvia,2019,Females,8.8,Employed persons,,,ESTAT:TESOV110(1.0),2024-04-26 23:00:00,Annual,Percentage,18 years or over
Latvia,2020,Females,8.8,Employed persons,,,ESTAT:TESOV110(1.0),2024-04-26 23:00:00,Annual,Percentage,18 years or over
Latvia,2021,Females,11.3,Employed persons,,,ESTAT:TESOV110(1.0),2024-04-26 23:00:00,Annual,Percentage,18 years or over
Latvia,2022,Females,10.1,Employed persons,,,ESTAT:TESOV110(1.0),2024-04-26 23:00:00,Annual,Percentage,18 years or over
Latvia,2023,Females,10.1,Employed persons,,,ESTAT:TESOV110(1.0),2024-04-26 23:00:00,Annual,Percentage,18 years or over
Latvia,2024,Females,8.8,Employed persons,,,ESTAT:TESOV110(1.0),2024-04-26 23:00:00,Annual,Percentage,18 years or over
Latvia,2025,Females,9.9,Employed persons,,,ESTAT:TESOV110(1.0),2024-04-26 23:00:00,Annual,Percentage,18 years or over
Montenegro,2013,Females,4.3,Employed persons,,,ESTAT:TESOV110(1.0),2024-04-26 23:00:00,Annual,Percentage,18 years or over
Montenegro,2014,Females,5.7,Employed persons,,,ESTAT:TESOV110(1.0),2024-04-26 23:00:00,Annual,Percentage,18 years or over
Montenegro,2015,Females,5.2,Employed persons,,,ESTAT:TESOV110(1.0),2024-04-26 23:00:00,Annual,Percentage,18 years or over
Montenegro,2016,Females,4.7,Employed persons,,,ESTAT:TESOV110(1.0),2024-04-26 23:00:00,Annual,Percentage,18 years or over
Montenegro,2017,Females,5.9,Employed persons,,,ESTAT:TESOV110(1.0),2024-04-26 23:00:00,Annual,Percentage,18 years or over
Montenegro,2018,Females,4.7,Employed persons,,,ESTAT:TESOV110(1.0),2024-04-26 23:00:00,Annual,Percentage,18 years or over
Montenegro,2019,Females,5.4,Employed persons,,,ESTAT:TESOV110(1.0),2024-04-26 23:00:00,Annual,Percentage,18 years or over
Montenegro,2020,Females,6.8,Employed persons,,,ESTAT:TESOV110(1.0),2024-04-26 23:00:00,Annual,Percentage,18 years or over
Montenegro,2021,Females,4.1,Employed persons,,,ESTAT:TESOV110(1.0),2024-04-26 23:00:00,Annual,Percentage,18 years or over
Montenegro,2022,Females,4.0,Employed persons,,,ESTAT:TESOV110(1.0),2024-04-26 23:00:00,Annual,Percentage,18 years or over
Montenegro,2023,Females,4.7,Employed persons,,,ESTAT:TESOV110(1.0),2024-04-26 23:00:00,Annual,Percentage,18 years or over
North Macedonia,2011,Females,8.5,Employed persons,,,ESTAT:TESOV110(1.0),2024-04-26 23:00:00,Annual,Percentage,18 years or over
North Macedonia,2012,Females,9.8,Employed persons,,,ESTAT:TESOV110(1.0),2024-04-26 23:00:00,Annual,Percentage,18 years or over
North Macedonia,2013,Females,10.0,Employed persons,,,ESTAT:TESOV110(1.0),2024-04-26 23:00:00,Annual,Percentage,18 years or over
North Macedonia,2014,Females,7.8,Employed persons,,,ESTAT:TESOV110(1.0),2024-04-26 23:00:00,Annual,Percentage,18 years or over
North Macedonia,2015,Females,6.8,Employed persons,,,ESTAT:TESOV110(1.0),2024-04-26 23:00:00,Annual,Percentage,18 years or over
North Macedonia,2016,Females,6.5,Employed persons,,,ESTAT:TESOV110(1.0),2024-04-26 23:00:00,Annual,Percentage,18 years or over
North Macedonia,2017,Females,6.2,Employed persons,,,ESTAT:TESOV110(1.0),2024-04-26 23:00:00,Annual,Percentage,18 years or over
North Macedonia,2018,Females,6.0,Employed persons,,,ESTAT:TESOV110(1.0),2024-04-26 23:00:00,Annual,Percentage,18 years or over
North Macedonia,2019,Females,5.2,Employed persons,,,ESTAT:TESOV110(1.0),2024-04-26 23:00:00,Annual,Percentage,18 years or over
North Macedonia,2020,Females,4.5,Employed persons,,,ESTAT:TESOV110(1.0),2024-04-26 23:00:00,Annual,Percentage,18 years or over
North Macedonia,2021,Females,4.8,Employed persons,b,,ESTAT:TESOV110(1.0),2024-04-26 23:00:00,Annual,Percentage,18 years or over
North Macedonia,2022,Females,4.2,Employed persons,,,ESTAT:TESOV110(1.0),2024-04-26 23:00:00,Annual,Percentage,18 years or over
North Macedonia,2023,Females,3.6,Employed persons,,,ESTAT:TESOV110(1.0),2024-04-26 23:00:00,Annual,Percentage,18 years or over
North Macedonia,2024,Females,3.2,Employed persons,,,ESTAT:TESOV110(1.0),2024-04-26 23:00:00,Annual,Percentage,18 years or over
Malta,2005,Females,2.4,Employed persons,,,ESTAT:TESOV110(1.0),2024-04-26 23:00:00,Annual,Percentage,18 years or over
Malta,2006,Females,2.0,Employed persons,,,ESTAT:TESOV110(1.0),2024-04-26 23:00:00,Annual,Percentage,18 years or over
Malta,2007,Females,2.5,Employed persons,,,ESTAT:TESOV110(1.0),2024-04-26 23:00:00,Annual,Percentage,18 years or over
Malta,2008,Females,2.5,Employed persons,,,ESTAT:TESOV110(1.0),2024-04-26 23:00:00,Annual,Percentage,18 years or over
Malta,2009,Females,2.6,Employed persons,,,ESTAT:TESOV110(1.0),2024-04-26 23:00:00,Annual,Percentage,18 years or over
Malta,2010,Females,3.7,Employed persons,,,ESTAT:TESOV110(1.0),2024-04-26 23:00:00,Annual,Percentage,18 years or over
Malta,2011,Females,3.6,Employed persons,,,ESTAT:TESOV110(1.0),2024-04-26 23:00:00,Annual,Percentage,18 years or over
Malta,2012,Females,3.0,Employed persons,,,ESTAT:TESOV110(1.0),2024-04-26 23:00:00,Annual,Percentage,18 years or over
Malta,2013,Females,2.5,Employed persons,,,ESTAT:TESOV110(1.0),2024-04-26 23:00:00,Annual,Percentage,18 years or over
Malta,2014,Females,3.3,Employed persons,,,ESTAT:TESOV110(1.0),2024-04-26 23:00:00,Annual,Percentage,18 years or over
Malta,2015,Females,3.5,Employed persons,,,ESTAT:TESOV110(1.0),2024-04-26 23:00:00,Annual,Percentage,18 years or over
Malta,2016,Females,3.1,Employed persons,,,ESTAT:TESOV110(1.0),2024-04-26 23:00:00,Annual,Percentage,18 years or over
Malta,2017,Females,3.3,Employed persons,,,ESTAT:TESOV110(1.0),2024-04-26 23:00:00,Annual,Percentage,18 years or over
Malta,2018,Females,4.5,Employed persons,,,ESTAT:TESOV110(1.0),2024-04-26 23:00:00,Annual,Percentage,18 years or over
Malta,2019,Females,4.6,Employed persons,,,ESTAT:TESOV110(1.0),2024-04-26 23:00:00,Annual,Percentage,18 years or over
Malta,2020,Females,5.3,Employed persons,,,ESTAT:TESOV110(1.0),2024-04-26 23:00:00,Annual,Percentage,18 years or over
Malta,2021,Females,5.0,Employed persons,,,ESTAT:TESOV110(1.0),2024-04-26 23:00:00,Annual,Percentage,18 years or over
Malta,2022,Females,4.0,Employed persons,,,ESTAT:TESOV110(1.0),2024-04-26 23:00:00,Annual,Percentage,18 years or over
Malta,2023,Females,5.3,Employed persons,b,,ESTAT:TESOV110(1.0),2024-04-26 23:00:00,Annual,Percentage,18 years or over
Malta,2024,Females,6.5,Employed persons,,,ESTAT:TESOV110(1.0),2024-04-26 23:00:00,Annual,Percentage,18 years or over
Netherlands,2005,Females,5.4,Employed persons,,,ESTAT:TESOV110(1.0),2024-04-26 23:00:00,Annual,Percentage,18 years or over
Netherlands,2006,Females,4.2,Employed persons,,,ESTAT:TESOV110(1.0),2024-04-26 23:00:00,Annual,Percentage,18 years or over
Netherlands,2007,Females,4.6,Employed persons,,,ESTAT:TESOV110(1.0),2024-04-26 23:00:00,Annual,Percentage,18 years or over
Netherlands,2008,Females,4.7,Employed persons,,,ESTAT:TESOV110(1.0),2024-04-26 23:00:00,Annual,Percentage,18 years or over
Netherlands,2009,Females,5.1,Employed persons,,,ESTAT:TESOV110(1.0),2024-04-26 23:00:00,Annual,Percentage,18 years or over
Netherlands,2010,Females,4.6,Employed persons,,,ESTAT:TESOV110(1.0),2024-04-26 23:00:00,Annual,Percentage,18 years or over
Netherlands,2011,Females,5.0,Employed persons,,,ESTAT:TESOV110(1.0),2024-04-26 23:00:00,Annual,Percentage,18 years or over
Netherlands,2012,Females,4.3,Employed persons,,,ESTAT:TESOV110(1.0),2024-04-26 23:00:00,Annual,Percentage,18 years or over
Netherlands,2013,Females,3.8,Employed persons,,,ESTAT:TESOV110(1.0),2024-04-26 23:00:00,Annual,Percentage,18 years or over
Netherlands,2014,Females,4.6,Employed persons,,,ESTAT:TESOV110(1.0),2024-04-26 23:00:00,Annual,Percentage,18 years or over
Netherlands,2015,Females,4.6,Employed persons,,,ESTAT:TESOV110(1.0),2024-04-26 23:00:00,Annual,Percentage,18 years or over
Netherlands,2016,Females,5.0,Employed persons,b,,ESTAT:TESOV110(1.0),2024-04-26 23:00:00,Annual,Percentage,18 years or over
Netherlands,2017,Females,6.7,Employed persons,,,ESTAT:TESOV110(1.0),2024-04-26 23:00:00,Annual,Percentage,18 years or over
Netherlands,2018,Females,6.1,Employed persons,,,ESTAT:TESOV110(1.0),2024-04-26 23:00:00,Annual,Percentage,18 years or over
Netherlands,2019,Females,5.2,Employed persons,,,ESTAT:TESOV110(1.0),2024-04-26 23:00:00,Annual,Percentage,18 years or over
Netherlands,2020,Females,5.4,Employed persons,,,ESTAT:TESOV110(1.0),2024-04-26 23:00:00,Annual,Percentage,18 years or over
Netherlands,2021,Females,4.9,Employed persons,,,ESTAT:TESOV110(1.0),2024-04-26 23:00:00,Annual,Percentage,18 years or over
Netherlands,2022,Females,4.4,Employed persons,,,ESTAT:TESOV110(1.0),2024-04-26 23:00:00,Annual,Percentage,18 years or over
Netherlands,2023,Females,4.9,Employed persons,,,ESTAT:TESOV110(1.0),2024-04-26 23:00:00,Annual,Percentage,18 years or over
Netherlands,2024,Females,4.4,Employed persons,,,ESTAT:TESOV110(1.0),2024-04-26 23:00:00,Annual,Percentage,18 years or over
Netherlands,2025,Females,5.0,Employed persons,,,ESTAT:TESOV110(1.0),2024-04-26 23:00:00,Annual,Percentage,18 years or over
Norway,2005,Females,4.0,Employed persons,,,ESTAT:TESOV110(1.0),2024-04-26 23:00:00,Annual,Percentage,18 years or over
Norway,2006,Females,5.8,Employed persons,,,ESTAT:TESOV110(1.0),2024-04-26 23:00:00,Annual,Percentage,18 years or over
Norway,2007,Females,6.0,Employed persons,,,ESTAT:TESOV110(1.0),2024-04-26 23:00:00,Annual,Percentage,18 years or over
Norway,2008,Females,4.7,Employed persons,,,ESTAT:TESOV110(1.0),2024-04-26 23:00:00,Annual,Percentage,18 years or over
Norway,2009,Females,5.7,Employed persons,,,ESTAT:TESOV110(1.0),2024-04-26 23:00:00,Annual,Percentage,18 years or over
Norway,2010,Females,5.1,Employed persons,,,ESTAT:TESOV110(1.0),2024-04-26 23:00:00,Annual,Percentage,18 years or over
Norway,2011,Females,4.9,Employed persons,,,ESTAT:TESOV110(1.0),2024-04-26 23:00:00,Annual,Percentage,18 years or over
Norway,2012,Females,4.6,Employed persons,,,ESTAT:TESOV110(1.0),2024-04-26 23:00:00,Annual,Percentage,18 years or over
Norway,2013,Females,5.3,Employed persons,,,ESTAT:TESOV110(1.0),2024-04-26 23:00:00,Annual,Percentage,18 years or over
Norway,2014,Females,5.1,Employed persons,,,ESTAT:TESOV110(1.0),2024-04-26 23:00:00,Annual,Percentage,18 years or over
Norway,2015,Females,5.9,Employed persons,,,ESTAT:TESOV110(1.0),2024-04-26 23:00:00,Annual,Percentage,18 years or over
Norway,2016,Females,6.4,Employed persons,,,ESTAT:TESOV110(1.0),2024-04-26 23:00:00,Annual,Percentage,18 years or over
Norway,2017,Females,5.9,Employed persons,,,ESTAT:TESOV110(1.0),2024-04-26 23:00:00,Annual,Percentage,18 years or over
Norway,2018,Females,6.3,Employed persons,,,ESTAT:TESOV110(1.0),2024-04-26 23:00:00,Annual,Percentage,18 years or over
Norway,2019,Females,6.6,Employed persons,,,ESTAT:TESOV110(1.0),2024-04-26 23:00:00,Annual,Percentage,18 years or over
Norway,2020,Females,6.1,Employed persons,,,ESTAT:TESOV110(1.0),2024-04-26 23:00:00,Annual,Percentage,18 years or over
Norway,2021,Females,5.9,Employed persons,b,,ESTAT:TESOV110(1.0),2024-04-26 23:00:00,Annual,Percentage,18 years or over
Norway,2022,Females,5.3,Employed persons,,,ESTAT:TESOV110(1.0),2024-04-26 23:00:00,Annual,Percentage,18 years or over
Norway,2023,Females,5.4,Employed persons,b,,ESTAT:TESOV110(1.0),2024-04-26 23:00:00,Annual,Percentage,18 years or over
Norway,2024,Females,5.4,Employed persons,,,ESTAT:TESOV110(1.0),2024-04-26 23:00:00,Annual,Percentage,18 years or over
Norway,2025,Females,5.9,Employed persons,,,ESTAT:TESOV110(1.0),2024-04-26 23:00:00,Annual,Percentage,18 years or over
Poland,2005,Females,12.3,Employed persons,,,ESTAT:TESOV110(1.0),2024-04-26 23:00:00,Annual,Percentage,18 years or over
Poland,2006,Females,11.4,Employed persons,,,ESTAT:TESOV110(1.0),2024-04-26 23:00:00,Annual,Percentage,18 years or over
Poland,2007,Females,10.5,Employed persons,,,ESTAT:TESOV110(1.0),2024-04-26 23:00:00,Annual,Percentage,18 years or over
Poland,2008,Females,10.4,Employed persons,,,ESTAT:TESOV110(1.0),2024-04-26 23:00:00,Annual,Percentage,18 years or over
Poland,2009,Females,9.8,Employed persons,,,ESTAT:TESOV110(1.0),2024-04-26 23:00:00,Annual,Percentage,18 years or over
Poland,2010,Females,10.6,Employed persons,,,ESTAT:TESOV110(1.0),2024-04-26 23:00:00,Annual,Percentage,18 years or over
Poland,2011,Females,9.7,Employed persons,,,ESTAT:TESOV110(1.0),2024-04-26 23:00:00,Annual,Percentage,18 years or over
Poland,2012,Females,8.7,Employed persons,,,ESTAT:TESOV110(1.0),2024-04-26 23:00:00,Annual,Percentage,18 years or over
Poland,2013,Females,9.4,Employed persons,,,ESTAT:TESOV110(1.0),2024-04-26 23:00:00,Annual,Percentage,18 years or over
Poland,2014,Females,9.3,Employed persons,,,ESTAT:TESOV110(1.0),2024-04-26 23:00:00,Annual,Percentage,18 years or over
Poland,2015,Females,9.8,Employed persons,,,ESTAT:TESOV110(1.0),2024-04-26 23:00:00,Annual,Percentage,18 years or over
Poland,2016,Females,9.5,Employed persons,,,ESTAT:TESOV110(1.0),2024-04-26 23:00:00,Annual,Percentage,18 years or over
Poland,2017,Females,9.1,Employed persons,,,ESTAT:TESOV110(1.0),2024-04-26 23:00:00,Annual,Percentage,18 years or over
Poland,2018,Females,8.2,Employed persons,,,ESTAT:TESOV110(1.0),2024-04-26 23:00:00,Annual,Percentage,18 years or over
Poland,2019,Females,8.7,Employed persons,,,ESTAT:TESOV110(1.0),2024-04-26 23:00:00,Annual,Percentage,18 years or over
Poland,2020,Females,8.3,Employed persons,,,ESTAT:TESOV110(1.0),2024-04-26 23:00:00,Annual,Percentage,18 years or over
Poland,2021,Females,7.5,Employed persons,,,ESTAT:TESOV110(1.0),2024-04-26 23:00:00,Annual,Percentage,18 years or over
Poland,2022,Females,7.6,Employed persons,,,ESTAT:TESOV110(1.0),2024-04-26 23:00:00,Annual,Percentage,18 years or over
Poland,2023,Females,8.1,Employed persons,,,ESTAT:TESOV110(1.0),2024-04-26 23:00:00,Annual,Percentage,18 years or over
Poland,2024,Females,8.1,Employed persons,,,ESTAT:TESOV110(1.0),2024-04-26 23:00:00,Annual,Percentage,18 years or over
Poland,2025,Females,6.8,Employed persons,,,ESTAT:TESOV110(1.0),2024-04-26 23:00:00,Annual,Percentage,18 years or over
Portugal,2005,Females,10.9,Employed persons,,,ESTAT:TESOV110(1.0),2024-04-26 23:00:00,Annual,Percentage,18 years or over
Portugal,2006,Females,10.6,Employed persons,,,ESTAT:TESOV110(1.0),2024-04-26 23:00:00,Annual,Percentage,18 years or over
Portugal,2007,Females,9.1,Employed persons,,,ESTAT:TESOV110(1.0),2024-04-26 23:00:00,Annual,Percentage,18 years or over
Portugal,2008,Females,11.3,Employed persons,,,ESTAT:TESOV110(1.0),2024-04-26 23:00:00,Annual,Percentage,18 years or over
Portugal,2009,Females,9.6,Employed persons,,,ESTAT:TESOV110(1.0),2024-04-26 23:00:00,Annual,Percentage,18 years or over
Portugal,2010,Females,9.3,Employed persons,,,ESTAT:TESOV110(1.0),2024-04-26 23:00:00,Annual,Percentage,18 years or over
Portugal,2011,Females,9.9,Employed persons,,,ESTAT:TESOV110(1.0),2024-04-26 23:00:00,Annual,Percentage,18 years or over
Portugal,2012,Females,8.5,Employed persons,,,ESTAT:TESOV110(1.0),2024-04-26 23:00:00,Annual,Percentage,18 years or over
Portugal,2013,Females,9.2,Employed persons,,,ESTAT:TESOV110(1.0),2024-04-26 23:00:00,Annual,Percentage,18 years or over
Portugal,2014,Females,9.9,Employed persons,,,ESTAT:TESOV110(1.0),2024-04-26 23:00:00,Annual,Percentage,18 years or over
Portugal,2015,Females,10.2,Employed persons,,,ESTAT:TESOV110(1.0),2024-04-26 23:00:00,Annual,Percentage,18 years or over
Portugal,2016,Females,10.5,Employed persons,,,ESTAT:TESOV110(1.0),2024-04-26 23:00:00,Annual,Percentage,18 years or over
Portugal,2017,Females,10.4,Employed persons,,,ESTAT:TESOV110(1.0),2024-04-26 23:00:00,Annual,Percentage,18 years or over
Portugal,2018,Females,9.0,Employed persons,,,ESTAT:TESOV110(1.0),2024-04-26 23:00:00,Annual,Percentage,18 years or over
Portugal,2019,Females,10.6,Employed persons,,,ESTAT:TESOV110(1.0),2024-04-26 23:00:00,Annual,Percentage,18 years or over
Portugal,2020,Females,8.5,Employed persons,,,ESTAT:TESOV110(1.0),2024-04-26 23:00:00,Annual,Percentage,18 years or over
Portugal,2021,Females,10.3,Employed persons,,,ESTAT:TESOV110(1.0),2024-04-26 23:00:00,Annual,Percentage,18 years or over
Portugal,2022,Females,9.0,Employed persons,,,ESTAT:TESOV110(1.0),2024-04-26 23:00:00,Annual,Percentage,18 years or over
Portugal,2023,Females,9.2,Employed persons,,,ESTAT:TESOV110(1.0),2024-04-26 23:00:00,Annual,Percentage,18 years or over
Portugal,2024,Females,8.3,Employed persons,,,ESTAT:TESOV110(1.0),2024-04-26 23:00:00,Annual,Percentage,18 years or over
Portugal,2025,Females,8.2,Employed persons,,,ESTAT:TESOV110(1.0),2024-04-26 23:00:00,Annual,Percentage,18 years or over
Romania,2007,Females,15.3,Employed persons,,,ESTAT:TESOV110(1.0),2024-04-26 23:00:00,Annual,Percentage,18 years or over
Romania,2008,Females,15.4,Employed persons,,,ESTAT:TESOV110(1.0),2024-04-26 23:00:00,Annual,Percentage,18 years or over
Romania,2009,Females,14.8,Employed persons,,,ESTAT:TESOV110(1.0),2024-04-26 23:00:00,Annual,Percentage,18 years or over
Romania,2010,Females,15.3,Employed persons,,,ESTAT:TESOV110(1.0),2024-04-26 23:00:00,Annual,Percentage,18 years or over
Romania,2011,Females,16.1,Employed persons,,,ESTAT:TESOV110(1.0),2024-04-26 23:00:00,Annual,Percentage,18 years or over
Romania,2012,Females,15.8,Employed persons,,,ESTAT:TESOV110(1.0),2024-04-26 23:00:00,Annual,Percentage,18 years or over
Romania,2013,Females,14.9,Employed persons,,,ESTAT:TESOV110(1.0),2024-04-26 23:00:00,Annual,Percentage,18 years or over
Romania,2014,Females,16.1,Employed persons,,,ESTAT:TESOV110(1.0),2024-04-26 23:00:00,Annual,Percentage,18 years or over
Romania,2015,Females,15.7,Employed persons,,,ESTAT:TESOV110(1.0),2024-04-26 23:00:00,Annual,Percentage,18 years or over
Romania,2016,Females,15.2,Employed persons,,,ESTAT:TESOV110(1.0),2024-04-26 23:00:00,Annual,Percentage,18 years or over
Romania,2017,Females,13.6,Employed persons,,,ESTAT:TESOV110(1.0),2024-04-26 23:00:00,Annual,Percentage,18 years or over
Romania,2018,Females,11.4,Employed persons,,,ESTAT:TESOV110(1.0),2024-04-26 23:00:00,Annual,Percentage,18 years or over
Romania,2019,Females,11.6,Employed persons,,,ESTAT:TESOV110(1.0),2024-04-26 23:00:00,Annual,Percentage,18 years or over
Romania,2020,Females,10.4,Employed persons,,,ESTAT:TESOV110(1.0),2024-04-26 23:00:00,Annual,Percentage,18 years or over
Romania,2021,Females,11.1,Employed persons,,,ESTAT:TESOV110(1.0),2024-04-26 23:00:00,Annual,Percentage,18 years or over
Romania,2022,Females,9.9,Employed persons,,,ESTAT:TESOV110(1.0),2024-04-26 23:00:00,Annual,Percentage,18 years or over
Romania,2023,Females,10.3,Employed persons,,,ESTAT:TESOV110(1.0),2024-04-26 23:00:00,Annual,Percentage,18 years or over
Romania,2024,Females,6.3,Employed persons,,,ESTAT:TESOV110(1.0),2024-04-26 23:00:00,Annual,Percentage,18 years or over
Romania,2025,Females,7.0,Employed persons,,,ESTAT:TESOV110(1.0),2024-04-26 23:00:00,Annual,Percentage,18 years or over
Serbia,2013,Females,12.8,Employed persons,,,ESTAT:TESOV110(1.0),2024-04-26 23:00:00,Annual,Percentage,18 years or over
Serbia,2014,Females,12.0,Employed persons,,,ESTAT:TESOV110(1.0),2024-04-26 23:00:00,Annual,Percentage,18 years or over
Serbia,2015,Females,10.3,Employed persons,,,ESTAT:TESOV110(1.0),2024-04-26 23:00:00,Annual,Percentage,18 years or over
Serbia,2016,Females,9.3,Employed persons,,,ESTAT:TESOV110(1.0),2024-04-26 23:00:00,Annual,Percentage,18 years or over
Serbia,2017,Females,9.1,Employed persons,,,ESTAT:TESOV110(1.0),2024-04-26 23:00:00,Annual,Percentage,18 years or over
Serbia,2018,Females,8.3,Employed persons,,,ESTAT:TESOV110(1.0),2024-04-26 23:00:00,Annual,Percentage,18 years or over
Serbia,2019,Females,7.4,Employed persons,,,ESTAT:TESOV110(1.0),2024-04-26 23:00:00,Annual,Percentage,18 years or over
Serbia,2020,Females,6.4,Employed persons,,,ESTAT:TESOV110(1.0),2024-04-26 23:00:00,Annual,Percentage,18 years or over
Serbia,2021,Females,5.2,Employed persons,,,ESTAT:TESOV110(1.0),2024-04-26 23:00:00,Annual,Percentage,18 years or over
Serbia,2022,Females,4.2,Employed persons,,,ESTAT:TESOV110(1.0),2024-04-26 23:00:00,Annual,Percentage,18 years or over
Serbia,2023,Females,3.6,Employed persons,,,ESTAT:TESOV110(1.0),2024-04-26 23:00:00,Annual,Percentage,18 years or over
Serbia,2024,Females,4.4,Employed persons,,,ESTAT:TESOV110(1.0),2024-04-26 23:00:00,Annual,Percentage,18 years or over
Sweden,2005,Females,4.8,Employed persons,,,ESTAT:TESOV110(1.0),2024-04-26 23:00:00,Annual,Percentage,18 years or over
Sweden,2006,Females,6.3,Employed persons,,,ESTAT:TESOV110(1.0),2024-04-26 23:00:00,Annual,Percentage,18 years or over
Sweden,2007,Females,5.8,Employed persons,,,ESTAT:TESOV110(1.0),2024-04-26 23:00:00,Annual,Percentage,18 years or over
Sweden,2008,Females,6.5,Employed persons,b,,ESTAT:TESOV110(1.0),2024-04-26 23:00:00,Annual,Percentage,18 years or over
Sweden,2009,Females,7.1,Employed persons,,,ESTAT:TESOV110(1.0),2024-04-26 23:00:00,Annual,Percentage,18 years or over
Sweden,2010,Females,7.6,Employed persons,,,ESTAT:TESOV110(1.0),2024-04-26 23:00:00,Annual,Percentage,18 years or over
Sweden,2011,Females,7.1,Employed persons,,,ESTAT:TESOV110(1.0),2024-04-26 23:00:00,Annual,Percentage,18 years or over
Sweden,2012,Females,6.7,Employed persons,,,ESTAT:TESOV110(1.0),2024-04-26 23:00:00,Annual,Percentage,18 years or over
Sweden,2013,Females,7.2,Employed persons,,,ESTAT:TESOV110(1.0),2024-04-26 23:00:00,Annual,Percentage,18 years or over
Sweden,2014,Females,6.9,Employed persons,,,ESTAT:TESOV110(1.0),2024-04-26 23:00:00,Annual,Percentage,18 years or over
Sweden,2015,Females,6.9,Employed persons,,,ESTAT:TESOV110(1.0),2024-04-26 23:00:00,Annual,Percentage,18 years or over
Sweden,2016,Females,6.4,Employed persons,,,ESTAT:TESOV110(1.0),2024-04-26 23:00:00,Annual,Percentage,18 years or over
Sweden,2017,Females,5.6,Employed persons,,,ESTAT:TESOV110(1.0),2024-04-26 23:00:00,Annual,Percentage,18 years or over
Sweden,2018,Females,6.7,Employed persons,,,ESTAT:TESOV110(1.0),2024-04-26 23:00:00,Annual,Percentage,18 years or over
Sweden,2019,Females,6.7,Employed persons,,,ESTAT:TESOV110(1.0),2024-04-26 23:00:00,Annual,Percentage,18 years or over
Sweden,2020,Females,7.4,Employed persons,,,ESTAT:TESOV110(1.0),2024-04-26 23:00:00,Annual,Percentage,18 years or over
Sweden,2021,Females,5.8,Employed persons,,,ESTAT:TESOV110(1.0),2024-04-26 23:00:00,Annual,Percentage,18 years or over
Sweden,2022,Females,6.5,Employed persons,,,ESTAT:TESOV110(1.0),2024-04-26 23:00:00,Annual,Percentage,18 years or over
Sweden,2023,Females,6.6,Employed persons,,,ESTAT:TESOV110(1.0),2024-04-26 23:00:00,Annual,Percentage,18 years or over
Sweden,2024,Females,6.3,Employed persons,,,ESTAT:TESOV110(1.0),2024-04-26 23:00:00,Annual,Percentage,18 years or over
Sweden,2025,Females,5.7,Employed persons,,,ESTAT:TESOV110(1.0),2024-04-26 23:00:00,Annual,Percentage,18 years or over
Slovenia,2005,Females,4.0,Employed persons,,,ESTAT:TESOV110(1.0),2024-04-26 23:00:00,Annual,Percentage,18 years or over
Slovenia,2006,Females,4.0,Employed persons,,,ESTAT:TESOV110(1.0),2024-04-26 23:00:00,Annual,Percentage,18 years or over
Slovenia,2007,Females,4.0,Employed persons,,,ESTAT:TESOV110(1.0),2024-04-26 23:00:00,Annual,Percentage,18 years or over
Slovenia,2008,Females,4.5,Employed persons,,,ESTAT:TESOV110(1.0),2024-04-26 23:00:00,Annual,Percentage,18 years or over
Slovenia,2009,Females,4.2,Employed persons,,,ESTAT:TESOV110(1.0),2024-04-26 23:00:00,Annual,Percentage,18 years or over
Slovenia,2010,Females,4.2,Employed persons,,,ESTAT:TESOV110(1.0),2024-04-26 23:00:00,Annual,Percentage,18 years or over
Slovenia,2011,Females,4.5,Employed persons,,,ESTAT:TESOV110(1.0),2024-04-26 23:00:00,Annual,Percentage,18 years or over
Slovenia,2012,Females,5.3,Employed persons,,,ESTAT:TESOV110(1.0),2024-04-26 23:00:00,Annual,Percentage,18 years or over
Slovenia,2013,Females,5.5,Employed persons,,,ESTAT:TESOV110(1.0),2024-04-26 23:00:00,Annual,Percentage,18 years or over
Slovenia,2014,Females,4.4,Employed persons,,,ESTAT:TESOV110(1.0),2024-04-26 23:00:00,Annual,Percentage,18 years or over
Slovenia,2015,Females,5.4,Employed persons,,,ESTAT:TESOV110(1.0),2024-04-26 23:00:00,Annual,Percentage,18 years or over
Slovenia,2016,Females,4.8,Employed persons,,,ESTAT:TESOV110(1.0),2024-04-26 23:00:00,Annual,Percentage,18 years or over
Slovenia,2017,Females,5.2,Employed persons,,,ESTAT:TESOV110(1.0),2024-04-26 23:00:00,Annual,Percentage,18 years or over
Slovenia,2018,Females,4.2,Employed persons,,,ESTAT:TESOV110(1.0),2024-04-26 23:00:00,Annual,Percentage,18 years or over
Slovenia,2019,Females,3.6,Employed persons,,,ESTAT:TESOV110(1.0),2024-04-26 23:00:00,Annual,Percentage,18 years or over
Slovenia,2020,Females,3.6,Employed persons,,,ESTAT:TESOV110(1.0),2024-04-26 23:00:00,Annual,Percentage,18 years or over
Slovenia,2021,Females,4.4,Employed persons,,,ESTAT:TESOV110(1.0),2024-04-26 23:00:00,Annual,Percentage,18 years or over
Slovenia,2022,Females,4.0,Employed persons,,,ESTAT:TESOV110(1.0),2024-04-26 23:00:00,Annual,Percentage,18 years or over
Slovenia,2023,Females,4.8,Employed persons,,,ESTAT:TESOV110(1.0),2024-04-26 23:00:00,Annual,Percentage,18 years or over
Slovenia,2024,Females,4.8,Employed persons,,,ESTAT:TESOV110(1.0),2024-04-26 23:00:00,Annual,Percentage,18 years or over
Slovenia,2025,Females,4.3,Employed persons,,,ESTAT:TESOV110(1.0),2024-04-26 23:00:00,Annual,Percentage,18 years or over
Slovakia,2005,Females,9.2,Employed persons,,,ESTAT:TESOV110(1.0),2024-04-26 23:00:00,Annual,Percentage,18 years or over
Slovakia,2006,Females,6.3,Employed persons,,,ESTAT:TESOV110(1.0),2024-04-26 23:00:00,Annual,Percentage,18 years or over
Slovakia,2007,Females,4.9,Employed persons,,,ESTAT:TESOV110(1.0),2024-04-26 23:00:00,Annual,Percentage,18 years or over
Slovakia,2008,Females,5.4,Employed persons,,,ESTAT:TESOV110(1.0),2024-04-26 23:00:00,Annual,Percentage,18 years or over
Slovakia,2009,Females,4.9,Employed persons,,,ESTAT:TESOV110(1.0),2024-04-26 23:00:00,Annual,Percentage,18 years or over
Slovakia,2010,Females,5.4,Employed persons,,,ESTAT:TESOV110(1.0),2024-04-26 23:00:00,Annual,Percentage,18 years or over
Slovakia,2011,Females,5.9,Employed persons,,,ESTAT:TESOV110(1.0),2024-04-26 23:00:00,Annual,Percentage,18 years or over
Slovakia,2012,Females,5.6,Employed persons,,,ESTAT:TESOV110(1.0),2024-04-26 23:00:00,Annual,Percentage,18 years or over
Slovakia,2013,Females,5.5,Employed persons,,,ESTAT:TESOV110(1.0),2024-04-26 23:00:00,Annual,Percentage,18 years or over
Slovakia,2014,Females,5.3,Employed persons,,,ESTAT:TESOV110(1.0),2024-04-26 23:00:00,Annual,Percentage,18 years or over
Slovakia,2015,Females,5.5,Employed persons,,,ESTAT:TESOV110(1.0),2024-04-26 23:00:00,Annual,Percentage,18 years or over
Slovakia,2016,Females,6.0,Employed persons,,,ESTAT:TESOV110(1.0),2024-04-26 23:00:00,Annual,Percentage,18 years or over
Slovakia,2017,Females,5.8,Employed persons,,,ESTAT:TESOV110(1.0),2024-04-26 23:00:00,Annual,Percentage,18 years or over
Slovakia,2018,Females,5.8,Employed persons,,,ESTAT:TESOV110(1.0),2024-04-26 23:00:00,Annual,Percentage,18 years or over
Slovakia,2019,Females,3.4,Employed persons,,,ESTAT:TESOV110(1.0),2024-04-26 23:00:00,Annual,Percentage,18 years or over
Slovakia,2020,Females,4.2,Employed persons,,,ESTAT:TESOV110(1.0),2024-04-26 23:00:00,Annual,Percentage,18 years or over
Slovakia,2021,Females,6.0,Employed persons,,,ESTAT:TESOV110(1.0),2024-04-26 23:00:00,Annual,Percentage,18 years or over
Slovakia,2022,Females,6.2,Employed persons,,,ESTAT:TESOV110(1.0),2024-04-26 23:00:00,Annual,Percentage,18 years or over
Slovakia,2023,Females,7.9,Employed persons,,,ESTAT:TESOV110(1.0),2024-04-26 23:00:00,Annual,Percentage,18 years or over
Slovakia,2024,Females,8.8,Employed persons,,,ESTAT:TESOV110(1.0),2024-04-26 23:00:00,Annual,Percentage,18 years or over
Türkiye,2006,Females,21.0,Employed persons,,,ESTAT:TESOV110(1.0),2024-04-26 23:00:00,Annual,Percentage,18 years or over
Türkiye,2007,Females,19.2,Employed persons,,,ESTAT:TESOV110(1.0),2024-04-26 23:00:00,Annual,Percentage,18 years or over
Türkiye,2008,Females,21.3,Employed persons,,,ESTAT:TESOV110(1.0),2024-04-26 23:00:00,Annual,Percentage,18 years or over
Türkiye,2009,Females,22.1,Employed persons,,,ESTAT:TESOV110(1.0),2024-04-26 23:00:00,Annual,Percentage,18 years or over
Türkiye,2010,Females,21.3,Employed persons,,,ESTAT:TESOV110(1.0),2024-04-26 23:00:00,Annual,Percentage,18 years or over
Türkiye,2011,Females,17.5,Employed persons,,,ESTAT:TESOV110(1.0),2024-04-26 23:00:00,Annual,Percentage,18 years or over
Türkiye,2012,Females,15.7,Employed persons,,,ESTAT:TESOV110(1.0),2024-04-26 23:00:00,Annual,Percentage,18 years or over
Türkiye,2013,Females,13.9,Employed persons,,,ESTAT:TESOV110(1.0),2024-04-26 23:00:00,Annual,Percentage,18 years or over
Türkiye,2014,Females,12.1,Employed persons,,,ESTAT:TESOV110(1.0),2024-04-26 23:00:00,Annual,Percentage,18 years or over
Türkiye,2015,Females,11.5,Employed persons,,,ESTAT:TESOV110(1.0),2024-04-26 23:00:00,Annual,Percentage,18 years or over
Türkiye,2016,Females,9.9,Employed persons,,,ESTAT:TESOV110(1.0),2024-04-26 23:00:00,Annual,Percentage,18 years or over
Türkiye,2017,Females,9.2,Employed persons,,,ESTAT:TESOV110(1.0),2024-04-26 23:00:00,Annual,Percentage,18 years or over
Türkiye,2018,Females,10.2,Employed persons,,,ESTAT:TESOV110(1.0),2024-04-26 23:00:00,Annual,Percentage,18 years or over
Türkiye,2019,Females,9.9,Employed persons,,,ESTAT:TESOV110(1.0),2024-04-26 23:00:00,Annual,Percentage,18 years or over
Türkiye,2020,Females,9.9,Employed persons,,,ESTAT:TESOV110(1.0),2024-04-26 23:00:00,Annual,Percentage,18 years or over
Türkiye,2021,Females,8.7,Employed persons,,,ESTAT:TESOV110(1.0),2024-04-26 23:00:00,Annual,Percentage,18 years or over
Türkiye,2022,Females,9.0,Employed persons,,,ESTAT:TESOV110(1.0),2024-04-26 23:00:00,Annual,Percentage,18 years or over
Türkiye,2023,Females,7.6,Employed persons,,,ESTAT:TESOV110(1.0),2024-04-26 23:00:00,Annual,Percentage,18 years or over
Türkiye,2024,Females,8.1,Employed persons,,,ESTAT:TESOV110(1.0),2024-04-26 23:00:00,Annual,Percentage,18 years or over
Türkiye,2025,Females,8.4,Employed persons,,,ESTAT:TESOV110(1.0),2024-04-26 23:00:00,Annual,Percentage,18 years or over
United Kingdom,2005,Females,7.6,Employed persons,,,ESTAT:TESOV110(1.0),2024-04-26 23:00:00,Annual,Percentage,18 years or over
United Kingdom,2006,Females,7.4,Employed persons,,,ESTAT:TESOV110(1.0),2024-04-26 23:00:00,Annual,Percentage,18 years or over
United Kingdom,2007,Females,7.7,Employed persons,,,ESTAT:TESOV110(1.0),2024-04-26 23:00:00,Annual,Percentage,18 years or over
United Kingdom,2008,Females,9.0,Employed persons,,,ESTAT:TESOV110(1.0),2024-04-26 23:00:00,Annual,Percentage,18 years or over
United Kingdom,2009,Females,7.1,Employed persons,,,ESTAT:TESOV110(1.0),2024-04-26 23:00:00,Annual,Percentage,18 years or over
United Kingdom,2010,Females,6.7,Employed persons,,,ESTAT:TESOV110(1.0),2024-04-26 23:00:00,Annual,Percentage,18 years or over
United Kingdom,2011,Females,8.1,Employed persons,,,ESTAT:TESOV110(1.0),2024-04-26 23:00:00,Annual,Percentage,18 years or over
United Kingdom,2012,Females,8.9,Employed persons,b,,ESTAT:TESOV110(1.0),2024-04-26 23:00:00,Annual,Percentage,18 years or over
United Kingdom,2013,Females,8.1,Employed persons,,,ESTAT:TESOV110(1.0),2024-04-26 23:00:00,Annual,Percentage,18 years or over
United Kingdom,2014,Females,8.3,Employed persons,,,ESTAT:TESOV110(1.0),2024-04-26 23:00:00,Annual,Percentage,18 years or over
United Kingdom,2015,Females,7.3,Employed persons,,,ESTAT:TESOV110(1.0),2024-04-26 23:00:00,Annual,Percentage,18 years or over
United Kingdom,2016,Females,8.1,Employed persons,,,ESTAT:TESOV110(1.0),2024-04-26 23:00:00,Annual,Percentage,18 years or over
United Kingdom,2017,Females,9.0,Employed persons,b,,ESTAT:TESOV110(1.0),2024-04-26 23:00:00,Annual,Percentage,18 years or over
United Kingdom,2018,Females,10.4,Employed persons,,,ESTAT:TESOV110(1.0),2024-04-26 23:00:00,Annual,Percentage,18 years or over
Kosovo*,2018,Females,3.4,Employed persons,,,ESTAT:TESOV110(1.0),2024-04-26 23:00:00,Annual,Percentage,18 years or over
Albania,2017,Males,18.6,Employed persons,,,ESTAT:TESOV110(1.0),2024-04-26 23:00:00,Annual,Percentage,18 years or over
Albania,2018,Males,16.9,Employed persons,,,ESTAT:TESOV110(1.0),2024-04-26 23:00:00,Annual,Percentage,18 years or over
Albania,2019,Males,15.4,Employed persons,,,ESTAT:TESOV110(1.0),2024-04-26 23:00:00,Annual,Percentage,18 years or over
Albania,2020,Males,14.3,Employed persons,,,ESTAT:TESOV110(1.0),2024-04-26 23:00:00,Annual,Percentage,18 years or over
Albania,2021,Males,14.2,Employed persons,,,ESTAT:TESOV110(1.0),2024-04-26 23:00:00,Annual,Percentage,18 years or over
Albania,2022,Males,12.3,Employed persons,,,ESTAT:TESOV110(1.0),2024-04-26 23:00:00,Annual,Percentage,18 years or over
Albania,2023,Males,11.7,Employed persons,,,ESTAT:TESOV110(1.0),2024-04-26 23:00:00,Annual,Percentage,18 years or over
Austria,2005,Males,7.3,Employed persons,,,ESTAT:TESOV110(1.0),2024-04-26 23:00:00,Annual,Percentage,18 years or over
Austria,2006,Males,6.4,Employed persons,,,ESTAT:TESOV110(1.0),2024-04-26 23:00:00,Annual,Percentage,18 years or over
Austria,2007,Males,6.3,Employed persons,,,ESTAT:TESOV110(1.0),2024-04-26 23:00:00,Annual,Percentage,18 years or over
Austria,2008,Males,9.1,Employed persons,b,,ESTAT:TESOV110(1.0),2024-04-26 23:00:00,Annual,Percentage,18 years or over
Austria,2009,Males,9.0,Employed persons,,,ESTAT:TESOV110(1.0),2024-04-26 23:00:00,Annual,Percentage,18 years or over
Austria,2010,Males,7.9,Employed persons,,,ESTAT:TESOV110(1.0),2024-04-26 23:00:00,Annual,Percentage,18 years or over
Austria,2011,Males,8.4,Employed persons,,,ESTAT:TESOV110(1.0),2024-04-26 23:00:00,Annual,Percentage,18 years or over
Austria,2012,Males,8.7,Employed persons,,,ESTAT:TESOV110(1.0),2024-04-26 23:00:00,Annual,Percentage,18 years or over
Austria,2013,Males,8.1,Employed persons,,,ESTAT:TESOV110(1.0),2024-04-26 23:00:00,Annual,Percentage,18 years or over
Austria,2014,Males,7.8,Employed persons,,,ESTAT:TESOV110(1.0),2024-04-26 23:00:00,Annual,Percentage,18 years or over
Austria,2015,Males,8.4,Employed persons,,,ESTAT:TESOV110(1.0),2024-04-26 23:00:00,Annual,Percentage,18 years or over
Austria,2016,Males,8.6,Employed persons,,,ESTAT:TESOV110(1.0),2024-04-26 23:00:00,Annual,Percentage,18 years or over
Austria,2017,Males,7.9,Employed persons,,,ESTAT:TESOV110(1.0),2024-04-26 23:00:00,Annual,Percentage,18 years or over
Austria,2018,Males,8.4,Employed persons,,,ESTAT:TESOV110(1.0),2024-04-26 23:00:00,Annual,Percentage,18 years or over
Austria,2019,Males,7.9,Employed persons,,,ESTAT:TESOV110(1.0),2024-04-26 23:00:00,Annual,Percentage,18 years or over
Austria,2020,Males,7.8,Employed persons,,,ESTAT:TESOV110(1.0),2024-04-26 23:00:00,Annual,Percentage,18 years or over
Austria,2021,Males,8.4,Employed persons,,,ESTAT:TESOV110(1.0),2024-04-26 23:00:00,Annual,Percentage,18 years or over
Austria,2022,Males,8.8,Employed persons,,,ESTAT:TESOV110(1.0),2024-04-26 23:00:00,Annual,Percentage,18 years or over
Austria,2023,Males,8.2,Employed persons,,,ESTAT:TESOV110(1.0),2024-04-26 23:00:00,Annual,Percentage,18 years or over
Austria,2024,Males,7.9,Employed persons,,,ESTAT:TESOV110(1.0),2024-04-26 23:00:00,Annual,Percentage,18 years or over
Belgium,2005,Males,4.5,Employed persons,,,ESTAT:TESOV110(1.0),2024-04-26 23:00:00,Annual,Percentage,18 years or over
Belgium,2006,Males,4.5,Employed persons,,,ESTAT:TESOV110(1.0),2024-04-26 23:00:00,Annual,Percentage,18 years or over
Belgium,2007,Males,4.4,Employed persons,,,ESTAT:TESOV110(1.0),2024-04-26 23:00:00,Annual,Percentage,18 years or over
Belgium,2008,Males,4.5,Employed persons,,,ESTAT:TESOV110(1.0),2024-04-26 23:00:00,Annual,Percentage,18 years or over
Belgium,2009,Males,4.6,Employed persons,,,ESTAT:TESOV110(1.0),2024-04-26 23:00:00,Annual,Percentage,18 years or over
Belgium,2010,Males,4.8,Employed persons,,,ESTAT:TESOV110(1.0),2024-04-26 23:00:00,Annual,Percentage,18 years or over
Belgium,2011,Males,4.3,Employed persons,,,ESTAT:TESOV110(1.0),2024-04-26 23:00:00,Annual,Percentage,18 years or over
Belgium,2012,Males,4.5,Employed persons,,,ESTAT:TESOV110(1.0),2024-04-26 23:00:00,Annual,Percentage,18 years or over
Belgium,2013,Males,4.5,Employed persons,,,ESTAT:TESOV110(1.0),2024-04-26 23:00:00,Annual,Percentage,18 years or over
Belgium,2014,Males,4.5,Employed persons,,,ESTAT:TESOV110(1.0),2024-04-26 23:00:00,Annual,Percentage,18 years or over
Belgium,2015,Males,4.4,Employed persons,,,ESTAT:TESOV110(1.0),2024-04-26 23:00:00,Annual,Percentage,18 years or over
Belgium,2016,Males,4.9,Employed persons,,,ESTAT:TESOV110(1.0),2024-04-26 23:00:00,Annual,Percentage,18 years or over
Belgium,2017,Males,5.2,Employed persons,,,ESTAT:TESOV110(1.0),2024-04-26 23:00:00,Annual,Percentage,18 years or over
Belgium,2018,Males,5.8,Employed persons,,,ESTAT:TESOV110(1.0),2024-04-26 23:00:00,Annual,Percentage,18 years or over
Belgium,2019,Males,4.9,Employed persons,b,,ESTAT:TESOV110(1.0),2024-04-26 23:00:00,Annual,Percentage,18 years or over
Belgium,2020,Males,4.3,Employed persons,,,ESTAT:TESOV110(1.0),2024-04-26 23:00:00,Annual,Percentage,18 years or over
Belgium,2021,Males,4.3,Employed persons,,,ESTAT:TESOV110(1.0),2024-04-26 23:00:00,Annual,Percentage,18 years or over
Belgium,2022,Males,3.8,Employed persons,,,ESTAT:TESOV110(1.0),2024-04-26 23:00:00,Annual,Percentage,18 years or over
Belgium,2023,Males,5.2,Employed persons,,,ESTAT:TESOV110(1.0),2024-04-26 23:00:00,Annual,Percentage,18 years or over
Belgium,2024,Males,5.0,Employed persons,,,ESTAT:TESOV110(1.0),2024-04-26 23:00:00,Annual,Percentage,18 years or over
Belgium,2025,Males,4.3,Employed persons,,,ESTAT:TESOV110(1.0),2024-04-26 23:00:00,Annual,Percentage,18 years or over
Bulgaria,2006,Males,5.3,Employed persons,,,ESTAT:TESOV110(1.0),2024-04-26 23:00:00,Annual,Percentage,18 years or over
Bulgaria,2007,Males,6.1,Employed persons,,,ESTAT:TESOV110(1.0),2024-04-26 23:00:00,Annual,Percentage,18 years or over
Bulgaria,2008,Males,7.9,Employed persons,,,ESTAT:TESOV110(1.0),2024-04-26 23:00:00,Annual,Percentage,18 years or over
Bulgaria,2009,Males,7.7,Employed persons,,,ESTAT:TESOV110(1.0),2024-04-26 23:00:00,Annual,Percentage,18 years or over
Bulgaria,2010,Males,8.4,Employed persons,,,ESTAT:TESOV110(1.0),2024-04-26 23:00:00,Annual,Percentage,18 years or over
Bulgaria,2011,Males,8.8,Employed persons,,,ESTAT:TESOV110(1.0),2024-04-26 23:00:00,Annual,Percentage,18 years or over
Bulgaria,2012,Males,7.7,Employed persons,,,ESTAT:TESOV110(1.0),2024-04-26 23:00:00,Annual,Percentage,18 years or over
Bulgaria,2013,Males,7.9,Employed persons,,,ESTAT:TESOV110(1.0),2024-04-26 23:00:00,Annual,Percentage,18 years or over
Bulgaria,2014,Males,9.7,Employed persons,,,ESTAT:TESOV110(1.0),2024-04-26 23:00:00,Annual,Percentage,18 years or over
Bulgaria,2015,Males,8.2,Employed persons,,,ESTAT:TESOV110(1.0),2024-04-26 23:00:00,Annual,Percentage,18 years or over
Bulgaria,2016,Males,13.0,Employed persons,,,ESTAT:TESOV110(1.0),2024-04-26 23:00:00,Annual,Percentage,18 years or over
Bulgaria,2017,Males,11.3,Employed persons,,,ESTAT:TESOV110(1.0),2024-04-26 23:00:00,Annual,Percentage,18 years or over
Bulgaria,2018,Males,11.2,Employed persons,,,ESTAT:TESOV110(1.0),2024-04-26 23:00:00,Annual,Percentage,18 years or over
Bulgaria,2019,Males,9.6,Employed persons,,,ESTAT:TESOV110(1.0),2024-04-26 23:00:00,Annual,Percentage,18 years or over
Bulgaria,2020,Males,10.5,Employed persons,,,ESTAT:TESOV110(1.0),2024-04-26 23:00:00,Annual,Percentage,18 years or over
Bulgaria,2021,Males,11.2,Employed persons,,,ESTAT:TESOV110(1.0),2024-04-26 23:00:00,Annual,Percentage,18 years or over
Bulgaria,2022,Males,11.1,Employed persons,,,ESTAT:TESOV110(1.0),2024-04-26 23:00:00,Annual,Percentage,18 years or over
Bulgaria,2023,Males,12.5,Employed persons,,,ESTAT:TESOV110(1.0),2024-04-26 23:00:00,Annual,Percentage,18 years or over
Bulgaria,2024,Males,13.0,Employed persons,,,ESTAT:TESOV110(1.0),2024-04-26 23:00:00,Annual,Percentage,18 years or over
Bulgaria,2025,Males,12.4,Employed persons,,,ESTAT:TESOV110(1.0),2024-04-26 23:00:00,Annual,Percentage,18 years or over
Switzerland,2007,Males,7.5,Employed persons,,,ESTAT:TESOV110(1.0),2024-04-26 23:00:00,Annual,Percentage,18 years or over
Switzerland,2008,Males,9.4,Employed persons,,,ESTAT:TESOV110(1.0),2024-04-26 23:00:00,Annual,Percentage,18 years or over
Switzerland,2009,Males,7.4,Employed persons,,,ESTAT:TESOV110(1.0),2024-04-26 23:00:00,Annual,Percentage,18 years or over
Switzerland,2010,Males,7.0,Employed persons,,,ESTAT:TESOV110(1.0),2024-04-26 23:00:00,Annual,Percentage,18 years or over
Switzerland,2011,Males,7.6,Employed persons,,,ESTAT:TESOV110(1.0),2024-04-26 23:00:00,Annual,Percentage,18 years or over
Switzerland,2012,Males,8.5,Employed persons,,,ESTAT:TESOV110(1.0),2024-04-26 23:00:00,Annual,Percentage,18 years or over
Switzerland,2013,Males,7.3,Employed persons,,,ESTAT:TESOV110(1.0),2024-04-26 23:00:00,Annual,Percentage,18 years or over
Switzerland,2014,Males,6.3,Employed persons,b,,ESTAT:TESOV110(1.0),2024-04-26 23:00:00,Annual,Percentage,18 years or over
Switzerland,2015,Males,8.2,Employed persons,,,ESTAT:TESOV110(1.0),2024-04-26 23:00:00,Annual,Percentage,18 years or over
Switzerland,2016,Males,7.7,Employed persons,,,ESTAT:TESOV110(1.0),2024-04-26 23:00:00,Annual,Percentage,18 years or over
Switzerland,2017,Males,8.0,Employed persons,,,ESTAT:TESOV110(1.0),2024-04-26 23:00:00,Annual,Percentage,18 years or over
Switzerland,2018,Males,7.1,Employed persons,,,ESTAT:TESOV110(1.0),2024-04-26 23:00:00,Annual,Percentage,18 years or over
Switzerland,2019,Males,7.9,Employed persons,,,ESTAT:TESOV110(1.0),2024-04-26 23:00:00,Annual,Percentage,18 years or over
Switzerland,2020,Males,8.2,Employed persons,,,ESTAT:TESOV110(1.0),2024-04-26 23:00:00,Annual,Percentage,18 years or over
Switzerland,2021,Males,7.3,Employed persons,,,ESTAT:TESOV110(1.0),2024-04-26 23:00:00,Annual,Percentage,18 years or over
Switzerland,2022,Males,8.1,Employed persons,,,ESTAT:TESOV110(1.0),2024-04-26 23:00:00,Annual,Percentage,18 years or over
Switzerland,2023,Males,8.2,Employed persons,,,ESTAT:TESOV110(1.0),2024-04-26 23:00:00,Annual,Percentage,18 years or over
Switzerland,2024,Males,9.2,Employed persons,,,ESTAT:TESOV110(1.0),2024-04-26 23:00:00,Annual,Percentage,18 years or over
Cyprus,2005,Males,6.4,Employed persons,,,ESTAT:TESOV110(1.0),2024-04-26 23:00:00,Annual,Percentage,18 years or over
Cyprus,2006,Males,7.2,Employed persons,,,ESTAT:TESOV110(1.0),2024-04-26 23:00:00,Annual,Percentage,18 years or over
Cyprus,2007,Males,6.0,Employed persons,,,ESTAT:TESOV110(1.0),2024-04-26 23:00:00,Annual,Percentage,18 years or over
Cyprus,2008,Males,5.8,Employed persons,b,,ESTAT:TESOV110(1.0),2024-04-26 23:00:00,Annual,Percentage,18 years or over
Cyprus,2009,Males,6.2,Employed persons,,,ESTAT:TESOV110(1.0),2024-04-26 23:00:00,Annual,Percentage,18 years or over
Cyprus,2010,Males,5.9,Employed persons,,,ESTAT:TESOV110(1.0),2024-04-26 23:00:00,Annual,Percentage,18 years or over
Cyprus,2011,Males,6.7,Employed persons,,,ESTAT:TESOV110(1.0),2024-04-26 23:00:00,Annual,Percentage,18 years or over
Cyprus,2012,Males,7.0,Employed persons,,,ESTAT:TESOV110(1.0),2024-04-26 23:00:00,Annual,Percentage,18 years or over
Cyprus,2013,Males,8.1,Employed persons,,,ESTAT:TESOV110(1.0),2024-04-26 23:00:00,Annual,Percentage,18 years or over
Cyprus,2014,Males,7.6,Employed persons,,,ESTAT:TESOV110(1.0),2024-04-26 23:00:00,Annual,Percentage,18 years or over
Cyprus,2015,Males,9.1,Employed persons,,,ESTAT:TESOV110(1.0),2024-04-26 23:00:00,Annual,Percentage,18 years or over
Cyprus,2016,Males,8.0,Employed persons,,,ESTAT:TESOV110(1.0),2024-04-26 23:00:00,Annual,Percentage,18 years or over
Cyprus,2017,Males,8.2,Employed persons,,,ESTAT:TESOV110(1.0),2024-04-26 23:00:00,Annual,Percentage,18 years or over
Cyprus,2018,Males,7.9,Employed persons,,,ESTAT:TESOV110(1.0),2024-04-26 23:00:00,Annual,Percentage,18 years or over
Cyprus,2019,Males,6.5,Employed persons,,,ESTAT:TESOV110(1.0),2024-04-26 23:00:00,Annual,Percentage,18 years or over
Cyprus,2020,Males,8.4,Employed persons,,,ESTAT:TESOV110(1.0),2024-04-26 23:00:00,Annual,Percentage,18 years or over
Cyprus,2021,Males,6.5,Employed persons,,,ESTAT:TESOV110(1.0),2024-04-26 23:00:00,Annual,Percentage,18 years or over
Cyprus,2022,Males,7.6,Employed persons,,,ESTAT:TESOV110(1.0),2024-04-26 23:00:00,Annual,Percentage,18 years or over
Cyprus,2023,Males,7.1,Employed persons,,,ESTAT:TESOV110(1.0),2024-04-26 23:00:00,Annual,Percentage,18 years or over
Cyprus,2024,Males,6.3,Employed persons,,,ESTAT:TESOV110(1.0),2024-04-26 23:00:00,Annual,Percentage,18 years or over
Cyprus,2025,Males,5.9,Employed persons,,,ESTAT:TESOV110(1.0),2024-04-26 23:00:00,Annual,Percentage,18 years or over
Czechia,2005,Males,3.4,Employed persons,,,ESTAT:TESOV110(1.0),2024-04-26 23:00:00,Annual,Percentage,18 years or over
Czechia,2006,Males,3.2,Employed persons,,,ESTAT:TESOV110(1.0),2024-04-26 23:00:00,Annual,Percentage,18 years or over
Czechia,2007,Males,3.3,Employed persons,,,ESTAT:TESOV110(1.0),2024-04-26 23:00:00,Annual,Percentage,18 years or over
Czechia,2008,Males,3.2,Employed persons,,,ESTAT:TESOV110(1.0),2024-04-26 23:00:00,Annual,Percentage,18 years or over
Czechia,2009,Males,3.0,Employed persons,,,ESTAT:TESOV110(1.0),2024-04-26 23:00:00,Annual,Percentage,18 years or over
Czechia,2010,Males,3.7,Employed persons,,,ESTAT:TESOV110(1.0),2024-04-26 23:00:00,Annual,Percentage,18 years or over
Czechia,2011,Males,4.1,Employed persons,,,ESTAT:TESOV110(1.0),2024-04-26 23:00:00,Annual,Percentage,18 years or over
Czechia,2012,Males,4.4,Employed persons,,,ESTAT:TESOV110(1.0),2024-04-26 23:00:00,Annual,Percentage,18 years or over
Czechia,2013,Males,3.8,Employed persons,,,ESTAT:TESOV110(1.0),2024-04-26 23:00:00,Annual,Percentage,18 years or over
Czechia,2014,Males,3.3,Employed persons,,,ESTAT:TESOV110(1.0),2024-04-26 23:00:00,Annual,Percentage,18 years or over
Czechia,2015,Males,3.6,Employed persons,,,ESTAT:TESOV110(1.0),2024-04-26 23:00:00,Annual,Percentage,18 years or over
Czechia,2016,Males,3.7,Employed persons,,,ESTAT:TESOV110(1.0),2024-04-26 23:00:00,Annual,Percentage,18 years or over
Czechia,2017,Males,3.4,Employed persons,,,ESTAT:TESOV110(1.0),2024-04-26 23:00:00,Annual,Percentage,18 years or over
Czechia,2018,Males,3.2,Employed persons,,,ESTAT:TESOV110(1.0),2024-04-26 23:00:00,Annual,Percentage,18 years or over
Czechia,2019,Males,3.2,Employed persons,,,ESTAT:TESOV110(1.0),2024-04-26 23:00:00,Annual,Percentage,18 years or over
Czechia,2020,Males,3.3,Employed persons,,,ESTAT:TESOV110(1.0),2024-04-26 23:00:00,Annual,Percentage,18 years or over
Czechia,2021,Males,3.4,Employed persons,,,ESTAT:TESOV110(1.0),2024-04-26 23:00:00,Annual,Percentage,18 years or over
Czechia,2022,Males,3.2,Employed persons,,,ESTAT:TESOV110(1.0),2024-04-26 23:00:00,Annual,Percentage,18 years or over
Czechia,2023,Males,3.0,Employed persons,,,ESTAT:TESOV110(1.0),2024-04-26 23:00:00,Annual,Percentage,18 years or over
Czechia,2024,Males,3.4,Employed persons,,,ESTAT:TESOV110(1.0),2024-04-26 23:00:00,Annual,Percentage,18 years or over
Czechia,2025,Males,3.9,Employed persons,,,ESTAT:TESOV110(1.0),2024-04-26 23:00:00,Annual,Percentage,18 years or over
Germany,2005,Males,4.3,Employed persons,,,ESTAT:TESOV110(1.0),2024-04-26 23:00:00,Annual,Percentage,18 years or over
Germany,2006,Males,4.9,Employed persons,,,ESTAT:TESOV110(1.0),2024-04-26 23:00:00,Annual,Percentage,18 years or over
Germany,2007,Males,6.8,Employed persons,,,ESTAT:TESOV110(1.0),2024-04-26 23:00:00,Annual,Percentage,18 years or over
Germany,2008,Males,6.5,Employed persons,,,ESTAT:TESOV110(1.0),2024-04-26 23:00:00,Annual,Percentage,18 years or over
Germany,2009,Males,6.2,Employed persons,,,ESTAT:TESOV110(1.0),2024-04-26 23:00:00,Annual,Percentage,18 years or over
Germany,2010,Males,6.3,Employed persons,,,ESTAT:TESOV110(1.0),2024-04-26 23:00:00,Annual,Percentage,18 years or over
Germany,2011,Males,7.2,Employed persons,,,ESTAT:TESOV110(1.0),2024-04-26 23:00:00,Annual,Percentage,18 years or over
Germany,2012,Males,6.9,Employed persons,,,ESTAT:TESOV110(1.0),2024-04-26 23:00:00,Annual,Percentage,18 years or over
Germany,2013,Males,7.6,Employed persons,,,ESTAT:TESOV110(1.0),2024-04-26 23:00:00,Annual,Percentage,18 years or over
Germany,2014,Males,8.9,Employed persons,,,ESTAT:TESOV110(1.0),2024-04-26 23:00:00,Annual,Percentage,18 years or over
Germany,2015,Males,8.9,Employed persons,,,ESTAT:TESOV110(1.0),2024-04-26 23:00:00,Annual,Percentage,18 years or over
Germany,2016,Males,8.1,Employed persons,,,ESTAT:TESOV110(1.0),2024-04-26 23:00:00,Annual,Percentage,18 years or over
Germany,2017,Males,8.1,Employed persons,,,ESTAT:TESOV110(1.0),2024-04-26 23:00:00,Annual,Percentage,18 years or over
Germany,2018,Males,8.0,Employed persons,,,ESTAT:TESOV110(1.0),2024-04-26 23:00:00,Annual,Percentage,18 years or over
Germany,2019,Males,6.9,Employed persons,,,ESTAT:TESOV110(1.0),2024-04-26 23:00:00,Annual,Percentage,18 years or over
Germany,2020,Males,8.6,Employed persons,b,,ESTAT:TESOV110(1.0),2024-04-26 23:00:00,Annual,Percentage,18 years or over
Germany,2021,Males,8.5,Employed persons,,,ESTAT:TESOV110(1.0),2024-04-26 23:00:00,Annual,Percentage,18 years or over
Germany,2022,Males,7.2,Employed persons,,,ESTAT:TESOV110(1.0),2024-04-26 23:00:00,Annual,Percentage,18 years or over
Germany,2023,Males,6.7,Employed persons,b,,ESTAT:TESOV110(1.0),2024-04-26 23:00:00,Annual,Percentage,18 years or over
Germany,2024,Males,6.5,Employed persons,,,ESTAT:TESOV110(1.0),2024-04-26 23:00:00,Annual,Percentage,18 years or over
Germany,2025,Males,6.8,Employed persons,,,ESTAT:TESOV110(1.0),2024-04-26 23:00:00,Annual,Percentage,18 years or over
Denmark,2005,Males,4.8,Employed persons,,,ESTAT:TESOV110(1.0),2024-04-26 23:00:00,Annual,Percentage,18 years or over
Denmark,2006,Males,5.3,Employed persons,,,ESTAT:TESOV110(1.0),2024-04-26 23:00:00,Annual,Percentage,18 years or over
Denmark,2007,Males,4.9,Employed persons,,,ESTAT:TESOV110(1.0),2024-04-26 23:00:00,Annual,Percentage,18 years or over
Denmark,2008,Males,5.7,Employed persons,,,ESTAT:TESOV110(1.0),2024-04-26 23:00:00,Annual,Percentage,18 years or over
Denmark,2009,Males,7.1,Employed persons,,,ESTAT:TESOV110(1.0),2024-04-26 23:00:00,Annual,Percentage,18 years or over
Denmark,2010,Males,7.0,Employed persons,,,ESTAT:TESOV110(1.0),2024-04-26 23:00:00,Annual,Percentage,18 years or over
Denmark,2011,Males,7.2,Employed persons,b,,ESTAT:TESOV110(1.0),2024-04-26 23:00:00,Annual,Percentage,18 years or over
Denmark,2012,Males,6.2,Employed persons,,,ESTAT:TESOV110(1.0),2024-04-26 23:00:00,Annual,Percentage,18 years or over
Denmark,2013,Males,5.7,Employed persons,,,ESTAT:TESOV110(1.0),2024-04-26 23:00:00,Annual,Percentage,18 years or over
Denmark,2014,Males,4.9,Employed persons,,,ESTAT:TESOV110(1.0),2024-04-26 23:00:00,Annual,Percentage,18 years or over
Denmark,2015,Males,6.3,Employed persons,,,ESTAT:TESOV110(1.0),2024-04-26 23:00:00,Annual,Percentage,18 years or over
Denmark,2016,Males,5.6,Employed persons,,,ESTAT:TESOV110(1.0),2024-04-26 23:00:00,Annual,Percentage,18 years or over
Denmark,2017,Males,6.2,Employed persons,,,ESTAT:TESOV110(1.0),2024-04-26 23:00:00,Annual,Percentage,18 years or over
Denmark,2018,Males,6.2,Employed persons,,,ESTAT:TESOV110(1.0),2024-04-26 23:00:00,Annual,Percentage,18 years or over
Denmark,2019,Males,6.4,Employed persons,,,ESTAT:TESOV110(1.0),2024-04-26 23:00:00,Annual,Percentage,18 years or over
Denmark,2020,Males,6.8,Employed persons,b,,ESTAT:TESOV110(1.0),2024-04-26 23:00:00,Annual,Percentage,18 years or over
Denmark,2021,Males,6.6,Employed persons,,,ESTAT:TESOV110(1.0),2024-04-26 23:00:00,Annual,Percentage,18 years or over
Denmark,2022,Males,6.3,Employed persons,,,ESTAT:TESOV110(1.0),2024-04-26 23:00:00,Annual,Percentage,18 years or over
Denmark,2023,Males,6.0,Employed persons,,,ESTAT:TESOV110(1.0),2024-04-26 23:00:00,Annual,Percentage,18 years or over
Denmark,2024,Males,6.4,Employed persons,,,ESTAT:TESOV110(1.0),2024-04-26 23:00:00,Annual,Percentage,18 years or over
Denmark,2025,Males,6.1,Employed persons,,,ESTAT:TESOV110(1.0),2024-04-26 23:00:00,Annual,Percentage,18 years or over
Estonia,2005,Males,6.9,Employed persons,,,ESTAT:TESOV110(1.0),2024-04-26 23:00:00,Annual,Percentage,18 years or over
Estonia,2006,Males,6.3,Employed persons,,,ESTAT:TESOV110(1.0),2024-04-26 23:00:00,Annual,Percentage,18 years or over
Estonia,2007,Males,6.4,Employed persons,,,ESTAT:TESOV110(1.0),2024-04-26 23:00:00,Annual,Percentage,18 years or over
Estonia,2008,Males,6.0,Employed persons,,,ESTAT:TESOV110(1.0),2024-04-26 23:00:00,Annual,Percentage,18 years or over
Estonia,2009,Males,6.5,Employed persons,,,ESTAT:TESOV110(1.0),2024-04-26 23:00:00,Annual,Percentage,18 years or over
Estonia,2010,Males,5.0,Employed persons,,,ESTAT:TESOV110(1.0),2024-04-26 23:00:00,Annual,Percentage,18 years or over
Estonia,2011,Males,6.8,Employed persons,,,ESTAT:TESOV110(1.0),2024-04-26 23:00:00,Annual,Percentage,18 years or over
Estonia,2012,Males,6.6,Employed persons,,,ESTAT:TESOV110(1.0),2024-04-26 23:00:00,Annual,Percentage,18 years or over
Estonia,2013,Males,6.0,Employed persons,,,ESTAT:TESOV110(1.0),2024-04-26 23:00:00,Annual,Percentage,18 years or over
Estonia,2014,Males,11.7,Employed persons,b,,ESTAT:TESOV110(1.0),2024-04-26 23:00:00,Annual,Percentage,18 years or over
Estonia,2015,Males,10.6,Employed persons,,,ESTAT:TESOV110(1.0),2024-04-26 23:00:00,Annual,Percentage,18 years or over
Estonia,2016,Males,9.9,Employed persons,,,ESTAT:TESOV110(1.0),2024-04-26 23:00:00,Annual,Percentage,18 years or over
Estonia,2017,Males,9.7,Employed persons,,,ESTAT:TESOV110(1.0),2024-04-26 23:00:00,Annual,Percentage,18 years or over
Estonia,2018,Males,9.6,Employed persons,,,ESTAT:TESOV110(1.0),2024-04-26 23:00:00,Annual,Percentage,18 years or over
Estonia,2019,Males,11.0,Employed persons,,,ESTAT:TESOV110(1.0),2024-04-26 23:00:00,Annual,Percentage,18 years or over
Estonia,2020,Males,11.4,Employed persons,,,ESTAT:TESOV110(1.0),2024-04-26 23:00:00,Annual,Percentage,18 years or over
Estonia,2021,Males,11.3,Employed persons,,,ESTAT:TESOV110(1.0),2024-04-26 23:00:00,Annual,Percentage,18 years or over
Estonia,2022,Males,11.7,Employed persons,,,ESTAT:TESOV110(1.0),2024-04-26 23:00:00,Annual,Percentage,18 years or over
Estonia,2023,Males,11.1,Employed persons,,,ESTAT:TESOV110(1.0),2024-04-26 23:00:00,Annual,Percentage,18 years or over
Estonia,2024,Males,11.3,Employed persons,,,ESTAT:TESOV110(1.0),2024-04-26 23:00:00,Annual,Percentage,18 years or over
Estonia,2025,Males,11.2,Employed persons,,,ESTAT:TESOV110(1.0),2024-04-26 23:00:00,Annual,Percentage,18 years or over
Greece,2005,Males,13.8,Employed persons,,,ESTAT:TESOV110(1.0),2024-04-26 23:00:00,Annual,Percentage,18 years or over
Greece,2006,Males,14.7,Employed persons,,,ESTAT:TESOV110(1.0),2024-04-26 23:00:00,Annual,Percentage,18 years or over
Greece,2007,Males,15.5,Employed persons,,,ESTAT:TESOV110(1.0),2024-04-26 23:00:00,Annual,Percentage,18 years or over
Greece,2008,Males,15.9,Employed persons,,,ESTAT:TESOV110(1.0),2024-04-26 23:00:00,Annual,Percentage,18 years or over
Greece,2009,Males,16.1,Employed persons,,,ESTAT:TESOV110(1.0),2024-04-26 23:00:00,Annual,Percentage,18 years or over
Greece,2010,Males,16.4,Employed persons,,,ESTAT:TESOV110(1.0),2024-04-26 23:00:00,Annual,Percentage,18 years or over
Greece,2011,Males,13.2,Employed persons,,,ESTAT:TESOV110(1.0),2024-04-26 23:00:00,Annual,Percentage,18 years or over
Greece,2012,Males,16.5,Employed persons,,,ESTAT:TESOV110(1.0),2024-04-26 23:00:00,Annual,Percentage,18 years or over
Greece,2013,Males,13.4,Employed persons,,,ESTAT:TESOV110(1.0),2024-04-26 23:00:00,Annual,Percentage,18 years or over
Greece,2014,Males,15.4,Employed persons,,,ESTAT:TESOV110(1.0),2024-04-26 23:00:00,Annual,Percentage,18 years or over
Greece,2015,Males,15.2,Employed persons,,,ESTAT:TESOV110(1.0),2024-04-26 23:00:00,Annual,Percentage,18 years or over
Greece,2016,Males,15.3,Employed persons,,,ESTAT:TESOV110(1.0),2024-04-26 23:00:00,Annual,Percentage,18 years or over
Greece,2017,Males,15.0,Employed persons,,,ESTAT:TESOV110(1.0),2024-04-26 23:00:00,Annual,Percentage,18 years or over
Greece,2018,Males,12.5,Employed persons,,,ESTAT:TESOV110(1.0),2024-04-26 23:00:00,Annual,Percentage,18 years or over
Greece,2019,Males,11.7,Employed persons,,,ESTAT:TESOV110(1.0),2024-04-26 23:00:00,Annual,Percentage,18 years or over
Greece,2020,Males,12.1,Employed persons,,,ESTAT:TESOV110(1.0),2024-04-26 23:00:00,Annual,Percentage,18 years or over
Greece,2021,Males,13.0,Employed persons,,,ESTAT:TESOV110(1.0),2024-04-26 23:00:00,Annual,Percentage,18 years or over
Greece,2022,Males,12.7,Employed persons,,,ESTAT:TESOV110(1.0),2024-04-26 23:00:00,Annual,Percentage,18 years or over
Greece,2023,Males,11.8,Employed persons,,,ESTAT:TESOV110(1.0),2024-04-26 23:00:00,Annual,Percentage,18 years or over
Greece,2024,Males,13.0,Employed persons,,,ESTAT:TESOV110(1.0),2024-04-26 23:00:00,Annual,Percentage,18 years or over
Greece,2025,Males,12.2,Employed persons,,,ESTAT:TESOV110(1.0),2024-04-26 23:00:00,Annual,Percentage,18 years or over
Spain,2005,Males,11.5,Employed persons,,,ESTAT:TESOV110(1.0),2024-04-26 23:00:00,Annual,Percentage,18 years or over
Spain,2006,Males,11.2,Employed persons,,,ESTAT:TESOV110(1.0),2024-04-26 23:00:00,Annual,Percentage,18 years or over
Spain,2007,Males,11.2,Employed persons,,,ESTAT:TESOV110(1.0),2024-04-26 23:00:00,Annual,Percentage,18 years or over
Spain,2008,Males,12.1,Employed persons,b,,ESTAT:TESOV110(1.0),2024-04-26 23:00:00,Annual,Percentage,18 years or over
Spain,2009,Males,12.5,Employed persons,,,ESTAT:TESOV110(1.0),2024-04-26 23:00:00,Annual,Percentage,18 years or over
Spain,2010,Males,11.5,Employed persons,,,ESTAT:TESOV110(1.0),2024-04-26 23:00:00,Annual,Percentage,18 years or over
Spain,2011,Males,11.2,Employed persons,,,ESTAT:TESOV110(1.0),2024-04-26 23:00:00,Annual,Percentage,18 years or over
Spain,2012,Males,11.3,Employed persons,,,ESTAT:TESOV110(1.0),2024-04-26 23:00:00,Annual,Percentage,18 years or over
Spain,2013,Males,10.9,Employed persons,,,ESTAT:TESOV110(1.0),2024-04-26 23:00:00,Annual,Percentage,18 years or over
Spain,2014,Males,12.9,Employed persons,,,ESTAT:TESOV110(1.0),2024-04-26 23:00:00,Annual,Percentage,18 years or over
Spain,2015,Males,14.0,Employed persons,,,ESTAT:TESOV110(1.0),2024-04-26 23:00:00,Annual,Percentage,18 years or over
Spain,2016,Males,13.7,Employed persons,,,ESTAT:TESOV110(1.0),2024-04-26 23:00:00,Annual,Percentage,18 years or over
Spain,2017,Males,13.3,Employed persons,,,ESTAT:TESOV110(1.0),2024-04-26 23:00:00,Annual,Percentage,18 years or over
Spain,2018,Males,13.5,Employed persons,,,ESTAT:TESOV110(1.0),2024-04-26 23:00:00,Annual,Percentage,18 years or over
Spain,2019,Males,13.4,Employed persons,,,ESTAT:TESOV110(1.0),2024-04-26 23:00:00,Annual,Percentage,18 years or over
Spain,2020,Males,12.5,Employed persons,,,ESTAT:TESOV110(1.0),2024-04-26 23:00:00,Annual,Percentage,18 years or over
Spain,2021,Males,13.9,Employed persons,,,ESTAT:TESOV110(1.0),2024-04-26 23:00:00,Annual,Percentage,18 years or over
Spain,2022,Males,12.7,Employed persons,,,ESTAT:TESOV110(1.0),2024-04-26 23:00:00,Annual,Percentage,18 years or over
Spain,2023,Males,12.2,Employed persons,,,ESTAT:TESOV110(1.0),2024-04-26 23:00:00,Annual,Percentage,18 years or over
Spain,2024,Males,12.1,Employed persons,,,ESTAT:TESOV110(1.0),2024-04-26 23:00:00,Annual,Percentage,18 years or over
Spain,2025,Males,12.1,Employed persons,,,ESTAT:TESOV110(1.0),2024-04-26 23:00:00,Annual,Percentage,18 years or over
Finland,2005,Males,3.8,Employed persons,,,ESTAT:TESOV110(1.0),2024-04-26 23:00:00,Annual,Percentage,18 years or over
Finland,2006,Males,4.7,Employed persons,,,ESTAT:TESOV110(1.0),2024-04-26 23:00:00,Annual,Percentage,18 years or over
Finland,2007,Males,4.5,Employed persons,,,ESTAT:TESOV110(1.0),2024-04-26 23:00:00,Annual,Percentage,18 years or over
Finland,2008,Males,5.3,Employed persons,,,ESTAT:TESOV110(1.0),2024-04-26 23:00:00,Annual,Percentage,18 years or over
Finland,2009,Males,4.0,Employed persons,,,ESTAT:TESOV110(1.0),2024-04-26 23:00:00,Annual,Percentage,18 years or over
Finland,2010,Males,4.0,Employed persons,,,ESTAT:TESOV110(1.0),2024-04-26 23:00:00,Annual,Percentage,18 years or over
Finland,2011,Males,4.3,Employed persons,,,ESTAT:TESOV110(1.0),2024-04-26 23:00:00,Annual,Percentage,18 years or over
Finland,2012,Males,4.2,Employed persons,,,ESTAT:TESOV110(1.0),2024-04-26 23:00:00,Annual,Percentage,18 years or over
Finland,2013,Males,4.0,Employed persons,,,ESTAT:TESOV110(1.0),2024-04-26 23:00:00,Annual,Percentage,18 years or over
Finland,2014,Males,3.9,Employed persons,,,ESTAT:TESOV110(1.0),2024-04-26 23:00:00,Annual,Percentage,18 years or over
Finland,2015,Males,4.1,Employed persons,,,ESTAT:TESOV110(1.0),2024-04-26 23:00:00,Annual,Percentage,18 years or over
Finland,2016,Males,3.3,Employed persons,,,ESTAT:TESOV110(1.0),2024-04-26 23:00:00,Annual,Percentage,18 years or over
Finland,2017,Males,2.6,Employed persons,,,ESTAT:TESOV110(1.0),2024-04-26 23:00:00,Annual,Percentage,18 years or over
Finland,2018,Males,3.1,Employed persons,,,ESTAT:TESOV110(1.0),2024-04-26 23:00:00,Annual,Percentage,18 years or over
Finland,2019,Males,2.9,Employed persons,,,ESTAT:TESOV110(1.0),2024-04-26 23:00:00,Annual,Percentage,18 years or over
Finland,2020,Males,3.3,Employed persons,,,ESTAT:TESOV110(1.0),2024-04-26 23:00:00,Annual,Percentage,18 years or over
Finland,2021,Males,3.1,Employed persons,,,ESTAT:TESOV110(1.0),2024-04-26 23:00:00,Annual,Percentage,18 years or over
Finland,2022,Males,2.9,Employed persons,,,ESTAT:TESOV110(1.0),2024-04-26 23:00:00,Annual,Percentage,18 years or over
Finland,2023,Males,3.0,Employed persons,,,ESTAT:TESOV110(1.0),2024-04-26 23:00:00,Annual,Percentage,18 years or over
Finland,2024,Males,3.0,Employed persons,,,ESTAT:TESOV110(1.0),2024-04-26 23:00:00,Annual,Percentage,18 years or over
Finland,2025,Males,3.4,Employed persons,,,ESTAT:TESOV110(1.0),2024-04-26 23:00:00,Annual,Percentage,18 years or over
France,2005,Males,7.0,Employed persons,,,ESTAT:TESOV110(1.0),2024-04-26 23:00:00,Annual,Percentage,18 years or over
France,2006,Males,6.4,Employed persons,,,ESTAT:TESOV110(1.0),2024-04-26 23:00:00,Annual,Percentage,18 years or over
France,2007,Males,7.0,Employed persons,,,ESTAT:TESOV110(1.0),2024-04-26 23:00:00,Annual,Percentage,18 years or over
France,2008,Males,7.1,Employed persons,b,,ESTAT:TESOV110(1.0),2024-04-26 23:00:00,Annual,Percentage,18 years or over
France,2009,Males,7.0,Employed persons,,,ESTAT:TESOV110(1.0),2024-04-26 23:00:00,Annual,Percentage,18 years or over
France,2010,Males,6.8,Employed persons,,,ESTAT:TESOV110(1.0),2024-04-26 23:00:00,Annual,Percentage,18 years or over
France,2011,Males,7.5,Employed persons,,,ESTAT:TESOV110(1.0),2024-04-26 23:00:00,Annual,Percentage,18 years or over
France,2012,Males,8.4,Employed persons,,,ESTAT:TESOV110(1.0),2024-04-26 23:00:00,Annual,Percentage,18 years or over
France,2013,Males,8.6,Employed persons,,,ESTAT:TESOV110(1.0),2024-04-26 23:00:00,Annual,Percentage,18 years or over
France,2014,Males,8.2,Employed persons,,,ESTAT:TESOV110(1.0),2024-04-26 23:00:00,Annual,Percentage,18 years or over
France,2015,Males,8.2,Employed persons,,,ESTAT:TESOV110(1.0),2024-04-26 23:00:00,Annual,Percentage,18 years or over
France,2016,Males,8.2,Employed persons,,,ESTAT:TESOV110(1.0),2024-04-26 23:00:00,Annual,Percentage,18 years or over
France,2017,Males,7.5,Employed persons,,,ESTAT:TESOV110(1.0),2024-04-26 23:00:00,Annual,Percentage,18 years or over
France,2018,Males,7.6,Employed persons,,,ESTAT:TESOV110(1.0),2024-04-26 23:00:00,Annual,Percentage,18 years or over
France,2019,Males,7.4,Employed persons,,,ESTAT:TESOV110(1.0),2024-04-26 23:00:00,Annual,Percentage,18 years or over
France,2020,Males,7.5,Employed persons,b,,ESTAT:TESOV110(1.0),2024-04-26 23:00:00,Annual,Percentage,18 years or over
France,2021,Males,6.7,Employed persons,,,ESTAT:TESOV110(1.0),2024-04-26 23:00:00,Annual,Percentage,18 years or over
France,2022,Males,7.5,Employed persons,b,,ESTAT:TESOV110(1.0),2024-04-26 23:00:00,Annual,Percentage,18 years or over
France,2023,Males,7.8,Employed persons,,,ESTAT:TESOV110(1.0),2024-04-26 23:00:00,Annual,Percentage,18 years or over
France,2024,Males,8.6,Employed persons,,,ESTAT:TESOV110(1.0),2024-04-26 23:00:00,Annual,Percentage,18 years or over
France,2025,Males,8.4,Employed persons,,,ESTAT:TESOV110(1.0),2024-04-26 23:00:00,Annual,Percentage,18 years or over
Croatia,2010,Males,7.6,Employed persons,,,ESTAT:TESOV110(1.0),2024-04-26 23:00:00,Annual,Percentage,18 years or over
Croatia,2011,Males,7.5,Employed persons,,,ESTAT:TESOV110(1.0),2024-04-26 23:00:00,Annual,Percentage,18 years or over
Croatia,2012,Males,6.8,Employed persons,,,ESTAT:TESOV110(1.0),2024-04-26 23:00:00,Annual,Percentage,18 years or over
Croatia,2013,Males,7.5,Employed persons,,,ESTAT:TESOV110(1.0),2024-04-26 23:00:00,Annual,Percentage,18 years or over
Croatia,2014,Males,7.1,Employed persons,,,ESTAT:TESOV110(1.0),2024-04-26 23:00:00,Annual,Percentage,18 years or over
Croatia,2015,Males,7.0,Employed persons,,,ESTAT:TESOV110(1.0),2024-04-26 23:00:00,Annual,Percentage,18 years or over
Croatia,2016,Males,6.7,Employed persons,,,ESTAT:TESOV110(1.0),2024-04-26 23:00:00,Annual,Percentage,18 years or over
Croatia,2017,Males,6.9,Employed persons,,,ESTAT:TESOV110(1.0),2024-04-26 23:00:00,Annual,Percentage,18 years or over
Croatia,2018,Males,6.0,Employed persons,,,ESTAT:TESOV110(1.0),2024-04-26 23:00:00,Annual,Percentage,18 years or over
Croatia,2019,Males,5.7,Employed persons,,,ESTAT:TESOV110(1.0),2024-04-26 23:00:00,Annual,Percentage,18 years or over
Croatia,2020,Males,5.8,Employed persons,,,ESTAT:TESOV110(1.0),2024-04-26 23:00:00,Annual,Percentage,18 years or over
Croatia,2021,Males,5.9,Employed persons,,,ESTAT:TESOV110(1.0),2024-04-26 23:00:00,Annual,Percentage,18 years or over
Croatia,2022,Males,5.1,Employed persons,,,ESTAT:TESOV110(1.0),2024-04-26 23:00:00,Annual,Percentage,18 years or over
Croatia,2023,Males,6.5,Employed persons,b,,ESTAT:TESOV110(1.0),2024-04-26 23:00:00,Annual,Percentage,18 years or over
Croatia,2024,Males,8.8,Employed persons,b,,ESTAT:TESOV110(1.0),2024-04-26 23:00:00,Annual,Percentage,18 years or over
Croatia,2025,Males,8.7,Employed persons,,,ESTAT:TESOV110(1.0),2024-04-26 23:00:00,Annual,Percentage,18 years or over
Hungary,2005,Males,10.6,Employed persons,,,ESTAT:TESOV110(1.0),2024-04-26 23:00:00,Annual,Percentage,18 years or over
Hungary,2006,Males,8.1,Employed persons,,,ESTAT:TESOV110(1.0),2024-04-26 23:00:00,Annual,Percentage,18 years or over
Hungary,2007,Males,6.6,Employed persons,,,ESTAT:TESOV110(1.0),2024-04-26 23:00:00,Annual,Percentage,18 years or over
Hungary,2008,Males,6.8,Employed persons,,,ESTAT:TESOV110(1.0),2024-04-26 23:00:00,Annual,Percentage,18 years or over
Hungary,2009,Males,7.0,Employed persons,,,ESTAT:TESOV110(1.0),2024-04-26 23:00:00,Annual,Percentage,18 years or over
Hungary,2010,Males,6.0,Employed persons,,,ESTAT:TESOV110(1.0),2024-04-26 23:00:00,Annual,Percentage,18 years or over
Hungary,2011,Males,6.9,Employed persons,,,ESTAT:TESOV110(1.0),2024-04-26 23:00:00,Annual,Percentage,18 years or over
Hungary,2012,Males,6.6,Employed persons,,,ESTAT:TESOV110(1.0),2024-04-26 23:00:00,Annual,Percentage,18 years or over
Hungary,2013,Males,7.7,Employed persons,,,ESTAT:TESOV110(1.0),2024-04-26 23:00:00,Annual,Percentage,18 years or over
Hungary,2014,Males,7.4,Employed persons,,,ESTAT:TESOV110(1.0),2024-04-26 23:00:00,Annual,Percentage,18 years or over
Hungary,2015,Males,9.7,Employed persons,,,ESTAT:TESOV110(1.0),2024-04-26 23:00:00,Annual,Percentage,18 years or over
Hungary,2016,Males,9.4,Employed persons,,,ESTAT:TESOV110(1.0),2024-04-26 23:00:00,Annual,Percentage,18 years or over
Hungary,2017,Males,9.9,Employed persons,,,ESTAT:TESOV110(1.0),2024-04-26 23:00:00,Annual,Percentage,18 years or over
Hungary,2018,Males,7.9,Employed persons,,,ESTAT:TESOV110(1.0),2024-04-26 23:00:00,Annual,Percentage,18 years or over
Hungary,2019,Males,11.2,Employed persons,b,,ESTAT:TESOV110(1.0),2024-04-26 23:00:00,Annual,Percentage,18 years or over
Hungary,2020,Males,8.3,Employed persons,,,ESTAT:TESOV110(1.0),2024-04-26 23:00:00,Annual,Percentage,18 years or over
Hungary,2021,Males,6.3,Employed persons,,,ESTAT:TESOV110(1.0),2024-04-26 23:00:00,Annual,Percentage,18 years or over
Hungary,2022,Males,5.9,Employed persons,,,ESTAT:TESOV110(1.0),2024-04-26 23:00:00,Annual,Percentage,18 years or over
Hungary,2023,Males,6.2,Employed persons,,,ESTAT:TESOV110(1.0),2024-04-26 23:00:00,Annual,Percentage,18 years or over
Hungary,2024,Males,7.1,Employed persons,,,ESTAT:TESOV110(1.0),2024-04-26 23:00:00,Annual,Percentage,18 years or over
Hungary,2025,Males,8.6,Employed persons,,,ESTAT:TESOV110(1.0),2024-04-26 23:00:00,Annual,Percentage,18 years or over
Ireland,2005,Males,6.4,Employed persons,,,ESTAT:TESOV110(1.0),2024-04-26 23:00:00,Annual,Percentage,18 years or over
Ireland,2006,Males,6.2,Employed persons,,,ESTAT:TESOV110(1.0),2024-04-26 23:00:00,Annual,Percentage,18 years or over
Ireland,2007,Males,5.7,Employed persons,,,ESTAT:TESOV110(1.0),2024-04-26 23:00:00,Annual,Percentage,18 years or over
Ireland,2008,Males,7.1,Employed persons,,,ESTAT:TESOV110(1.0),2024-04-26 23:00:00,Annual,Percentage,18 years or over
Ireland,2009,Males,6.1,Employed persons,,,ESTAT:TESOV110(1.0),2024-04-26 23:00:00,Annual,Percentage,18 years or over
Ireland,2010,Males,7.1,Employed persons,,,ESTAT:TESOV110(1.0),2024-04-26 23:00:00,Annual,Percentage,18 years or over
Ireland,2011,Males,6.5,Employed persons,,,ESTAT:TESOV110(1.0),2024-04-26 23:00:00,Annual,Percentage,18 years or over
Ireland,2012,Males,5.9,Employed persons,,,ESTAT:TESOV110(1.0),2024-04-26 23:00:00,Annual,Percentage,18 years or over
Ireland,2013,Males,5.3,Employed persons,,,ESTAT:TESOV110(1.0),2024-04-26 23:00:00,Annual,Percentage,18 years or over
Ireland,2014,Males,6.1,Employed persons,,,ESTAT:TESOV110(1.0),2024-04-26 23:00:00,Annual,Percentage,18 years or over
Ireland,2015,Males,5.6,Employed persons,,,ESTAT:TESOV110(1.0),2024-04-26 23:00:00,Annual,Percentage,18 years or over
Ireland,2016,Males,5.2,Employed persons,,,ESTAT:TESOV110(1.0),2024-04-26 23:00:00,Annual,Percentage,18 years or over
Ireland,2017,Males,5.7,Employed persons,,,ESTAT:TESOV110(1.0),2024-04-26 23:00:00,Annual,Percentage,18 years or over
Ireland,2018,Males,5.5,Employed persons,,,ESTAT:TESOV110(1.0),2024-04-26 23:00:00,Annual,Percentage,18 years or over
Ireland,2019,Males,6.8,Employed persons,b,,ESTAT:TESOV110(1.0),2024-04-26 23:00:00,Annual,Percentage,18 years or over
Ireland,2020,Males,6.3,Employed persons,b,,ESTAT:TESOV110(1.0),2024-04-26 23:00:00,Annual,Percentage,18 years or over
Ireland,2021,Males,5.5,Employed persons,,,ESTAT:TESOV110(1.0),2024-04-26 23:00:00,Annual,Percentage,18 years or over
Ireland,2022,Males,6.0,Employed persons,,,ESTAT:TESOV110(1.0),2024-04-26 23:00:00,Annual,Percentage,18 years or over
Ireland,2023,Males,6.5,Employed persons,,,ESTAT:TESOV110(1.0),2024-04-26 23:00:00,Annual,Percentage,18 years or over
Ireland,2024,Males,6.0,Employed persons,,,ESTAT:TESOV110(1.0),2024-04-26 23:00:00,Annual,Percentage,18 years or over
Ireland,2025,Males,6.1,Employed persons,,,ESTAT:TESOV110(1.0),2024-04-26 23:00:00,Annual,Percentage,18 years or over
Iceland,2005,Males,8.5,Employed persons,,,ESTAT:TESOV110(1.0),2024-04-26 23:00:00,Annual,Percentage,18 years or over
Iceland,2006,Males,6.9,Employed persons,,,ESTAT:TESOV110(1.0),2024-04-26 23:00:00,Annual,Percentage,18 years or over
Iceland,2007,Males,6.9,Employed persons,,,ESTAT:TESOV110(1.0),2024-04-26 23:00:00,Annual,Percentage,18 years or over
Iceland,2008,Males,6.9,Employed persons,,,ESTAT:TESOV110(1.0),2024-04-26 23:00:00,Annual,Percentage,18 years or over
Iceland,2009,Males,7.4,Employed persons,,,ESTAT:TESOV110(1.0),2024-04-26 23:00:00,Annual,Percentage,18 years or over
Iceland,2010,Males,6.8,Employed persons,,,ESTAT:TESOV110(1.0),2024-04-26 23:00:00,Annual,Percentage,18 years or over
Iceland,2011,Males,6.4,Employed persons,,,ESTAT:TESOV110(1.0),2024-04-26 23:00:00,Annual,Percentage,18 years or over
Iceland,2012,Males,5.4,Employed persons,,,ESTAT:TESOV110(1.0),2024-04-26 23:00:00,Annual,Percentage,18 years or over
Iceland,2013,Males,6.1,Employed persons,,,ESTAT:TESOV110(1.0),2024-04-26 23:00:00,Annual,Percentage,18 years or over
Iceland,2014,Males,4.9,Employed persons,,,ESTAT:TESOV110(1.0),2024-04-26 23:00:00,Annual,Percentage,18 years or over
Iceland,2015,Males,6.6,Employed persons,,,ESTAT:TESOV110(1.0),2024-04-26 23:00:00,Annual,Percentage,18 years or over
Iceland,2016,Males,6.8,Employed persons,,,ESTAT:TESOV110(1.0),2024-04-26 23:00:00,Annual,Percentage,18 years or over
Iceland,2017,Males,6.9,Employed persons,,,ESTAT:TESOV110(1.0),2024-04-26 23:00:00,Annual,Percentage,18 years or over
Iceland,2018,Males,7.3,Employed persons,,,ESTAT:TESOV110(1.0),2024-04-26 23:00:00,Annual,Percentage,18 years or over
Iceland,2019,Males,6.7,Employed persons,,,ESTAT:TESOV110(1.0),2024-04-26 23:00:00,Annual,Percentage,18 years or over
Iceland,2020,Males,7.7,Employed persons,,,ESTAT:TESOV110(1.0),2024-04-26 23:00:00,Annual,Percentage,18 years or over
Italy,2005,Males,10.4,Employed persons,,,ESTAT:TESOV110(1.0),2024-04-26 23:00:00,Annual,Percentage,18 years or over
Italy,2006,Males,10.6,Employed persons,,,ESTAT:TESOV110(1.0),2024-04-26 23:00:00,Annual,Percentage,18 years or over
Italy,2007,Males,10.8,Employed persons,,,ESTAT:TESOV110(1.0),2024-04-26 23:00:00,Annual,Percentage,18 years or over
Italy,2008,Males,10.6,Employed persons,,,ESTAT:TESOV110(1.0),2024-04-26 23:00:00,Annual,Percentage,18 years or over
Italy,2009,Males,11.5,Employed persons,,,ESTAT:TESOV110(1.0),2024-04-26 23:00:00,Annual,Percentage,18 years or over
Italy,2010,Males,11.0,Employed persons,,,ESTAT:TESOV110(1.0),2024-04-26 23:00:00,Annual,Percentage,18 years or over
Italy,2011,Males,12.0,Employed persons,,,ESTAT:TESOV110(1.0),2024-04-26 23:00:00,Annual,Percentage,18 years or over
Italy,2012,Males,12.0,Employed persons,,,ESTAT:TESOV110(1.0),2024-04-26 23:00:00,Annual,Percentage,18 years or over
Italy,2013,Males,11.8,Employed persons,,,ESTAT:TESOV110(1.0),2024-04-26 23:00:00,Annual,Percentage,18 years or over
Italy,2014,Males,11.5,Employed persons,,,ESTAT:TESOV110(1.0),2024-04-26 23:00:00,Annual,Percentage,18 years or over
Italy,2015,Males,12.8,Employed persons,,,ESTAT:TESOV110(1.0),2024-04-26 23:00:00,Annual,Percentage,18 years or over
Italy,2016,Males,13.2,Employed persons,,,ESTAT:TESOV110(1.0),2024-04-26 23:00:00,Annual,Percentage,18 years or over
Italy,2017,Males,13.3,Employed persons,,,ESTAT:TESOV110(1.0),2024-04-26 23:00:00,Annual,Percentage,18 years or over
Italy,2018,Males,13.3,Employed persons,,,ESTAT:TESOV110(1.0),2024-04-26 23:00:00,Annual,Percentage,18 years or over
Italy,2019,Males,13.0,Employed persons,,,ESTAT:TESOV110(1.0),2024-04-26 23:00:00,Annual,Percentage,18 years or over
Italy,2020,Males,12.4,Employed persons,,,ESTAT:TESOV110(1.0),2024-04-26 23:00:00,Annual,Percentage,18 years or over
Italy,2021,Males,13.8,Employed persons,,,ESTAT:TESOV110(1.0),2024-04-26 23:00:00,Annual,Percentage,18 years or over
Italy,2022,Males,13.1,Employed persons,,,ESTAT:TESOV110(1.0),2024-04-26 23:00:00,Annual,Percentage,18 years or over
Italy,2023,Males,11.5,Employed persons,,,ESTAT:TESOV110(1.0),2024-04-26 23:00:00,Annual,Percentage,18 years or over
Italy,2024,Males,11.7,Employed persons,,,ESTAT:TESOV110(1.0),2024-04-26 23:00:00,Annual,Percentage,18 years or over
Italy,2025,Males,11.7,Employed persons,,,ESTAT:TESOV110(1.0),2024-04-26 23:00:00,Annual,Percentage,18 years or over
Lithuania,2005,Males,10.4,Employed persons,,,ESTAT:TESOV110(1.0),2024-04-26 23:00:00,Annual,Percentage,18 years or over
Lithuania,2006,Males,10.9,Employed persons,,,ESTAT:TESOV110(1.0),2024-04-26 23:00:00,Annual,Percentage,18 years or over
Lithuania,2007,Males,7.7,Employed persons,,,ESTAT:TESOV110(1.0),2024-04-26 23:00:00,Annual,Percentage,18 years or over
Lithuania,2008,Males,9.1,Employed persons,,,ESTAT:TESOV110(1.0),2024-04-26 23:00:00,Annual,Percentage,18 years or over
Lithuania,2009,Males,9.2,Employed persons,,,ESTAT:TESOV110(1.0),2024-04-26 23:00:00,Annual,Percentage,18 years or over
Lithuania,2010,Males,10.6,Employed persons,,,ESTAT:TESOV110(1.0),2024-04-26 23:00:00,Annual,Percentage,18 years or over
Lithuania,2011,Males,9.3,Employed persons,,,ESTAT:TESOV110(1.0),2024-04-26 23:00:00,Annual,Percentage,18 years or over
Lithuania,2012,Males,6.8,Employed persons,,,ESTAT:TESOV110(1.0),2024-04-26 23:00:00,Annual,Percentage,18 years or over
Lithuania,2013,Males,7.8,Employed persons,,,ESTAT:TESOV110(1.0),2024-04-26 23:00:00,Annual,Percentage,18 years or over
Lithuania,2014,Males,8.5,Employed persons,,,ESTAT:TESOV110(1.0),2024-04-26 23:00:00,Annual,Percentage,18 years or over
Lithuania,2015,Males,11.4,Employed persons,,,ESTAT:TESOV110(1.0),2024-04-26 23:00:00,Annual,Percentage,18 years or over
Lithuania,2016,Males,9.3,Employed persons,,,ESTAT:TESOV110(1.0),2024-04-26 23:00:00,Annual,Percentage,18 years or over
Lithuania,2017,Males,9.3,Employed persons,,,ESTAT:TESOV110(1.0),2024-04-26 23:00:00,Annual,Percentage,18 years or over
Lithuania,2018,Males,8.3,Employed persons,,,ESTAT:TESOV110(1.0),2024-04-26 23:00:00,Annual,Percentage,18 years or over
Lithuania,2019,Males,8.3,Employed persons,,,ESTAT:TESOV110(1.0),2024-04-26 23:00:00,Annual,Percentage,18 years or over
Lithuania,2020,Males,8.2,Employed persons,,,ESTAT:TESOV110(1.0),2024-04-26 23:00:00,Annual,Percentage,18 years or over
Lithuania,2021,Males,7.3,Employed persons,,,ESTAT:TESOV110(1.0),2024-04-26 23:00:00,Annual,Percentage,18 years or over
Lithuania,2022,Males,7.6,Employed persons,,,ESTAT:TESOV110(1.0),2024-04-26 23:00:00,Annual,Percentage,18 years or over
Lithuania,2023,Males,8.6,Employed persons,,,ESTAT:TESOV110(1.0),2024-04-26 23:00:00,Annual,Percentage,18 years or over
Lithuania,2024,Males,9.3,Employed persons,p,,ESTAT:TESOV110(1.0),2024-04-26 23:00:00,Annual,Percentage,18 years or over
Lithuania,2025,Males,9.6,Employed persons,p,,ESTAT:TESOV110(1.0),2024-04-26 23:00:00,Annual,Percentage,18 years or over
Luxembourg,2005,Males,9.8,Employed persons,,,ESTAT:TESOV110(1.0),2024-04-26 23:00:00,Annual,Percentage,18 years or over
Luxembourg,2006,Males,10.2,Employed persons,,,ESTAT:TESOV110(1.0),2024-04-26 23:00:00,Annual,Percentage,18 years or over
Luxembourg,2007,Males,9.4,Employed persons,,,ESTAT:TESOV110(1.0),2024-04-26 23:00:00,Annual,Percentage,18 years or over
Luxembourg,2008,Males,9.2,Employed persons,,,ESTAT:TESOV110(1.0),2024-04-26 23:00:00,Annual,Percentage,18 years or over
Luxembourg,2009,Males,10.5,Employed persons,,,ESTAT:TESOV110(1.0),2024-04-26 23:00:00,Annual,Percentage,18 years or over
Luxembourg,2010,Males,10.8,Employed persons,,,ESTAT:TESOV110(1.0),2024-04-26 23:00:00,Annual,Percentage,18 years or over
Luxembourg,2011,Males,9.3,Employed persons,,,ESTAT:TESOV110(1.0),2024-04-26 23:00:00,Annual,Percentage,18 years or over
Luxembourg,2012,Males,10.5,Employed persons,,,ESTAT:TESOV110(1.0),2024-04-26 23:00:00,Annual,Percentage,18 years or over
Luxembourg,2013,Males,11.6,Employed persons,,,ESTAT:TESOV110(1.0),2024-04-26 23:00:00,Annual,Percentage,18 years or over
Luxembourg,2014,Males,11.7,Employed persons,,,ESTAT:TESOV110(1.0),2024-04-26 23:00:00,Annual,Percentage,18 years or over
Luxembourg,2015,Males,11.8,Employed persons,,,ESTAT:TESOV110(1.0),2024-04-26 23:00:00,Annual,Percentage,18 years or over
Luxembourg,2016,Males,10.4,Employed persons,b,,ESTAT:TESOV110(1.0),2024-04-26 23:00:00,Annual,Percentage,18 years or over
Luxembourg,2017,Males,11.2,Employed persons,,,ESTAT:TESOV110(1.0),2024-04-26 23:00:00,Annual,Percentage,18 years or over
Luxembourg,2018,Males,10.7,Employed persons,,,ESTAT:TESOV110(1.0),2024-04-26 23:00:00,Annual,Percentage,18 years or over
Luxembourg,2019,Males,12.1,Employed persons,,,ESTAT:TESOV110(1.0),2024-04-26 23:00:00,Annual,Percentage,18 years or over
Luxembourg,2020,Males,12.3,Employed persons,b,,ESTAT:TESOV110(1.0),2024-04-26 23:00:00,Annual,Percentage,18 years or over
Luxembourg,2021,Males,12.9,Employed persons,b,,ESTAT:TESOV110(1.0),2024-04-26 23:00:00,Annual,Percentage,18 years or over
Luxembourg,2022,Males,12.4,Employed persons,b,,ESTAT:TESOV110(1.0),2024-04-26 23:00:00,Annual,Percentage,18 years or over
Luxembourg,2023,Males,14.1,Employed persons,,,ESTAT:TESOV110(1.0),2024-04-26 23:00:00,Annual,Percentage,18 years or over
Luxembourg,2024,Males,12.4,Employed persons,,,ESTAT:TESOV110(1.0),2024-04-26 23:00:00,Annual,Percentage,18 years or over
Latvia,2005,Males,8.8,Employed persons,,,ESTAT:TESOV110(1.0),2024-04-26 23:00:00,Annual,Percentage,18 years or over
Latvia,2006,Males,9.9,Employed persons,,,ESTAT:TESOV110(1.0),2024-04-26 23:00:00,Annual,Percentage,18 years or over
Latvia,2007,Males,8.9,Employed persons,,,ESTAT:TESOV110(1.0),2024-04-26 23:00:00,Annual,Percentage,18 years or over
Latvia,2008,Males,10.2,Employed persons,,,ESTAT:TESOV110(1.0),2024-04-26 23:00:00,Annual,Percentage,18 years or over
Latvia,2009,Males,10.9,Employed persons,,,ESTAT:TESOV110(1.0),2024-04-26 23:00:00,Annual,Percentage,18 years or over
Latvia,2010,Males,9.2,Employed persons,,,ESTAT:TESOV110(1.0),2024-04-26 23:00:00,Annual,Percentage,18 years or over
Latvia,2011,Males,8.3,Employed persons,,,ESTAT:TESOV110(1.0),2024-04-26 23:00:00,Annual,Percentage,18 years or over
Latvia,2012,Males,8.0,Employed persons,,,ESTAT:TESOV110(1.0),2024-04-26 23:00:00,Annual,Percentage,18 years or over
Latvia,2013,Males,7.7,Employed persons,,,ESTAT:TESOV110(1.0),2024-04-26 23:00:00,Annual,Percentage,18 years or over
Latvia,2014,Males,7.3,Employed persons,,,ESTAT:TESOV110(1.0),2024-04-26 23:00:00,Annual,Percentage,18 years or over
Latvia,2015,Males,9.0,Employed persons,,,ESTAT:TESOV110(1.0),2024-04-26 23:00:00,Annual,Percentage,18 years or over
Latvia,2016,Males,8.4,Employed persons,,,ESTAT:TESOV110(1.0),2024-04-26 23:00:00,Annual,Percentage,18 years or over
Latvia,2017,Males,8.2,Employed persons,,,ESTAT:TESOV110(1.0),2024-04-26 23:00:00,Annual,Percentage,18 years or over
Latvia,2018,Males,7.6,Employed persons,,,ESTAT:TESOV110(1.0),2024-04-26 23:00:00,Annual,Percentage,18 years or over
Latvia,2019,Males,8.1,Employed persons,,,ESTAT:TESOV110(1.0),2024-04-26 23:00:00,Annual,Percentage,18 years or over
Latvia,2020,Males,7.6,Employed persons,,,ESTAT:TESOV110(1.0),2024-04-26 23:00:00,Annual,Percentage,18 years or over
Latvia,2021,Males,8.2,Employed persons,,,ESTAT:TESOV110(1.0),2024-04-26 23:00:00,Annual,Percentage,18 years or over
Latvia,2022,Males,8.4,Employed persons,,,ESTAT:TESOV110(1.0),2024-04-26 23:00:00,Annual,Percentage,18 years or over
Latvia,2023,Males,8.2,Employed persons,,,ESTAT:TESOV110(1.0),2024-04-26 23:00:00,Annual,Percentage,18 years or over
Latvia,2024,Males,7.5,Employed persons,,,ESTAT:TESOV110(1.0),2024-04-26 23:00:00,Annual,Percentage,18 years or over
Latvia,2025,Males,7.4,Employed persons,,,ESTAT:TESOV110(1.0),2024-04-26 23:00:00,Annual,Percentage,18 years or over
Montenegro,2013,Males,7.1,Employed persons,,,ESTAT:TESOV110(1.0),2024-04-26 23:00:00,Annual,Percentage,18 years or over
Montenegro,2014,Males,9.4,Employed persons,,,ESTAT:TESOV110(1.0),2024-04-26 23:00:00,Annual,Percentage,18 years or over
Montenegro,2015,Males,9.6,Employed persons,,,ESTAT:TESOV110(1.0),2024-04-26 23:00:00,Annual,Percentage,18 years or over
Montenegro,2016,Males,10.0,Employed persons,,,ESTAT:TESOV110(1.0),2024-04-26 23:00:00,Annual,Percentage,18 years or over
Montenegro,2017,Males,8.8,Employed persons,,,ESTAT:TESOV110(1.0),2024-04-26 23:00:00,Annual,Percentage,18 years or over
Montenegro,2018,Males,9.3,Employed persons,,,ESTAT:TESOV110(1.0),2024-04-26 23:00:00,Annual,Percentage,18 years or over
Montenegro,2019,Males,11.7,Employed persons,,,ESTAT:TESOV110(1.0),2024-04-26 23:00:00,Annual,Percentage,18 years or over
Montenegro,2020,Males,12.1,Employed persons,,,ESTAT:TESOV110(1.0),2024-04-26 23:00:00,Annual,Percentage,18 years or over
Montenegro,2021,Males,8.4,Employed persons,,,ESTAT:TESOV110(1.0),2024-04-26 23:00:00,Annual,Percentage,18 years or over
Montenegro,2022,Males,6.9,Employed persons,,,ESTAT:TESOV110(1.0),2024-04-26 23:00:00,Annual,Percentage,18 years or over
Montenegro,2023,Males,6.4,Employed persons,,,ESTAT:TESOV110(1.0),2024-04-26 23:00:00,Annual,Percentage,18 years or over
North Macedonia,2011,Males,11.2,Employed persons,,,ESTAT:TESOV110(1.0),2024-04-26 23:00:00,Annual,Percentage,18 years or over
North Macedonia,2012,Males,11.9,Employed persons,,,ESTAT:TESOV110(1.0),2024-04-26 23:00:00,Annual,Percentage,18 years or over
North Macedonia,2013,Males,11.8,Employed persons,,,ESTAT:TESOV110(1.0),2024-04-26 23:00:00,Annual,Percentage,18 years or over
North Macedonia,2014,Males,11.0,Employed persons,,,ESTAT:TESOV110(1.0),2024-04-26 23:00:00,Annual,Percentage,18 years or over
North Macedonia,2015,Males,10.3,Employed persons,,,ESTAT:TESOV110(1.0),2024-04-26 23:00:00,Annual,Percentage,18 years or over
North Macedonia,2016,Males,10.6,Employed persons,,,ESTAT:TESOV110(1.0),2024-04-26 23:00:00,Annual,Percentage,18 years or over
North Macedonia,2017,Males,10.8,Employed persons,,,ESTAT:TESOV110(1.0),2024-04-26 23:00:00,Annual,Percentage,18 years or over
North Macedonia,2018,Males,10.6,Employed persons,,,ESTAT:TESOV110(1.0),2024-04-26 23:00:00,Annual,Percentage,18 years or over
North Macedonia,2019,Males,10.6,Employed persons,,,ESTAT:TESOV110(1.0),2024-04-26 23:00:00,Annual,Percentage,18 years or over
North Macedonia,2020,Males,10.2,Employed persons,,,ESTAT:TESOV110(1.0),2024-04-26 23:00:00,Annual,Percentage,18 years or over
North Macedonia,2021,Males,11.6,Employed persons,b,,ESTAT:TESOV110(1.0),2024-04-26 23:00:00,Annual,Percentage,18 years or over
North Macedonia,2022,Males,12.0,Employed persons,,,ESTAT:TESOV110(1.0),2024-04-26 23:00:00,Annual,Percentage,18 years or over
North Macedonia,2023,Males,11.6,Employed persons,,,ESTAT:TESOV110(1.0),2024-04-26 23:00:00,Annual,Percentage,18 years or over
North Macedonia,2024,Males,11.2,Employed persons,,,ESTAT:TESOV110(1.0),2024-04-26 23:00:00,Annual,Percentage,18 years or over
Malta,2005,Males,5.1,Employed persons,,,ESTAT:TESOV110(1.0),2024-04-26 23:00:00,Annual,Percentage,18 years or over
Malta,2006,Males,5.1,Employed persons,,,ESTAT:TESOV110(1.0),2024-04-26 23:00:00,Annual,Percentage,18 years or over
Malta,2007,Males,5.5,Employed persons,,,ESTAT:TESOV110(1.0),2024-04-26 23:00:00,Annual,Percentage,18 years or over
Malta,2008,Males,6.3,Employed persons,,,ESTAT:TESOV110(1.0),2024-04-26 23:00:00,Annual,Percentage,18 years or over
Malta,2009,Males,6.8,Employed persons,,,ESTAT:TESOV110(1.0),2024-04-26 23:00:00,Annual,Percentage,18 years or over
Malta,2010,Males,7.0,Employed persons,,,ESTAT:TESOV110(1.0),2024-04-26 23:00:00,Annual,Percentage,18 years or over
Malta,2011,Males,7.4,Employed persons,,,ESTAT:TESOV110(1.0),2024-04-26 23:00:00,Annual,Percentage,18 years or over
Malta,2012,Males,6.5,Employed persons,,,ESTAT:TESOV110(1.0),2024-04-26 23:00:00,Annual,Percentage,18 years or over
Malta,2013,Males,7.6,Employed persons,,,ESTAT:TESOV110(1.0),2024-04-26 23:00:00,Annual,Percentage,18 years or over
Malta,2014,Males,6.8,Employed persons,,,ESTAT:TESOV110(1.0),2024-04-26 23:00:00,Annual,Percentage,18 years or over
Malta,2015,Males,6.8,Employed persons,,,ESTAT:TESOV110(1.0),2024-04-26 23:00:00,Annual,Percentage,18 years or over
Malta,2016,Males,7.7,Employed persons,,,ESTAT:TESOV110(1.0),2024-04-26 23:00:00,Annual,Percentage,18 years or over
Malta,2017,Males,7.4,Employed persons,,,ESTAT:TESOV110(1.0),2024-04-26 23:00:00,Annual,Percentage,18 years or over
Malta,2018,Males,7.6,Employed persons,,,ESTAT:TESOV110(1.0),2024-04-26 23:00:00,Annual,Percentage,18 years or over
Malta,2019,Males,7.8,Employed persons,,,ESTAT:TESOV110(1.0),2024-04-26 23:00:00,Annual,Percentage,18 years or over
Malta,2020,Males,8.8,Employed persons,,,ESTAT:TESOV110(1.0),2024-04-26 23:00:00,Annual,Percentage,18 years or over
Malta,2021,Males,8.8,Employed persons,,,ESTAT:TESOV110(1.0),2024-04-26 23:00:00,Annual,Percentage,18 years or over
Malta,2022,Males,9.2,Employed persons,,,ESTAT:TESOV110(1.0),2024-04-26 23:00:00,Annual,Percentage,18 years or over
Malta,2023,Males,9.1,Employed persons,b,,ESTAT:TESOV110(1.0),2024-04-26 23:00:00,Annual,Percentage,18 years or over
Malta,2024,Males,8.7,Employed persons,,,ESTAT:TESOV110(1.0),2024-04-26 23:00:00,Annual,Percentage,18 years or over
Netherlands,2005,Males,6.1,Employed persons,,,ESTAT:TESOV110(1.0),2024-04-26 23:00:00,Annual,Percentage,18 years or over
Netherlands,2006,Males,4.5,Employed persons,,,ESTAT:TESOV110(1.0),2024-04-26 23:00:00,Annual,Percentage,18 years or over
Netherlands,2007,Males,4.6,Employed persons,,,ESTAT:TESOV110(1.0),2024-04-26 23:00:00,Annual,Percentage,18 years or over
Netherlands,2008,Males,4.8,Employed persons,,,ESTAT:TESOV110(1.0),2024-04-26 23:00:00,Annual,Percentage,18 years or over
Netherlands,2009,Males,5.0,Employed persons,,,ESTAT:TESOV110(1.0),2024-04-26 23:00:00,Annual,Percentage,18 years or over
Netherlands,2010,Males,5.6,Employed persons,,,ESTAT:TESOV110(1.0),2024-04-26 23:00:00,Annual,Percentage,18 years or over
Netherlands,2011,Males,5.8,Employed persons,,,ESTAT:TESOV110(1.0),2024-04-26 23:00:00,Annual,Percentage,18 years or over
Netherlands,2012,Males,4.8,Employed persons,,,ESTAT:TESOV110(1.0),2024-04-26 23:00:00,Annual,Percentage,18 years or over
Netherlands,2013,Males,5.2,Employed persons,,,ESTAT:TESOV110(1.0),2024-04-26 23:00:00,Annual,Percentage,18 years or over
Netherlands,2014,Males,5.8,Employed persons,,,ESTAT:TESOV110(1.0),2024-04-26 23:00:00,Annual,Percentage,18 years or over
Netherlands,2015,Males,5.4,Employed persons,,,ESTAT:TESOV110(1.0),2024-04-26 23:00:00,Annual,Percentage,18 years or over
Netherlands,2016,Males,6.1,Employed persons,b,,ESTAT:TESOV110(1.0),2024-04-26 23:00:00,Annual,Percentage,18 years or over
Netherlands,2017,Males,5.5,Employed persons,,,ESTAT:TESOV110(1.0),2024-04-26 23:00:00,Annual,Percentage,18 years or over
Netherlands,2018,Males,6.1,Employed persons,,,ESTAT:TESOV110(1.0),2024-04-26 23:00:00,Annual,Percentage,18 years or over
Netherlands,2019,Males,5.8,Employed persons,,,ESTAT:TESOV110(1.0),2024-04-26 23:00:00,Annual,Percentage,18 years or over
Netherlands,2020,Males,5.7,Employed persons,,,ESTAT:TESOV110(1.0),2024-04-26 23:00:00,Annual,Percentage,18 years or over
Netherlands,2021,Males,5.5,Employed persons,,,ESTAT:TESOV110(1.0),2024-04-26 23:00:00,Annual,Percentage,18 years or over
Netherlands,2022,Males,5.6,Employed persons,,,ESTAT:TESOV110(1.0),2024-04-26 23:00:00,Annual,Percentage,18 years or over
Netherlands,2023,Males,5.5,Employed persons,,,ESTAT:TESOV110(1.0),2024-04-26 23:00:00,Annual,Percentage,18 years or over
Netherlands,2024,Males,5.0,Employed persons,,,ESTAT:TESOV110(1.0),2024-04-26 23:00:00,Annual,Percentage,18 years or over
Netherlands,2025,Males,5.6,Employed persons,,,ESTAT:TESOV110(1.0),2024-04-26 23:00:00,Annual,Percentage,18 years or over
Norway,2005,Males,5.0,Employed persons,,,ESTAT:TESOV110(1.0),2024-04-26 23:00:00,Annual,Percentage,18 years or over
Norway,2006,Males,6.3,Employed persons,,,ESTAT:TESOV110(1.0),2024-04-26 23:00:00,Annual,Percentage,18 years or over
Norway,2007,Males,5.6,Employed persons,,,ESTAT:TESOV110(1.0),2024-04-26 23:00:00,Annual,Percentage,18 years or over
Norway,2008,Males,6.0,Employed persons,,,ESTAT:TESOV110(1.0),2024-04-26 23:00:00,Annual,Percentage,18 years or over
Norway,2009,Males,5.5,Employed persons,,,ESTAT:TESOV110(1.0),2024-04-26 23:00:00,Annual,Percentage,18 years or over
Norway,2010,Males,5.3,Employed persons,,,ESTAT:TESOV110(1.0),2024-04-26 23:00:00,Annual,Percentage,18 years or over
Norway,2011,Males,6.1,Employed persons,,,ESTAT:TESOV110(1.0),2024-04-26 23:00:00,Annual,Percentage,18 years or over
Norway,2012,Males,5.3,Employed persons,,,ESTAT:TESOV110(1.0),2024-04-26 23:00:00,Annual,Percentage,18 years or over
Norway,2013,Males,5.9,Employed persons,,,ESTAT:TESOV110(1.0),2024-04-26 23:00:00,Annual,Percentage,18 years or over
Norway,2014,Males,4.9,Employed persons,,,ESTAT:TESOV110(1.0),2024-04-26 23:00:00,Annual,Percentage,18 years or over
Norway,2015,Males,5.2,Employed persons,,,ESTAT:TESOV110(1.0),2024-04-26 23:00:00,Annual,Percentage,18 years or over
Norway,2016,Males,5.2,Employed persons,,,ESTAT:TESOV110(1.0),2024-04-26 23:00:00,Annual,Percentage,18 years or over
Norway,2017,Males,5.7,Employed persons,,,ESTAT:TESOV110(1.0),2024-04-26 23:00:00,Annual,Percentage,18 years or over
Norway,2018,Males,5.8,Employed persons,,,ESTAT:TESOV110(1.0),2024-04-26 23:00:00,Annual,Percentage,18 years or over
Norway,2019,Males,6.2,Employed persons,,,ESTAT:TESOV110(1.0),2024-04-26 23:00:00,Annual,Percentage,18 years or over
Norway,2020,Males,5.7,Employed persons,,,ESTAT:TESOV110(1.0),2024-04-26 23:00:00,Annual,Percentage,18 years or over
Norway,2021,Males,5.9,Employed persons,b,,ESTAT:TESOV110(1.0),2024-04-26 23:00:00,Annual,Percentage,18 years or over
Norway,2022,Males,6.4,Employed persons,,,ESTAT:TESOV110(1.0),2024-04-26 23:00:00,Annual,Percentage,18 years or over
Norway,2023,Males,5.6,Employed persons,b,,ESTAT:TESOV110(1.0),2024-04-26 23:00:00,Annual,Percentage,18 years or over
Norway,2024,Males,6.8,Employed persons,,,ESTAT:TESOV110(1.0),2024-04-26 23:00:00,Annual,Percentage,18 years or over
Norway,2025,Males,6.0,Employed persons,,,ESTAT:TESOV110(1.0),2024-04-26 23:00:00,Annual,Percentage,18 years or over
Poland,2005,Males,15.1,Employed persons,,,ESTAT:TESOV110(1.0),2024-04-26 23:00:00,Annual,Percentage,18 years or over
Poland,2006,Males,13.9,Employed persons,,,ESTAT:TESOV110(1.0),2024-04-26 23:00:00,Annual,Percentage,18 years or over
Poland,2007,Males,12.6,Employed persons,,,ESTAT:TESOV110(1.0),2024-04-26 23:00:00,Annual,Percentage,18 years or over
Poland,2008,Males,12.4,Employed persons,,,ESTAT:TESOV110(1.0),2024-04-26 23:00:00,Annual,Percentage,18 years or over
Poland,2009,Males,12.1,Employed persons,,,ESTAT:TESOV110(1.0),2024-04-26 23:00:00,Annual,Percentage,18 years or over
Poland,2010,Males,12.2,Employed persons,,,ESTAT:TESOV110(1.0),2024-04-26 23:00:00,Annual,Percentage,18 years or over
Poland,2011,Males,12.3,Employed persons,,,ESTAT:TESOV110(1.0),2024-04-26 23:00:00,Annual,Percentage,18 years or over
Poland,2012,Males,11.8,Employed persons,,,ESTAT:TESOV110(1.0),2024-04-26 23:00:00,Annual,Percentage,18 years or over
Poland,2013,Males,11.8,Employed persons,,,ESTAT:TESOV110(1.0),2024-04-26 23:00:00,Annual,Percentage,18 years or over
Poland,2014,Males,11.7,Employed persons,,,ESTAT:TESOV110(1.0),2024-04-26 23:00:00,Annual,Percentage,18 years or over
Poland,2015,Males,12.4,Employed persons,,,ESTAT:TESOV110(1.0),2024-04-26 23:00:00,Annual,Percentage,18 years or over
Poland,2016,Males,11.9,Employed persons,,,ESTAT:TESOV110(1.0),2024-04-26 23:00:00,Annual,Percentage,18 years or over
Poland,2017,Males,10.6,Employed persons,,,ESTAT:TESOV110(1.0),2024-04-26 23:00:00,Annual,Percentage,18 years or over
Poland,2018,Males,11.0,Employed persons,,,ESTAT:TESOV110(1.0),2024-04-26 23:00:00,Annual,Percentage,18 years or over
Poland,2019,Males,10.7,Employed persons,,,ESTAT:TESOV110(1.0),2024-04-26 23:00:00,Annual,Percentage,18 years or over
Poland,2020,Males,10.7,Employed persons,,,ESTAT:TESOV110(1.0),2024-04-26 23:00:00,Annual,Percentage,18 years or over
Poland,2021,Males,10.2,Employed persons,,,ESTAT:TESOV110(1.0),2024-04-26 23:00:00,Annual,Percentage,18 years or over
Poland,2022,Males,10.4,Employed persons,,,ESTAT:TESOV110(1.0),2024-04-26 23:00:00,Annual,Percentage,18 years or over
Poland,2023,Males,9.8,Employed persons,,,ESTAT:TESOV110(1.0),2024-04-26 23:00:00,Annual,Percentage,18 years or over
Poland,2024,Males,10.1,Employed persons,,,ESTAT:TESOV110(1.0),2024-04-26 23:00:00,Annual,Percentage,18 years or over
Poland,2025,Males,9.8,Employed persons,,,ESTAT:TESOV110(1.0),2024-04-26 23:00:00,Annual,Percentage,18 years or over
Portugal,2005,Males,12.8,Employed persons,,,ESTAT:TESOV110(1.0),2024-04-26 23:00:00,Annual,Percentage,18 years or over
Portugal,2006,Males,11.8,Employed persons,,,ESTAT:TESOV110(1.0),2024-04-26 23:00:00,Annual,Percentage,18 years or over
Portugal,2007,Males,10.2,Employed persons,,,ESTAT:TESOV110(1.0),2024-04-26 23:00:00,Annual,Percentage,18 years or over
Portugal,2008,Males,12.2,Employed persons,,,ESTAT:TESOV110(1.0),2024-04-26 23:00:00,Annual,Percentage,18 years or over
Portugal,2009,Males,11.0,Employed persons,,,ESTAT:TESOV110(1.0),2024-04-26 23:00:00,Annual,Percentage,18 years or over
Portugal,2010,Males,10.0,Employed persons,,,ESTAT:TESOV110(1.0),2024-04-26 23:00:00,Annual,Percentage,18 years or over
Portugal,2011,Males,10.6,Employed persons,,,ESTAT:TESOV110(1.0),2024-04-26 23:00:00,Annual,Percentage,18 years or over
Portugal,2012,Males,11.1,Employed persons,,,ESTAT:TESOV110(1.0),2024-04-26 23:00:00,Annual,Percentage,18 years or over
Portugal,2013,Males,11.7,Employed persons,,,ESTAT:TESOV110(1.0),2024-04-26 23:00:00,Annual,Percentage,18 years or over
Portugal,2014,Males,11.5,Employed persons,,,ESTAT:TESOV110(1.0),2024-04-26 23:00:00,Annual,Percentage,18 years or over
Portugal,2015,Males,11.6,Employed persons,,,ESTAT:TESOV110(1.0),2024-04-26 23:00:00,Annual,Percentage,18 years or over
Portugal,2016,Males,11.3,Employed persons,,,ESTAT:TESOV110(1.0),2024-04-26 23:00:00,Annual,Percentage,18 years or over
Portugal,2017,Males,11.2,Employed persons,,,ESTAT:TESOV110(1.0),2024-04-26 23:00:00,Annual,Percentage,18 years or over
Portugal,2018,Males,10.4,Employed persons,,,ESTAT:TESOV110(1.0),2024-04-26 23:00:00,Annual,Percentage,18 years or over
Portugal,2019,Males,11.0,Employed persons,,,ESTAT:TESOV110(1.0),2024-04-26 23:00:00,Annual,Percentage,18 years or over
Portugal,2020,Males,10.6,Employed persons,,,ESTAT:TESOV110(1.0),2024-04-26 23:00:00,Annual,Percentage,18 years or over
Portugal,2021,Males,12.1,Employed persons,,,ESTAT:TESOV110(1.0),2024-04-26 23:00:00,Annual,Percentage,18 years or over
Portugal,2022,Males,11.6,Employed persons,,,ESTAT:TESOV110(1.0),2024-04-26 23:00:00,Annual,Percentage,18 years or over
Portugal,2023,Males,10.7,Employed persons,,,ESTAT:TESOV110(1.0),2024-04-26 23:00:00,Annual,Percentage,18 years or over
Portugal,2024,Males,10.0,Employed persons,,,ESTAT:TESOV110(1.0),2024-04-26 23:00:00,Annual,Percentage,18 years or over
Portugal,2025,Males,9.0,Employed persons,,,ESTAT:TESOV110(1.0),2024-04-26 23:00:00,Annual,Percentage,18 years or over
Romania,2007,Males,19.0,Employed persons,,,ESTAT:TESOV110(1.0),2024-04-26 23:00:00,Annual,Percentage,18 years or over
Romania,2008,Males,19.3,Employed persons,,,ESTAT:TESOV110(1.0),2024-04-26 23:00:00,Annual,Percentage,18 years or over
Romania,2009,Males,19.3,Employed persons,,,ESTAT:TESOV110(1.0),2024-04-26 23:00:00,Annual,Percentage,18 years or over
Romania,2010,Males,19.7,Employed persons,,,ESTAT:TESOV110(1.0),2024-04-26 23:00:00,Annual,Percentage,18 years or over
Romania,2011,Males,21.4,Employed persons,,,ESTAT:TESOV110(1.0),2024-04-26 23:00:00,Annual,Percentage,18 years or over
Romania,2012,Males,21.3,Employed persons,,,ESTAT:TESOV110(1.0),2024-04-26 23:00:00,Annual,Percentage,18 years or over
Romania,2013,Males,21.0,Employed persons,,,ESTAT:TESOV110(1.0),2024-04-26 23:00:00,Annual,Percentage,18 years or over
Romania,2014,Males,22.6,Employed persons,,,ESTAT:TESOV110(1.0),2024-04-26 23:00:00,Annual,Percentage,18 years or over
Romania,2015,Males,21.0,Employed persons,,,ESTAT:TESOV110(1.0),2024-04-26 23:00:00,Annual,Percentage,18 years or over
Romania,2016,Males,21.5,Employed persons,,,ESTAT:TESOV110(1.0),2024-04-26 23:00:00,Annual,Percentage,18 years or over
Romania,2017,Males,20.1,Employed persons,,,ESTAT:TESOV110(1.0),2024-04-26 23:00:00,Annual,Percentage,18 years or over
Romania,2018,Males,17.9,Employed persons,,,ESTAT:TESOV110(1.0),2024-04-26 23:00:00,Annual,Percentage,18 years or over
Romania,2019,Males,18.5,Employed persons,,,ESTAT:TESOV110(1.0),2024-04-26 23:00:00,Annual,Percentage,18 years or over
Romania,2020,Males,18.1,Employed persons,,,ESTAT:TESOV110(1.0),2024-04-26 23:00:00,Annual,Percentage,18 years or over
Romania,2021,Males,18.6,Employed persons,,,ESTAT:TESOV110(1.0),2024-04-26 23:00:00,Annual,Percentage,18 years or over
Romania,2022,Males,17.8,Employed persons,,,ESTAT:TESOV110(1.0),2024-04-26 23:00:00,Annual,Percentage,18 years or over
Romania,2023,Males,18.9,Employed persons,,,ESTAT:TESOV110(1.0),2024-04-26 23:00:00,Annual,Percentage,18 years or over
Romania,2024,Males,14.4,Employed persons,,,ESTAT:TESOV110(1.0),2024-04-26 23:00:00,Annual,Percentage,18 years or over
Romania,2025,Males,13.5,Employed persons,,,ESTAT:TESOV110(1.0),2024-04-26 23:00:00,Annual,Percentage,18 years or over
Serbia,2013,Males,16.5,Employed persons,,,ESTAT:TESOV110(1.0),2024-04-26 23:00:00,Annual,Percentage,18 years or over
Serbia,2014,Males,15.6,Employed persons,,,ESTAT:TESOV110(1.0),2024-04-26 23:00:00,Annual,Percentage,18 years or over
Serbia,2015,Males,15.7,Employed persons,,,ESTAT:TESOV110(1.0),2024-04-26 23:00:00,Annual,Percentage,18 years or over
Serbia,2016,Males,13.9,Employed persons,,,ESTAT:TESOV110(1.0),2024-04-26 23:00:00,Annual,Percentage,18 years or over
Serbia,2017,Males,12.2,Employed persons,,,ESTAT:TESOV110(1.0),2024-04-26 23:00:00,Annual,Percentage,18 years or over
Serbia,2018,Males,11.3,Employed persons,,,ESTAT:TESOV110(1.0),2024-04-26 23:00:00,Annual,Percentage,18 years or over
Serbia,2019,Males,9.3,Employed persons,,,ESTAT:TESOV110(1.0),2024-04-26 23:00:00,Annual,Percentage,18 years or over
Serbia,2020,Males,8.9,Employed persons,,,ESTAT:TESOV110(1.0),2024-04-26 23:00:00,Annual,Percentage,18 years or over
Serbia,2021,Males,7.0,Employed persons,,,ESTAT:TESOV110(1.0),2024-04-26 23:00:00,Annual,Percentage,18 years or over
Serbia,2022,Males,7.4,Employed persons,,,ESTAT:TESOV110(1.0),2024-04-26 23:00:00,Annual,Percentage,18 years or over
Serbia,2023,Males,7.5,Employed persons,,,ESTAT:TESOV110(1.0),2024-04-26 23:00:00,Annual,Percentage,18 years or over
Serbia,2024,Males,7.2,Employed persons,,,ESTAT:TESOV110(1.0),2024-04-26 23:00:00,Annual,Percentage,18 years or over
Sweden,2005,Males,6.2,Employed persons,,,ESTAT:TESOV110(1.0),2024-04-26 23:00:00,Annual,Percentage,18 years or over
Sweden,2006,Males,8.4,Employed persons,,,ESTAT:TESOV110(1.0),2024-04-26 23:00:00,Annual,Percentage,18 years or over
Sweden,2007,Males,7.0,Employed persons,,,ESTAT:TESOV110(1.0),2024-04-26 23:00:00,Annual,Percentage,18 years or over
Sweden,2008,Males,8.1,Employed persons,b,,ESTAT:TESOV110(1.0),2024-04-26 23:00:00,Annual,Percentage,18 years or over
Sweden,2009,Males,7.8,Employed persons,,,ESTAT:TESOV110(1.0),2024-04-26 23:00:00,Annual,Percentage,18 years or over
Sweden,2010,Males,7.8,Employed persons,,,ESTAT:TESOV110(1.0),2024-04-26 23:00:00,Annual,Percentage,18 years or over
Sweden,2011,Males,7.8,Employed persons,,,ESTAT:TESOV110(1.0),2024-04-26 23:00:00,Annual,Percentage,18 years or over
Sweden,2012,Males,7.6,Employed persons,,,ESTAT:TESOV110(1.0),2024-04-26 23:00:00,Annual,Percentage,18 years or over
Sweden,2013,Males,7.9,Employed persons,,,ESTAT:TESOV110(1.0),2024-04-26 23:00:00,Annual,Percentage,18 years or over
Sweden,2014,Males,8.4,Employed persons,,,ESTAT:TESOV110(1.0),2024-04-26 23:00:00,Annual,Percentage,18 years or over
Sweden,2015,Males,8.9,Employed persons,,,ESTAT:TESOV110(1.0),2024-04-26 23:00:00,Annual,Percentage,18 years or over
Sweden,2016,Males,7.0,Employed persons,,,ESTAT:TESOV110(1.0),2024-04-26 23:00:00,Annual,Percentage,18 years or over
Sweden,2017,Males,8.1,Employed persons,,,ESTAT:TESOV110(1.0),2024-04-26 23:00:00,Annual,Percentage,18 years or over
Sweden,2018,Males,7.4,Employed persons,,,ESTAT:TESOV110(1.0),2024-04-26 23:00:00,Annual,Percentage,18 years or over
Sweden,2019,Males,8.6,Employed persons,,,ESTAT:TESOV110(1.0),2024-04-26 23:00:00,Annual,Percentage,18 years or over
Sweden,2020,Males,8.1,Employed persons,,,ESTAT:TESOV110(1.0),2024-04-26 23:00:00,Annual,Percentage,18 years or over
Sweden,2021,Males,7.4,Employed persons,,,ESTAT:TESOV110(1.0),2024-04-26 23:00:00,Annual,Percentage,18 years or over
Sweden,2022,Males,8.4,Employed persons,,,ESTAT:TESOV110(1.0),2024-04-26 23:00:00,Annual,Percentage,18 years or over
Sweden,2023,Males,7.5,Employed persons,,,ESTAT:TESOV110(1.0),2024-04-26 23:00:00,Annual,Percentage,18 years or over
Sweden,2024,Males,8.9,Employed persons,,,ESTAT:TESOV110(1.0),2024-04-26 23:00:00,Annual,Percentage,18 years or over
Sweden,2025,Males,8.4,Employed persons,,,ESTAT:TESOV110(1.0),2024-04-26 23:00:00,Annual,Percentage,18 years or over
Slovenia,2005,Males,5.2,Employed persons,,,ESTAT:TESOV110(1.0),2024-04-26 23:00:00,Annual,Percentage,18 years or over
Slovenia,2006,Males,5.4,Employed persons,,,ESTAT:TESOV110(1.0),2024-04-26 23:00:00,Annual,Percentage,18 years or over
Slovenia,2007,Males,5.2,Employed persons,,,ESTAT:TESOV110(1.0),2024-04-26 23:00:00,Annual,Percentage,18 years or over
Slovenia,2008,Males,5.5,Employed persons,,,ESTAT:TESOV110(1.0),2024-04-26 23:00:00,Annual,Percentage,18 years or over
Slovenia,2009,Males,5.2,Employed persons,,,ESTAT:TESOV110(1.0),2024-04-26 23:00:00,Annual,Percentage,18 years or over
Slovenia,2010,Males,6.2,Employed persons,,,ESTAT:TESOV110(1.0),2024-04-26 23:00:00,Annual,Percentage,18 years or over
Slovenia,2011,Males,7.2,Employed persons,,,ESTAT:TESOV110(1.0),2024-04-26 23:00:00,Annual,Percentage,18 years or over
Slovenia,2012,Males,7.6,Employed persons,,,ESTAT:TESOV110(1.0),2024-04-26 23:00:00,Annual,Percentage,18 years or over
Slovenia,2013,Males,8.4,Employed persons,,,ESTAT:TESOV110(1.0),2024-04-26 23:00:00,Annual,Percentage,18 years or over
Slovenia,2014,Males,7.9,Employed persons,,,ESTAT:TESOV110(1.0),2024-04-26 23:00:00,Annual,Percentage,18 years or over
Slovenia,2015,Males,7.7,Employed persons,,,ESTAT:TESOV110(1.0),2024-04-26 23:00:00,Annual,Percentage,18 years or over
Slovenia,2016,Males,7.1,Employed persons,,,ESTAT:TESOV110(1.0),2024-04-26 23:00:00,Annual,Percentage,18 years or over
Slovenia,2017,Males,7.7,Employed persons,,,ESTAT:TESOV110(1.0),2024-04-26 23:00:00,Annual,Percentage,18 years or over
Slovenia,2018,Males,7.6,Employed persons,,,ESTAT:TESOV110(1.0),2024-04-26 23:00:00,Annual,Percentage,18 years or over
Slovenia,2019,Males,5.3,Employed persons,,,ESTAT:TESOV110(1.0),2024-04-26 23:00:00,Annual,Percentage,18 years or over
Slovenia,2020,Males,6.2,Employed persons,,,ESTAT:TESOV110(1.0),2024-04-26 23:00:00,Annual,Percentage,18 years or over
Slovenia,2021,Males,5.4,Employed persons,,,ESTAT:TESOV110(1.0),2024-04-26 23:00:00,Annual,Percentage,18 years or over
Slovenia,2022,Males,5.4,Employed persons,,,ESTAT:TESOV110(1.0),2024-04-26 23:00:00,Annual,Percentage,18 years or over
Slovenia,2023,Males,6.5,Employed persons,,,ESTAT:TESOV110(1.0),2024-04-26 23:00:00,Annual,Percentage,18 years or over
Slovenia,2024,Males,5.9,Employed persons,,,ESTAT:TESOV110(1.0),2024-04-26 23:00:00,Annual,Percentage,18 years or over
Slovenia,2025,Males,6.6,Employed persons,,,ESTAT:TESOV110(1.0),2024-04-26 23:00:00,Annual,Percentage,18 years or over
Slovakia,2005,Males,8.7,Employed persons,,,ESTAT:TESOV110(1.0),2024-04-26 23:00:00,Annual,Percentage,18 years or over
Slovakia,2006,Males,6.3,Employed persons,,,ESTAT:TESOV110(1.0),2024-04-26 23:00:00,Annual,Percentage,18 years or over
Slovakia,2007,Males,4.8,Employed persons,,,ESTAT:TESOV110(1.0),2024-04-26 23:00:00,Annual,Percentage,18 years or over
Slovakia,2008,Males,6.2,Employed persons,,,ESTAT:TESOV110(1.0),2024-04-26 23:00:00,Annual,Percentage,18 years or over
Slovakia,2009,Males,5.5,Employed persons,,,ESTAT:TESOV110(1.0),2024-04-26 23:00:00,Annual,Percentage,18 years or over
Slovakia,2010,Males,5.9,Employed persons,,,ESTAT:TESOV110(1.0),2024-04-26 23:00:00,Annual,Percentage,18 years or over
Slovakia,2011,Males,6.7,Employed persons,,,ESTAT:TESOV110(1.0),2024-04-26 23:00:00,Annual,Percentage,18 years or over
Slovakia,2012,Males,6.6,Employed persons,,,ESTAT:TESOV110(1.0),2024-04-26 23:00:00,Annual,Percentage,18 years or over
Slovakia,2013,Males,5.9,Employed persons,,,ESTAT:TESOV110(1.0),2024-04-26 23:00:00,Annual,Percentage,18 years or over
Slovakia,2014,Males,6.1,Employed persons,,,ESTAT:TESOV110(1.0),2024-04-26 23:00:00,Annual,Percentage,18 years or over
Slovakia,2015,Males,6.5,Employed persons,,,ESTAT:TESOV110(1.0),2024-04-26 23:00:00,Annual,Percentage,18 years or over
Slovakia,2016,Males,6.9,Employed persons,,,ESTAT:TESOV110(1.0),2024-04-26 23:00:00,Annual,Percentage,18 years or over
Slovakia,2017,Males,6.8,Employed persons,,,ESTAT:TESOV110(1.0),2024-04-26 23:00:00,Annual,Percentage,18 years or over
Slovakia,2018,Males,6.2,Employed persons,,,ESTAT:TESOV110(1.0),2024-04-26 23:00:00,Annual,Percentage,18 years or over
Slovakia,2019,Males,5.2,Employed persons,,,ESTAT:TESOV110(1.0),2024-04-26 23:00:00,Annual,Percentage,18 years or over
Slovakia,2020,Males,6.0,Employed persons,,,ESTAT:TESOV110(1.0),2024-04-26 23:00:00,Annual,Percentage,18 years or over
Slovakia,2021,Males,7.2,Employed persons,,,ESTAT:TESOV110(1.0),2024-04-26 23:00:00,Annual,Percentage,18 years or over
Slovakia,2022,Males,7.9,Employed persons,,,ESTAT:TESOV110(1.0),2024-04-26 23:00:00,Annual,Percentage,18 years or over
Slovakia,2023,Males,10.1,Employed persons,,,ESTAT:TESOV110(1.0),2024-04-26 23:00:00,Annual,Percentage,18 years or over
Slovakia,2024,Males,11.4,Employed persons,,,ESTAT:TESOV110(1.0),2024-04-26 23:00:00,Annual,Percentage,18 years or over
Türkiye,2006,Males,17.3,Employed persons,,,ESTAT:TESOV110(1.0),2024-04-26 23:00:00,Annual,Percentage,18 years or over
Türkiye,2007,Males,17.3,Employed persons,,,ESTAT:TESOV110(1.0),2024-04-26 23:00:00,Annual,Percentage,18 years or over
Türkiye,2008,Males,17.2,Employed persons,,,ESTAT:TESOV110(1.0),2024-04-26 23:00:00,Annual,Percentage,18 years or over
Türkiye,2009,Males,17.5,Employed persons,,,ESTAT:TESOV110(1.0),2024-04-26 23:00:00,Annual,Percentage,18 years or over
Türkiye,2010,Males,16.7,Employed persons,,,ESTAT:TESOV110(1.0),2024-04-26 23:00:00,Annual,Percentage,18 years or over
Türkiye,2011,Males,15.4,Employed persons,,,ESTAT:TESOV110(1.0),2024-04-26 23:00:00,Annual,Percentage,18 years or over
Türkiye,2012,Males,15.2,Employed persons,,,ESTAT:TESOV110(1.0),2024-04-26 23:00:00,Annual,Percentage,18 years or over
Türkiye,2013,Males,15.3,Employed persons,,,ESTAT:TESOV110(1.0),2024-04-26 23:00:00,Annual,Percentage,18 years or over
Türkiye,2014,Males,15.4,Employed persons,,,ESTAT:TESOV110(1.0),2024-04-26 23:00:00,Annual,Percentage,18 years or over
Türkiye,2015,Males,14.7,Employed persons,,,ESTAT:TESOV110(1.0),2024-04-26 23:00:00,Annual,Percentage,18 years or over
Türkiye,2016,Males,15.0,Employed persons,,,ESTAT:TESOV110(1.0),2024-04-26 23:00:00,Annual,Percentage,18 years or over
Türkiye,2017,Males,14.4,Employed persons,,,ESTAT:TESOV110(1.0),2024-04-26 23:00:00,Annual,Percentage,18 years or over
Türkiye,2018,Males,14.4,Employed persons,,,ESTAT:TESOV110(1.0),2024-04-26 23:00:00,Annual,Percentage,18 years or over
Türkiye,2019,Males,14.6,Employed persons,,,ESTAT:TESOV110(1.0),2024-04-26 23:00:00,Annual,Percentage,18 years or over
Türkiye,2020,Males,14.2,Employed persons,,,ESTAT:TESOV110(1.0),2024-04-26 23:00:00,Annual,Percentage,18 years or over
Türkiye,2021,Males,14.0,Employed persons,,,ESTAT:TESOV110(1.0),2024-04-26 23:00:00,Annual,Percentage,18 years or over
Türkiye,2022,Males,14.7,Employed persons,,,ESTAT:TESOV110(1.0),2024-04-26 23:00:00,Annual,Percentage,18 years or over
Türkiye,2023,Males,12.7,Employed persons,,,ESTAT:TESOV110(1.0),2024-04-26 23:00:00,Annual,Percentage,18 years or over
Türkiye,2024,Males,12.1,Employed persons,,,ESTAT:TESOV110(1.0),2024-04-26 23:00:00,Annual,Percentage,18 years or over
Türkiye,2025,Males,12.2,Employed persons,,,ESTAT:TESOV110(1.0),2024-04-26 23:00:00,Annual,Percentage,18 years or over
United Kingdom,2005,Males,8.8,Employed persons,,,ESTAT:TESOV110(1.0),2024-04-26 23:00:00,Annual,Percentage,18 years or over
United Kingdom,2006,Males,8.1,Employed persons,,,ESTAT:TESOV110(1.0),2024-04-26 23:00:00,Annual,Percentage,18 years or over
United Kingdom,2007,Males,8.3,Employed persons,,,ESTAT:TESOV110(1.0),2024-04-26 23:00:00,Annual,Percentage,18 years or over
United Kingdom,2008,Males,8.1,Employed persons,,,ESTAT:TESOV110(1.0),2024-04-26 23:00:00,Annual,Percentage,18 years or over
United Kingdom,2009,Males,6.4,Employed persons,,,ESTAT:TESOV110(1.0),2024-04-26 23:00:00,Annual,Percentage,18 years or over
United Kingdom,2010,Males,6.8,Employed persons,,,ESTAT:TESOV110(1.0),2024-04-26 23:00:00,Annual,Percentage,18 years or over
United Kingdom,2011,Males,7.7,Employed persons,,,ESTAT:TESOV110(1.0),2024-04-26 23:00:00,Annual,Percentage,18 years or over
United Kingdom,2012,Males,9.1,Employed persons,b,,ESTAT:TESOV110(1.0),2024-04-26 23:00:00,Annual,Percentage,18 years or over
United Kingdom,2013,Males,8.7,Employed persons,,,ESTAT:TESOV110(1.0),2024-04-26 23:00:00,Annual,Percentage,18 years or over
United Kingdom,2014,Males,9.0,Employed persons,,,ESTAT:TESOV110(1.0),2024-04-26 23:00:00,Annual,Percentage,18 years or over
United Kingdom,2015,Males,8.9,Employed persons,,,ESTAT:TESOV110(1.0),2024-04-26 23:00:00,Annual,Percentage,18 years or over
United Kingdom,2016,Males,9.0,Employed persons,,,ESTAT:TESOV110(1.0),2024-04-26 23:00:00,Annual,Percentage,18 years or over
United Kingdom,2017,Males,8.8,Employed persons,b,,ESTAT:TESOV110(1.0),2024-04-26 23:00:00,Annual,Percentage,18 years or over
United Kingdom,2018,Males,10.2,Employed persons,,,ESTAT:TESOV110(1.0),2024-04-26 23:00:00,Annual,Percentage,18 years or over
Kosovo*,2018,Males,8.3,Employed persons,,,ESTAT:TESOV110(1.0),2024-04-26 23:00:00,Annual,Percentage,18 years or over
