country,year,sex,value,quality_obs_flag,quality_conf_status,dataflow,last_update,freq,indic_em,unit,age
Austria,2009,Females,68.2,,,ESTAT:TESEM010(1.0),2016-04-26 23:00:00,Annual,Total employment (resident population concept - LFS),Percentage of total population,From 20 to 64 years
Austria,2010,Females,68.8,,,ESTAT:TESEM010(1.0),2016-04-26 23:00:00,Annual,Total employment (resident population concept - LFS),Percentage of total population,From 20 to 64 years
Austria,2011,Females,69.2,,,ESTAT:TESEM010(1.0),2016-04-26 23:00:00,Annual,Total employment (resident population concept - LFS),Percentage of total population,From 20 to 64 years
Austria,2012,Females,69.6,,,ESTAT:TESEM010(1.0),2016-04-26 23:00:00,Annual,Total employment (resident population concept - LFS),Percentage of total population,From 20 to 64 years
Austria,2013,Females,70.0,,,ESTAT:TESEM010(1.0),2016-04-26 23:00:00,Annual,Total employment (resident population concept - LFS),Percentage of total population,From 20 to 64 years
Austria,2014,Females,70.1,,,ESTAT:TESEM010(1.0),2016-04-26 23:00:00,Annual,Total employment (resident population concept - LFS),Percentage of total population,From 20 to 64 years
Austria,2015,Females,70.2,,,ESTAT:TESEM010(1.0),2016-04-26 23:00:00,Annual,Total employment (resident population concept - LFS),Percentage of total population,From 20 to 64 years
Austria,2016,Females,70.9,,,ESTAT:TESEM010(1.0),2016-04-26 23:00:00,Annual,Total employment (resident population concept - LFS),Percentage of total population,From 20 to 64 years
Austria,2017,Females,71.4,,,ESTAT:TESEM010(1.0),2016-04-26 23:00:00,Annual,Total employment (resident population concept - LFS),Percentage of total population,From 20 to 64 years
Austria,2018,Females,71.7,,,ESTAT:TESEM010(1.0),2016-04-26 23:00:00,Annual,Total employment (resident population concept - LFS),Percentage of total population,From 20 to 64 years
Austria,2019,Females,72.4,,,ESTAT:TESEM010(1.0),2016-04-26 23:00:00,Annual,Total employment (resident population concept - LFS),Percentage of total population,From 20 to 64 years
Austria,2020,Females,70.6,,,ESTAT:TESEM010(1.0),2016-04-26 23:00:00,Annual,Total employment (resident population concept - LFS),Percentage of total population,From 20 to 64 years
Austria,2021,Females,71.3,,,ESTAT:TESEM010(1.0),2016-04-26 23:00:00,Annual,Total employment (resident population concept - LFS),Percentage of total population,From 20 to 64 years
Austria,2022,Females,73.4,,,ESTAT:TESEM010(1.0),2016-04-26 23:00:00,Annual,Total employment (resident population concept - LFS),Percentage of total population,From 20 to 64 years
Austria,2023,Females,73.3,,,ESTAT:TESEM010(1.0),2016-04-26 23:00:00,Annual,Total employment (resident population concept - LFS),Percentage of total population,From 20 to 64 years
Austria,2024,Females,73.9,,,ESTAT:TESEM010(1.0),2016-04-26 23:00:00,Annual,Total employment (resident population concept - LFS),Percentage of total population,From 20 to 64 years
Austria,2025,Females,74.2,,,ESTAT:TESEM010(1.0),2016-04-26 23:00:00,Annual,Total employment (resident population concept - LFS),Percentage of total population,From 20 to 64 years
Bosnia and Herzegovina,2021,Females,39.1,,,ESTAT:TESEM010(1.0),2016-04-26 23:00:00,Annual,Total employment (resident population concept - LFS),Percentage of total population,From 20 to 64 years
Bosnia and Herzegovina,2022,Females,40.0,,,ESTAT:TESEM010(1.0),2016-04-26 23:00:00,Annual,Total employment (resident population concept - LFS),Percentage of total population,From 20 to 64 years
Bosnia and Herzegovina,2023,Females,42.1,,,ESTAT:TESEM010(1.0),2016-04-26 23:00:00,Annual,Total employment (resident population concept - LFS),Percentage of total population,From 20 to 64 years
Bosnia and Herzegovina,2024,Females,44.3,,,ESTAT:TESEM010(1.0),2016-04-26 23:00:00,Annual,Total employment (resident population concept - LFS),Percentage of total population,From 20 to 64 years
Bosnia and Herzegovina,2025,Females,45.2,,,ESTAT:TESEM010(1.0),2016-04-26 23:00:00,Annual,Total employment (resident population concept - LFS),Percentage of total population,From 20 to 64 years
Belgium,2009,Females,61.0,,,ESTAT:TESEM010(1.0),2016-04-26 23:00:00,Annual,Total employment (resident population concept - LFS),Percentage of total population,From 20 to 64 years
Belgium,2010,Females,61.6,,,ESTAT:TESEM010(1.0),2016-04-26 23:00:00,Annual,Total employment (resident population concept - LFS),Percentage of total population,From 20 to 64 years
Belgium,2011,Females,61.5,,,ESTAT:TESEM010(1.0),2016-04-26 23:00:00,Annual,Total employment (resident population concept - LFS),Percentage of total population,From 20 to 64 years
Belgium,2012,Females,61.7,,,ESTAT:TESEM010(1.0),2016-04-26 23:00:00,Annual,Total employment (resident population concept - LFS),Percentage of total population,From 20 to 64 years
Belgium,2013,Females,62.1,,,ESTAT:TESEM010(1.0),2016-04-26 23:00:00,Annual,Total employment (resident population concept - LFS),Percentage of total population,From 20 to 64 years
Belgium,2014,Females,62.9,,,ESTAT:TESEM010(1.0),2016-04-26 23:00:00,Annual,Total employment (resident population concept - LFS),Percentage of total population,From 20 to 64 years
Belgium,2015,Females,63.0,,,ESTAT:TESEM010(1.0),2016-04-26 23:00:00,Annual,Total employment (resident population concept - LFS),Percentage of total population,From 20 to 64 years
Belgium,2016,Females,63.0,,,ESTAT:TESEM010(1.0),2016-04-26 23:00:00,Annual,Total employment (resident population concept - LFS),Percentage of total population,From 20 to 64 years
Belgium,2017,Females,63.6,b,,ESTAT:TESEM010(1.0),2016-04-26 23:00:00,Annual,Total employment (resident population concept - LFS),Percentage of total population,From 20 to 64 years
Belgium,2018,Females,65.5,,,ESTAT:TESEM010(1.0),2016-04-26 23:00:00,Annual,Total employment (resident population concept - LFS),Percentage of total population,From 20 to 64 years
Belgium,2019,Females,66.5,,,ESTAT:TESEM010(1.0),2016-04-26 23:00:00,Annual,Total employment (resident population concept - LFS),Percentage of total population,From 20 to 64 years
Belgium,2020,Females,65.6,,,ESTAT:TESEM010(1.0),2016-04-26 23:00:00,Annual,Total employment (resident population concept - LFS),Percentage of total population,From 20 to 64 years
Belgium,2021,Females,66.8,,,ESTAT:TESEM010(1.0),2016-04-26 23:00:00,Annual,Total employment (resident population concept - LFS),Percentage of total population,From 20 to 64 years
Belgium,2022,Females,68.1,,,ESTAT:TESEM010(1.0),2016-04-26 23:00:00,Annual,Total employment (resident population concept - LFS),Percentage of total population,From 20 to 64 years
Belgium,2023,Females,68.3,,,ESTAT:TESEM010(1.0),2016-04-26 23:00:00,Annual,Total employment (resident population concept - LFS),Percentage of total population,From 20 to 64 years
Belgium,2024,Females,68.3,,,ESTAT:TESEM010(1.0),2016-04-26 23:00:00,Annual,Total employment (resident population concept - LFS),Percentage of total population,From 20 to 64 years
Belgium,2025,Females,69.3,,,ESTAT:TESEM010(1.0),2016-04-26 23:00:00,Annual,Total employment (resident population concept - LFS),Percentage of total population,From 20 to 64 years
Bulgaria,2009,Females,63.6,,,ESTAT:TESEM010(1.0),2016-04-26 23:00:00,Annual,Total employment (resident population concept - LFS),Percentage of total population,From 20 to 64 years
Bulgaria,2010,Females,60.3,b,,ESTAT:TESEM010(1.0),2016-04-26 23:00:00,Annual,Total employment (resident population concept - LFS),Percentage of total population,From 20 to 64 years
Bulgaria,2011,Females,59.4,b,,ESTAT:TESEM010(1.0),2016-04-26 23:00:00,Annual,Total employment (resident population concept - LFS),Percentage of total population,From 20 to 64 years
Bulgaria,2012,Females,59.8,,,ESTAT:TESEM010(1.0),2016-04-26 23:00:00,Annual,Total employment (resident population concept - LFS),Percentage of total population,From 20 to 64 years
Bulgaria,2013,Females,60.2,,,ESTAT:TESEM010(1.0),2016-04-26 23:00:00,Annual,Total employment (resident population concept - LFS),Percentage of total population,From 20 to 64 years
Bulgaria,2014,Females,61.5,,,ESTAT:TESEM010(1.0),2016-04-26 23:00:00,Annual,Total employment (resident population concept - LFS),Percentage of total population,From 20 to 64 years
Bulgaria,2015,Females,63.3,,,ESTAT:TESEM010(1.0),2016-04-26 23:00:00,Annual,Total employment (resident population concept - LFS),Percentage of total population,From 20 to 64 years
Bulgaria,2016,Females,63.6,,,ESTAT:TESEM010(1.0),2016-04-26 23:00:00,Annual,Total employment (resident population concept - LFS),Percentage of total population,From 20 to 64 years
Bulgaria,2017,Females,66.8,,,ESTAT:TESEM010(1.0),2016-04-26 23:00:00,Annual,Total employment (resident population concept - LFS),Percentage of total population,From 20 to 64 years
Bulgaria,2018,Females,67.8,,,ESTAT:TESEM010(1.0),2016-04-26 23:00:00,Annual,Total employment (resident population concept - LFS),Percentage of total population,From 20 to 64 years
Bulgaria,2019,Females,70.2,b,,ESTAT:TESEM010(1.0),2016-04-26 23:00:00,Annual,Total employment (resident population concept - LFS),Percentage of total population,From 20 to 64 years
Bulgaria,2020,Females,68.5,,,ESTAT:TESEM010(1.0),2016-04-26 23:00:00,Annual,Total employment (resident population concept - LFS),Percentage of total population,From 20 to 64 years
Bulgaria,2021,Females,69.1,,,ESTAT:TESEM010(1.0),2016-04-26 23:00:00,Annual,Total employment (resident population concept - LFS),Percentage of total population,From 20 to 64 years
Bulgaria,2022,Females,72.1,,,ESTAT:TESEM010(1.0),2016-04-26 23:00:00,Annual,Total employment (resident population concept - LFS),Percentage of total population,From 20 to 64 years
Bulgaria,2023,Females,72.6,,,ESTAT:TESEM010(1.0),2016-04-26 23:00:00,Annual,Total employment (resident population concept - LFS),Percentage of total population,From 20 to 64 years
Bulgaria,2024,Females,73.1,b,,ESTAT:TESEM010(1.0),2016-04-26 23:00:00,Annual,Total employment (resident population concept - LFS),Percentage of total population,From 20 to 64 years
Bulgaria,2025,Females,73.2,,,ESTAT:TESEM010(1.0),2016-04-26 23:00:00,Annual,Total employment (resident population concept - LFS),Percentage of total population,From 20 to 64 years
Switzerland,2010,Females,73.2,b,,ESTAT:TESEM010(1.0),2016-04-26 23:00:00,Annual,Total employment (resident population concept - LFS),Percentage of total population,From 20 to 64 years
Switzerland,2011,Females,74.6,,,ESTAT:TESEM010(1.0),2016-04-26 23:00:00,Annual,Total employment (resident population concept - LFS),Percentage of total population,From 20 to 64 years
Switzerland,2012,Females,75.3,,,ESTAT:TESEM010(1.0),2016-04-26 23:00:00,Annual,Total employment (resident population concept - LFS),Percentage of total population,From 20 to 64 years
Switzerland,2013,Females,75.3,,,ESTAT:TESEM010(1.0),2016-04-26 23:00:00,Annual,Total employment (resident population concept - LFS),Percentage of total population,From 20 to 64 years
Switzerland,2014,Females,76.2,,,ESTAT:TESEM010(1.0),2016-04-26 23:00:00,Annual,Total employment (resident population concept - LFS),Percentage of total population,From 20 to 64 years
Switzerland,2015,Females,76.8,,,ESTAT:TESEM010(1.0),2016-04-26 23:00:00,Annual,Total employment (resident population concept - LFS),Percentage of total population,From 20 to 64 years
Switzerland,2016,Females,77.5,,,ESTAT:TESEM010(1.0),2016-04-26 23:00:00,Annual,Total employment (resident population concept - LFS),Percentage of total population,From 20 to 64 years
Switzerland,2017,Females,77.4,,,ESTAT:TESEM010(1.0),2016-04-26 23:00:00,Annual,Total employment (resident population concept - LFS),Percentage of total population,From 20 to 64 years
Switzerland,2018,Females,77.9,,,ESTAT:TESEM010(1.0),2016-04-26 23:00:00,Annual,Total employment (resident population concept - LFS),Percentage of total population,From 20 to 64 years
Switzerland,2019,Females,78.6,,,ESTAT:TESEM010(1.0),2016-04-26 23:00:00,Annual,Total employment (resident population concept - LFS),Percentage of total population,From 20 to 64 years
Switzerland,2020,Females,78.3,,,ESTAT:TESEM010(1.0),2016-04-26 23:00:00,Annual,Total employment (resident population concept - LFS),Percentage of total population,From 20 to 64 years
Switzerland,2021,Females,78.1,,,ESTAT:TESEM010(1.0),2016-04-26 23:00:00,Annual,Total employment (resident population concept - LFS),Percentage of total population,From 20 to 64 years
Switzerland,2022,Females,78.4,,,ESTAT:TESEM010(1.0),2016-04-26 23:00:00,Annual,Total employment (resident population concept - LFS),Percentage of total population,From 20 to 64 years
Switzerland,2023,Females,79.2,,,ESTAT:TESEM010(1.0),2016-04-26 23:00:00,Annual,Total employment (resident population concept - LFS),Percentage of total population,From 20 to 64 years
Switzerland,2024,Females,79.5,,,ESTAT:TESEM010(1.0),2016-04-26 23:00:00,Annual,Total employment (resident population concept - LFS),Percentage of total population,From 20 to 64 years
Switzerland,2025,Females,79.2,,,ESTAT:TESEM010(1.0),2016-04-26 23:00:00,Annual,Total employment (resident population concept - LFS),Percentage of total population,From 20 to 64 years
Cyprus,2009,Females,68.3,,,ESTAT:TESEM010(1.0),2016-04-26 23:00:00,Annual,Total employment (resident population concept - LFS),Percentage of total population,From 20 to 64 years
Cyprus,2010,Females,68.8,,,ESTAT:TESEM010(1.0),2016-04-26 23:00:00,Annual,Total employment (resident population concept - LFS),Percentage of total population,From 20 to 64 years
Cyprus,2011,Females,67.7,,,ESTAT:TESEM010(1.0),2016-04-26 23:00:00,Annual,Total employment (resident population concept - LFS),Percentage of total population,From 20 to 64 years
Cyprus,2012,Females,64.8,,,ESTAT:TESEM010(1.0),2016-04-26 23:00:00,Annual,Total employment (resident population concept - LFS),Percentage of total population,From 20 to 64 years
Cyprus,2013,Females,62.2,,,ESTAT:TESEM010(1.0),2016-04-26 23:00:00,Annual,Total employment (resident population concept - LFS),Percentage of total population,From 20 to 64 years
Cyprus,2014,Females,63.9,,,ESTAT:TESEM010(1.0),2016-04-26 23:00:00,Annual,Total employment (resident population concept - LFS),Percentage of total population,From 20 to 64 years
Cyprus,2015,Females,64.0,,,ESTAT:TESEM010(1.0),2016-04-26 23:00:00,Annual,Total employment (resident population concept - LFS),Percentage of total population,From 20 to 64 years
Cyprus,2016,Females,64.1,,,ESTAT:TESEM010(1.0),2016-04-26 23:00:00,Annual,Total employment (resident population concept - LFS),Percentage of total population,From 20 to 64 years
Cyprus,2017,Females,66.2,,,ESTAT:TESEM010(1.0),2016-04-26 23:00:00,Annual,Total employment (resident population concept - LFS),Percentage of total population,From 20 to 64 years
Cyprus,2018,Females,68.9,,,ESTAT:TESEM010(1.0),2016-04-26 23:00:00,Annual,Total employment (resident population concept - LFS),Percentage of total population,From 20 to 64 years
Cyprus,2019,Females,70.7,,,ESTAT:TESEM010(1.0),2016-04-26 23:00:00,Annual,Total employment (resident population concept - LFS),Percentage of total population,From 20 to 64 years
Cyprus,2020,Females,69.5,,,ESTAT:TESEM010(1.0),2016-04-26 23:00:00,Annual,Total employment (resident population concept - LFS),Percentage of total population,From 20 to 64 years
Cyprus,2021,Females,70.8,,,ESTAT:TESEM010(1.0),2016-04-26 23:00:00,Annual,Total employment (resident population concept - LFS),Percentage of total population,From 20 to 64 years
Cyprus,2022,Females,73.4,,,ESTAT:TESEM010(1.0),2016-04-26 23:00:00,Annual,Total employment (resident population concept - LFS),Percentage of total population,From 20 to 64 years
Cyprus,2023,Females,75.2,,,ESTAT:TESEM010(1.0),2016-04-26 23:00:00,Annual,Total employment (resident population concept - LFS),Percentage of total population,From 20 to 64 years
Cyprus,2024,Females,75.0,,,ESTAT:TESEM010(1.0),2016-04-26 23:00:00,Annual,Total employment (resident population concept - LFS),Percentage of total population,From 20 to 64 years
Cyprus,2025,Females,76.3,,,ESTAT:TESEM010(1.0),2016-04-26 23:00:00,Annual,Total employment (resident population concept - LFS),Percentage of total population,From 20 to 64 years
Czechia,2009,Females,61.4,,,ESTAT:TESEM010(1.0),2016-04-26 23:00:00,Annual,Total employment (resident population concept - LFS),Percentage of total population,From 20 to 64 years
Czechia,2010,Females,60.9,,,ESTAT:TESEM010(1.0),2016-04-26 23:00:00,Annual,Total employment (resident population concept - LFS),Percentage of total population,From 20 to 64 years
Czechia,2011,Females,61.7,b,,ESTAT:TESEM010(1.0),2016-04-26 23:00:00,Annual,Total employment (resident population concept - LFS),Percentage of total population,From 20 to 64 years
Czechia,2012,Females,62.5,,,ESTAT:TESEM010(1.0),2016-04-26 23:00:00,Annual,Total employment (resident population concept - LFS),Percentage of total population,From 20 to 64 years
Czechia,2013,Females,63.8,,,ESTAT:TESEM010(1.0),2016-04-26 23:00:00,Annual,Total employment (resident population concept - LFS),Percentage of total population,From 20 to 64 years
Czechia,2014,Females,64.7,,,ESTAT:TESEM010(1.0),2016-04-26 23:00:00,Annual,Total employment (resident population concept - LFS),Percentage of total population,From 20 to 64 years
Czechia,2015,Females,66.4,,,ESTAT:TESEM010(1.0),2016-04-26 23:00:00,Annual,Total employment (resident population concept - LFS),Percentage of total population,From 20 to 64 years
Czechia,2016,Females,68.6,,,ESTAT:TESEM010(1.0),2016-04-26 23:00:00,Annual,Total employment (resident population concept - LFS),Percentage of total population,From 20 to 64 years
Czechia,2017,Females,70.5,,,ESTAT:TESEM010(1.0),2016-04-26 23:00:00,Annual,Total employment (resident population concept - LFS),Percentage of total population,From 20 to 64 years
Czechia,2018,Females,72.2,,,ESTAT:TESEM010(1.0),2016-04-26 23:00:00,Annual,Total employment (resident population concept - LFS),Percentage of total population,From 20 to 64 years
Czechia,2019,Females,72.7,,,ESTAT:TESEM010(1.0),2016-04-26 23:00:00,Annual,Total employment (resident population concept - LFS),Percentage of total population,From 20 to 64 years
Czechia,2020,Females,71.9,,,ESTAT:TESEM010(1.0),2016-04-26 23:00:00,Annual,Total employment (resident population concept - LFS),Percentage of total population,From 20 to 64 years
Czechia,2021,Females,72.1,,,ESTAT:TESEM010(1.0),2016-04-26 23:00:00,Annual,Total employment (resident population concept - LFS),Percentage of total population,From 20 to 64 years
Czechia,2022,Females,73.7,,,ESTAT:TESEM010(1.0),2016-04-26 23:00:00,Annual,Total employment (resident population concept - LFS),Percentage of total population,From 20 to 64 years
Czechia,2023,Females,74.5,,,ESTAT:TESEM010(1.0),2016-04-26 23:00:00,Annual,Total employment (resident population concept - LFS),Percentage of total population,From 20 to 64 years
Czechia,2024,Females,75.8,,,ESTAT:TESEM010(1.0),2016-04-26 23:00:00,Annual,Total employment (resident population concept - LFS),Percentage of total population,From 20 to 64 years
Czechia,2025,Females,77.5,,,ESTAT:TESEM010(1.0),2016-04-26 23:00:00,Annual,Total employment (resident population concept - LFS),Percentage of total population,From 20 to 64 years
Germany,2009,Females,67.8,,,ESTAT:TESEM010(1.0),2016-04-26 23:00:00,Annual,Total employment (resident population concept - LFS),Percentage of total population,From 20 to 64 years
Germany,2010,Females,68.8,b,,ESTAT:TESEM010(1.0),2016-04-26 23:00:00,Annual,Total employment (resident population concept - LFS),Percentage of total population,From 20 to 64 years
Germany,2011,Females,70.3,b,,ESTAT:TESEM010(1.0),2016-04-26 23:00:00,Annual,Total employment (resident population concept - LFS),Percentage of total population,From 20 to 64 years
Germany,2012,Females,70.7,,,ESTAT:TESEM010(1.0),2016-04-26 23:00:00,Annual,Total employment (resident population concept - LFS),Percentage of total population,From 20 to 64 years
Germany,2013,Females,71.5,,,ESTAT:TESEM010(1.0),2016-04-26 23:00:00,Annual,Total employment (resident population concept - LFS),Percentage of total population,From 20 to 64 years
Germany,2014,Females,72.2,,,ESTAT:TESEM010(1.0),2016-04-26 23:00:00,Annual,Total employment (resident population concept - LFS),Percentage of total population,From 20 to 64 years
Germany,2015,Females,72.7,,,ESTAT:TESEM010(1.0),2016-04-26 23:00:00,Annual,Total employment (resident population concept - LFS),Percentage of total population,From 20 to 64 years
Germany,2016,Females,73.6,,,ESTAT:TESEM010(1.0),2016-04-26 23:00:00,Annual,Total employment (resident population concept - LFS),Percentage of total population,From 20 to 64 years
Germany,2017,Females,74.3,,,ESTAT:TESEM010(1.0),2016-04-26 23:00:00,Annual,Total employment (resident population concept - LFS),Percentage of total population,From 20 to 64 years
Germany,2018,Females,75.0,,,ESTAT:TESEM010(1.0),2016-04-26 23:00:00,Annual,Total employment (resident population concept - LFS),Percentage of total population,From 20 to 64 years
Germany,2019,Females,75.7,,,ESTAT:TESEM010(1.0),2016-04-26 23:00:00,Annual,Total employment (resident population concept - LFS),Percentage of total population,From 20 to 64 years
Germany,2020,Females,74.6,b,,ESTAT:TESEM010(1.0),2016-04-26 23:00:00,Annual,Total employment (resident population concept - LFS),Percentage of total population,From 20 to 64 years
Germany,2021,Females,75.9,,,ESTAT:TESEM010(1.0),2016-04-26 23:00:00,Annual,Total employment (resident population concept - LFS),Percentage of total population,From 20 to 64 years
Germany,2022,Females,77.0,,,ESTAT:TESEM010(1.0),2016-04-26 23:00:00,Annual,Total employment (resident population concept - LFS),Percentage of total population,From 20 to 64 years
Germany,2023,Females,77.4,,,ESTAT:TESEM010(1.0),2016-04-26 23:00:00,Annual,Total employment (resident population concept - LFS),Percentage of total population,From 20 to 64 years
Germany,2024,Females,77.7,,,ESTAT:TESEM010(1.0),2016-04-26 23:00:00,Annual,Total employment (resident population concept - LFS),Percentage of total population,From 20 to 64 years
Germany,2025,Females,77.7,,,ESTAT:TESEM010(1.0),2016-04-26 23:00:00,Annual,Total employment (resident population concept - LFS),Percentage of total population,From 20 to 64 years
Denmark,2009,Females,73.1,,,ESTAT:TESEM010(1.0),2016-04-26 23:00:00,Annual,Total employment (resident population concept - LFS),Percentage of total population,From 20 to 64 years
Denmark,2010,Females,72.0,,,ESTAT:TESEM010(1.0),2016-04-26 23:00:00,Annual,Total employment (resident population concept - LFS),Percentage of total population,From 20 to 64 years
Denmark,2011,Females,71.4,,,ESTAT:TESEM010(1.0),2016-04-26 23:00:00,Annual,Total employment (resident population concept - LFS),Percentage of total population,From 20 to 64 years
Denmark,2012,Females,71.1,,,ESTAT:TESEM010(1.0),2016-04-26 23:00:00,Annual,Total employment (resident population concept - LFS),Percentage of total population,From 20 to 64 years
Denmark,2013,Females,71.2,,,ESTAT:TESEM010(1.0),2016-04-26 23:00:00,Annual,Total employment (resident population concept - LFS),Percentage of total population,From 20 to 64 years
Denmark,2014,Females,71.0,,,ESTAT:TESEM010(1.0),2016-04-26 23:00:00,Annual,Total employment (resident population concept - LFS),Percentage of total population,From 20 to 64 years
Denmark,2015,Females,71.5,,,ESTAT:TESEM010(1.0),2016-04-26 23:00:00,Annual,Total employment (resident population concept - LFS),Percentage of total population,From 20 to 64 years
Denmark,2016,Females,72.5,b,,ESTAT:TESEM010(1.0),2016-04-26 23:00:00,Annual,Total employment (resident population concept - LFS),Percentage of total population,From 20 to 64 years
Denmark,2017,Females,73.2,b,,ESTAT:TESEM010(1.0),2016-04-26 23:00:00,Annual,Total employment (resident population concept - LFS),Percentage of total population,From 20 to 64 years
Denmark,2018,Females,73.9,,,ESTAT:TESEM010(1.0),2016-04-26 23:00:00,Annual,Total employment (resident population concept - LFS),Percentage of total population,From 20 to 64 years
Denmark,2019,Females,74.7,,,ESTAT:TESEM010(1.0),2016-04-26 23:00:00,Annual,Total employment (resident population concept - LFS),Percentage of total population,From 20 to 64 years
Denmark,2020,Females,74.3,,,ESTAT:TESEM010(1.0),2016-04-26 23:00:00,Annual,Total employment (resident population concept - LFS),Percentage of total population,From 20 to 64 years
Denmark,2021,Females,75.5,,,ESTAT:TESEM010(1.0),2016-04-26 23:00:00,Annual,Total employment (resident population concept - LFS),Percentage of total population,From 20 to 64 years
Denmark,2022,Females,77.4,,,ESTAT:TESEM010(1.0),2016-04-26 23:00:00,Annual,Total employment (resident population concept - LFS),Percentage of total population,From 20 to 64 years
Denmark,2023,Females,77.0,b,,ESTAT:TESEM010(1.0),2016-04-26 23:00:00,Annual,Total employment (resident population concept - LFS),Percentage of total population,From 20 to 64 years
Denmark,2024,Females,76.9,,,ESTAT:TESEM010(1.0),2016-04-26 23:00:00,Annual,Total employment (resident population concept - LFS),Percentage of total population,From 20 to 64 years
Denmark,2025,Females,76.7,,,ESTAT:TESEM010(1.0),2016-04-26 23:00:00,Annual,Total employment (resident population concept - LFS),Percentage of total population,From 20 to 64 years
Estonia,2009,Females,69.9,,,ESTAT:TESEM010(1.0),2016-04-26 23:00:00,Annual,Total employment (resident population concept - LFS),Percentage of total population,From 20 to 64 years
Estonia,2010,Females,67.4,,,ESTAT:TESEM010(1.0),2016-04-26 23:00:00,Annual,Total employment (resident population concept - LFS),Percentage of total population,From 20 to 64 years
Estonia,2011,Females,68.6,,,ESTAT:TESEM010(1.0),2016-04-26 23:00:00,Annual,Total employment (resident population concept - LFS),Percentage of total population,From 20 to 64 years
Estonia,2012,Females,71.1,,,ESTAT:TESEM010(1.0),2016-04-26 23:00:00,Annual,Total employment (resident population concept - LFS),Percentage of total population,From 20 to 64 years
Estonia,2013,Females,71.6,,,ESTAT:TESEM010(1.0),2016-04-26 23:00:00,Annual,Total employment (resident population concept - LFS),Percentage of total population,From 20 to 64 years
Estonia,2014,Females,71.9,,,ESTAT:TESEM010(1.0),2016-04-26 23:00:00,Annual,Total employment (resident population concept - LFS),Percentage of total population,From 20 to 64 years
Estonia,2015,Females,73.7,,,ESTAT:TESEM010(1.0),2016-04-26 23:00:00,Annual,Total employment (resident population concept - LFS),Percentage of total population,From 20 to 64 years
Estonia,2016,Females,73.7,,,ESTAT:TESEM010(1.0),2016-04-26 23:00:00,Annual,Total employment (resident population concept - LFS),Percentage of total population,From 20 to 64 years
Estonia,2017,Females,76.8,,,ESTAT:TESEM010(1.0),2016-04-26 23:00:00,Annual,Total employment (resident population concept - LFS),Percentage of total population,From 20 to 64 years
Estonia,2018,Females,76.8,,,ESTAT:TESEM010(1.0),2016-04-26 23:00:00,Annual,Total employment (resident population concept - LFS),Percentage of total population,From 20 to 64 years
Estonia,2019,Females,77.5,,,ESTAT:TESEM010(1.0),2016-04-26 23:00:00,Annual,Total employment (resident population concept - LFS),Percentage of total population,From 20 to 64 years
Estonia,2020,Females,76.9,,,ESTAT:TESEM010(1.0),2016-04-26 23:00:00,Annual,Total employment (resident population concept - LFS),Percentage of total population,From 20 to 64 years
Estonia,2021,Females,77.5,,,ESTAT:TESEM010(1.0),2016-04-26 23:00:00,Annual,Total employment (resident population concept - LFS),Percentage of total population,From 20 to 64 years
Estonia,2022,Females,80.4,,,ESTAT:TESEM010(1.0),2016-04-26 23:00:00,Annual,Total employment (resident population concept - LFS),Percentage of total population,From 20 to 64 years
Estonia,2023,Females,80.9,,,ESTAT:TESEM010(1.0),2016-04-26 23:00:00,Annual,Total employment (resident population concept - LFS),Percentage of total population,From 20 to 64 years
Estonia,2024,Females,80.9,,,ESTAT:TESEM010(1.0),2016-04-26 23:00:00,Annual,Total employment (resident population concept - LFS),Percentage of total population,From 20 to 64 years
Estonia,2025,Females,81.4,,,ESTAT:TESEM010(1.0),2016-04-26 23:00:00,Annual,Total employment (resident population concept - LFS),Percentage of total population,From 20 to 64 years
Greece,2009,Females,52.4,,,ESTAT:TESEM010(1.0),2016-04-26 23:00:00,Annual,Total employment (resident population concept - LFS),Percentage of total population,From 20 to 64 years
Greece,2010,Females,51.2,,,ESTAT:TESEM010(1.0),2016-04-26 23:00:00,Annual,Total employment (resident population concept - LFS),Percentage of total population,From 20 to 64 years
Greece,2011,Females,48.1,,,ESTAT:TESEM010(1.0),2016-04-26 23:00:00,Annual,Total employment (resident population concept - LFS),Percentage of total population,From 20 to 64 years
Greece,2012,Females,44.6,,,ESTAT:TESEM010(1.0),2016-04-26 23:00:00,Annual,Total employment (resident population concept - LFS),Percentage of total population,From 20 to 64 years
Greece,2013,Females,42.9,,,ESTAT:TESEM010(1.0),2016-04-26 23:00:00,Annual,Total employment (resident population concept - LFS),Percentage of total population,From 20 to 64 years
Greece,2014,Females,43.8,,,ESTAT:TESEM010(1.0),2016-04-26 23:00:00,Annual,Total employment (resident population concept - LFS),Percentage of total population,From 20 to 64 years
Greece,2015,Females,45.6,,,ESTAT:TESEM010(1.0),2016-04-26 23:00:00,Annual,Total employment (resident population concept - LFS),Percentage of total population,From 20 to 64 years
Greece,2016,Females,46.2,,,ESTAT:TESEM010(1.0),2016-04-26 23:00:00,Annual,Total employment (resident population concept - LFS),Percentage of total population,From 20 to 64 years
Greece,2017,Females,47.4,,,ESTAT:TESEM010(1.0),2016-04-26 23:00:00,Annual,Total employment (resident population concept - LFS),Percentage of total population,From 20 to 64 years
Greece,2018,Females,48.3,,,ESTAT:TESEM010(1.0),2016-04-26 23:00:00,Annual,Total employment (resident population concept - LFS),Percentage of total population,From 20 to 64 years
Greece,2019,Females,50.5,,,ESTAT:TESEM010(1.0),2016-04-26 23:00:00,Annual,Total employment (resident population concept - LFS),Percentage of total population,From 20 to 64 years
Greece,2020,Females,48.7,,,ESTAT:TESEM010(1.0),2016-04-26 23:00:00,Annual,Total employment (resident population concept - LFS),Percentage of total population,From 20 to 64 years
Greece,2021,Females,52.7,,,ESTAT:TESEM010(1.0),2016-04-26 23:00:00,Annual,Total employment (resident population concept - LFS),Percentage of total population,From 20 to 64 years
Greece,2022,Females,55.9,,,ESTAT:TESEM010(1.0),2016-04-26 23:00:00,Annual,Total employment (resident population concept - LFS),Percentage of total population,From 20 to 64 years
Greece,2023,Females,57.6,,,ESTAT:TESEM010(1.0),2016-04-26 23:00:00,Annual,Total employment (resident population concept - LFS),Percentage of total population,From 20 to 64 years
Greece,2024,Females,59.9,,,ESTAT:TESEM010(1.0),2016-04-26 23:00:00,Annual,Total employment (resident population concept - LFS),Percentage of total population,From 20 to 64 years
Greece,2025,Females,62.3,,,ESTAT:TESEM010(1.0),2016-04-26 23:00:00,Annual,Total employment (resident population concept - LFS),Percentage of total population,From 20 to 64 years
Spain,2009,Females,56.8,,,ESTAT:TESEM010(1.0),2016-04-26 23:00:00,Annual,Total employment (resident population concept - LFS),Percentage of total population,From 20 to 64 years
Spain,2010,Females,56.3,,,ESTAT:TESEM010(1.0),2016-04-26 23:00:00,Annual,Total employment (resident population concept - LFS),Percentage of total population,From 20 to 64 years
Spain,2011,Females,56.1,,,ESTAT:TESEM010(1.0),2016-04-26 23:00:00,Annual,Total employment (resident population concept - LFS),Percentage of total population,From 20 to 64 years
Spain,2012,Females,54.6,,,ESTAT:TESEM010(1.0),2016-04-26 23:00:00,Annual,Total employment (resident population concept - LFS),Percentage of total population,From 20 to 64 years
Spain,2013,Females,53.8,,,ESTAT:TESEM010(1.0),2016-04-26 23:00:00,Annual,Total employment (resident population concept - LFS),Percentage of total population,From 20 to 64 years
Spain,2014,Females,54.8,,,ESTAT:TESEM010(1.0),2016-04-26 23:00:00,Annual,Total employment (resident population concept - LFS),Percentage of total population,From 20 to 64 years
Spain,2015,Females,56.4,,,ESTAT:TESEM010(1.0),2016-04-26 23:00:00,Annual,Total employment (resident population concept - LFS),Percentage of total population,From 20 to 64 years
Spain,2016,Females,58.1,,,ESTAT:TESEM010(1.0),2016-04-26 23:00:00,Annual,Total employment (resident population concept - LFS),Percentage of total population,From 20 to 64 years
Spain,2017,Females,59.6,,,ESTAT:TESEM010(1.0),2016-04-26 23:00:00,Annual,Total employment (resident population concept - LFS),Percentage of total population,From 20 to 64 years
Spain,2018,Females,61.0,,,ESTAT:TESEM010(1.0),2016-04-26 23:00:00,Annual,Total employment (resident population concept - LFS),Percentage of total population,From 20 to 64 years
Spain,2019,Females,62.1,,,ESTAT:TESEM010(1.0),2016-04-26 23:00:00,Annual,Total employment (resident population concept - LFS),Percentage of total population,From 20 to 64 years
Spain,2020,Females,60.0,,,ESTAT:TESEM010(1.0),2016-04-26 23:00:00,Annual,Total employment (resident population concept - LFS),Percentage of total population,From 20 to 64 years
Spain,2021,Females,62.1,d,,ESTAT:TESEM010(1.0),2016-04-26 23:00:00,Annual,Total employment (resident population concept - LFS),Percentage of total population,From 20 to 64 years
Spain,2022,Females,63.7,d,,ESTAT:TESEM010(1.0),2016-04-26 23:00:00,Annual,Total employment (resident population concept - LFS),Percentage of total population,From 20 to 64 years
Spain,2023,Females,65.4,d,,ESTAT:TESEM010(1.0),2016-04-26 23:00:00,Annual,Total employment (resident population concept - LFS),Percentage of total population,From 20 to 64 years
Spain,2024,Females,66.5,d,,ESTAT:TESEM010(1.0),2016-04-26 23:00:00,Annual,Total employment (resident population concept - LFS),Percentage of total population,From 20 to 64 years
Spain,2025,Females,67.6,d,,ESTAT:TESEM010(1.0),2016-04-26 23:00:00,Annual,Total employment (resident population concept - LFS),Percentage of total population,From 20 to 64 years
Finland,2009,Females,71.5,,,ESTAT:TESEM010(1.0),2016-04-26 23:00:00,Annual,Total employment (resident population concept - LFS),Percentage of total population,From 20 to 64 years
Finland,2010,Females,70.3,,,ESTAT:TESEM010(1.0),2016-04-26 23:00:00,Annual,Total employment (resident population concept - LFS),Percentage of total population,From 20 to 64 years
Finland,2011,Females,70.7,,,ESTAT:TESEM010(1.0),2016-04-26 23:00:00,Annual,Total employment (resident population concept - LFS),Percentage of total population,From 20 to 64 years
Finland,2012,Females,71.3,,,ESTAT:TESEM010(1.0),2016-04-26 23:00:00,Annual,Total employment (resident population concept - LFS),Percentage of total population,From 20 to 64 years
Finland,2013,Females,71.0,,,ESTAT:TESEM010(1.0),2016-04-26 23:00:00,Annual,Total employment (resident population concept - LFS),Percentage of total population,From 20 to 64 years
Finland,2014,Females,71.2,,,ESTAT:TESEM010(1.0),2016-04-26 23:00:00,Annual,Total employment (resident population concept - LFS),Percentage of total population,From 20 to 64 years
Finland,2015,Females,70.7,,,ESTAT:TESEM010(1.0),2016-04-26 23:00:00,Annual,Total employment (resident population concept - LFS),Percentage of total population,From 20 to 64 years
Finland,2016,Females,70.8,,,ESTAT:TESEM010(1.0),2016-04-26 23:00:00,Annual,Total employment (resident population concept - LFS),Percentage of total population,From 20 to 64 years
Finland,2017,Females,71.3,,,ESTAT:TESEM010(1.0),2016-04-26 23:00:00,Annual,Total employment (resident population concept - LFS),Percentage of total population,From 20 to 64 years
Finland,2018,Females,73.4,,,ESTAT:TESEM010(1.0),2016-04-26 23:00:00,Annual,Total employment (resident population concept - LFS),Percentage of total population,From 20 to 64 years
Finland,2019,Females,74.5,,,ESTAT:TESEM010(1.0),2016-04-26 23:00:00,Annual,Total employment (resident population concept - LFS),Percentage of total population,From 20 to 64 years
Finland,2020,Females,73.8,,,ESTAT:TESEM010(1.0),2016-04-26 23:00:00,Annual,Total employment (resident population concept - LFS),Percentage of total population,From 20 to 64 years
Finland,2021,Females,75.8,,,ESTAT:TESEM010(1.0),2016-04-26 23:00:00,Annual,Total employment (resident population concept - LFS),Percentage of total population,From 20 to 64 years
Finland,2022,Females,77.8,,,ESTAT:TESEM010(1.0),2016-04-26 23:00:00,Annual,Total employment (resident population concept - LFS),Percentage of total population,From 20 to 64 years
Finland,2023,Females,78.1,,,ESTAT:TESEM010(1.0),2016-04-26 23:00:00,Annual,Total employment (resident population concept - LFS),Percentage of total population,From 20 to 64 years
Finland,2024,Females,76.6,,,ESTAT:TESEM010(1.0),2016-04-26 23:00:00,Annual,Total employment (resident population concept - LFS),Percentage of total population,From 20 to 64 years
Finland,2025,Females,75.7,,,ESTAT:TESEM010(1.0),2016-04-26 23:00:00,Annual,Total employment (resident population concept - LFS),Percentage of total population,From 20 to 64 years
France,2005,Females,64.8,,,ESTAT:TESEM010(1.0),2016-04-26 23:00:00,Annual,Total employment (resident population concept - LFS),Percentage of total population,From 20 to 64 years
France,2006,Females,65.0,,,ESTAT:TESEM010(1.0),2016-04-26 23:00:00,Annual,Total employment (resident population concept - LFS),Percentage of total population,From 20 to 64 years
France,2007,Females,65.9,,,ESTAT:TESEM010(1.0),2016-04-26 23:00:00,Annual,Total employment (resident population concept - LFS),Percentage of total population,From 20 to 64 years
France,2008,Females,66.5,,,ESTAT:TESEM010(1.0),2016-04-26 23:00:00,Annual,Total employment (resident population concept - LFS),Percentage of total population,From 20 to 64 years
France,2009,Females,65.9,,,ESTAT:TESEM010(1.0),2016-04-26 23:00:00,Annual,Total employment (resident population concept - LFS),Percentage of total population,From 20 to 64 years
France,2010,Females,65.8,,,ESTAT:TESEM010(1.0),2016-04-26 23:00:00,Annual,Total employment (resident population concept - LFS),Percentage of total population,From 20 to 64 years
France,2011,Females,65.6,,,ESTAT:TESEM010(1.0),2016-04-26 23:00:00,Annual,Total employment (resident population concept - LFS),Percentage of total population,From 20 to 64 years
France,2012,Females,66.0,,,ESTAT:TESEM010(1.0),2016-04-26 23:00:00,Annual,Total employment (resident population concept - LFS),Percentage of total population,From 20 to 64 years
France,2013,Females,66.4,,,ESTAT:TESEM010(1.0),2016-04-26 23:00:00,Annual,Total employment (resident population concept - LFS),Percentage of total population,From 20 to 64 years
France,2014,Females,67.0,,,ESTAT:TESEM010(1.0),2016-04-26 23:00:00,Annual,Total employment (resident population concept - LFS),Percentage of total population,From 20 to 64 years
France,2015,Females,67.4,,,ESTAT:TESEM010(1.0),2016-04-26 23:00:00,Annual,Total employment (resident population concept - LFS),Percentage of total population,From 20 to 64 years
France,2016,Females,67.7,,,ESTAT:TESEM010(1.0),2016-04-26 23:00:00,Annual,Total employment (resident population concept - LFS),Percentage of total population,From 20 to 64 years
France,2017,Females,68.1,,,ESTAT:TESEM010(1.0),2016-04-26 23:00:00,Annual,Total employment (resident population concept - LFS),Percentage of total population,From 20 to 64 years
France,2018,Females,68.9,,,ESTAT:TESEM010(1.0),2016-04-26 23:00:00,Annual,Total employment (resident population concept - LFS),Percentage of total population,From 20 to 64 years
France,2019,Females,69.4,,,ESTAT:TESEM010(1.0),2016-04-26 23:00:00,Annual,Total employment (resident population concept - LFS),Percentage of total population,From 20 to 64 years
France,2020,Females,69.3,,,ESTAT:TESEM010(1.0),2016-04-26 23:00:00,Annual,Total employment (resident population concept - LFS),Percentage of total population,From 20 to 64 years
France,2021,Females,70.2,d,,ESTAT:TESEM010(1.0),2016-04-26 23:00:00,Annual,Total employment (resident population concept - LFS),Percentage of total population,From 20 to 64 years
France,2022,Females,71.2,d,,ESTAT:TESEM010(1.0),2016-04-26 23:00:00,Annual,Total employment (resident population concept - LFS),Percentage of total population,From 20 to 64 years
France,2023,Females,71.7,d,,ESTAT:TESEM010(1.0),2016-04-26 23:00:00,Annual,Total employment (resident population concept - LFS),Percentage of total population,From 20 to 64 years
France,2024,Females,72.2,d,,ESTAT:TESEM010(1.0),2016-04-26 23:00:00,Annual,Total employment (resident population concept - LFS),Percentage of total population,From 20 to 64 years
France,2025,Females,72.8,d,,ESTAT:TESEM010(1.0),2016-04-26 23:00:00,Annual,Total employment (resident population concept - LFS),Percentage of total population,From 20 to 64 years
Croatia,2009,Females,57.9,,,ESTAT:TESEM010(1.0),2016-04-26 23:00:00,Annual,Total employment (resident population concept - LFS),Percentage of total population,From 20 to 64 years
Croatia,2010,Females,56.1,,,ESTAT:TESEM010(1.0),2016-04-26 23:00:00,Annual,Total employment (resident population concept - LFS),Percentage of total population,From 20 to 64 years
Croatia,2011,Females,53.7,,,ESTAT:TESEM010(1.0),2016-04-26 23:00:00,Annual,Total employment (resident population concept - LFS),Percentage of total population,From 20 to 64 years
Croatia,2012,Females,52.6,b,,ESTAT:TESEM010(1.0),2016-04-26 23:00:00,Annual,Total employment (resident population concept - LFS),Percentage of total population,From 20 to 64 years
Croatia,2013,Females,52.8,,,ESTAT:TESEM010(1.0),2016-04-26 23:00:00,Annual,Total employment (resident population concept - LFS),Percentage of total population,From 20 to 64 years
Croatia,2014,Females,54.2,,,ESTAT:TESEM010(1.0),2016-04-26 23:00:00,Annual,Total employment (resident population concept - LFS),Percentage of total population,From 20 to 64 years
Croatia,2015,Females,55.8,,,ESTAT:TESEM010(1.0),2016-04-26 23:00:00,Annual,Total employment (resident population concept - LFS),Percentage of total population,From 20 to 64 years
Croatia,2016,Females,56.5,,,ESTAT:TESEM010(1.0),2016-04-26 23:00:00,Annual,Total employment (resident population concept - LFS),Percentage of total population,From 20 to 64 years
Croatia,2017,Females,58.1,,,ESTAT:TESEM010(1.0),2016-04-26 23:00:00,Annual,Total employment (resident population concept - LFS),Percentage of total population,From 20 to 64 years
Croatia,2018,Females,59.7,,,ESTAT:TESEM010(1.0),2016-04-26 23:00:00,Annual,Total employment (resident population concept - LFS),Percentage of total population,From 20 to 64 years
Croatia,2019,Females,61.2,,,ESTAT:TESEM010(1.0),2016-04-26 23:00:00,Annual,Total employment (resident population concept - LFS),Percentage of total population,From 20 to 64 years
Croatia,2020,Females,61.3,,,ESTAT:TESEM010(1.0),2016-04-26 23:00:00,Annual,Total employment (resident population concept - LFS),Percentage of total population,From 20 to 64 years
Croatia,2021,Females,63.4,,,ESTAT:TESEM010(1.0),2016-04-26 23:00:00,Annual,Total employment (resident population concept - LFS),Percentage of total population,From 20 to 64 years
Croatia,2022,Females,65.5,,,ESTAT:TESEM010(1.0),2016-04-26 23:00:00,Annual,Total employment (resident population concept - LFS),Percentage of total population,From 20 to 64 years
Croatia,2023,Females,66.9,,,ESTAT:TESEM010(1.0),2016-04-26 23:00:00,Annual,Total employment (resident population concept - LFS),Percentage of total population,From 20 to 64 years
Croatia,2024,Females,70.6,,,ESTAT:TESEM010(1.0),2016-04-26 23:00:00,Annual,Total employment (resident population concept - LFS),Percentage of total population,From 20 to 64 years
Croatia,2025,Females,71.8,,,ESTAT:TESEM010(1.0),2016-04-26 23:00:00,Annual,Total employment (resident population concept - LFS),Percentage of total population,From 20 to 64 years
Hungary,2009,Females,58.6,,,ESTAT:TESEM010(1.0),2016-04-26 23:00:00,Annual,Total employment (resident population concept - LFS),Percentage of total population,From 20 to 64 years
Hungary,2010,Females,59.0,,,ESTAT:TESEM010(1.0),2016-04-26 23:00:00,Annual,Total employment (resident population concept - LFS),Percentage of total population,From 20 to 64 years
Hungary,2011,Females,59.2,,,ESTAT:TESEM010(1.0),2016-04-26 23:00:00,Annual,Total employment (resident population concept - LFS),Percentage of total population,From 20 to 64 years
Hungary,2012,Females,60.4,,,ESTAT:TESEM010(1.0),2016-04-26 23:00:00,Annual,Total employment (resident population concept - LFS),Percentage of total population,From 20 to 64 years
Hungary,2013,Females,61.2,,,ESTAT:TESEM010(1.0),2016-04-26 23:00:00,Annual,Total employment (resident population concept - LFS),Percentage of total population,From 20 to 64 years
Hungary,2014,Females,64.1,,,ESTAT:TESEM010(1.0),2016-04-26 23:00:00,Annual,Total employment (resident population concept - LFS),Percentage of total population,From 20 to 64 years
Hungary,2015,Females,66.2,,,ESTAT:TESEM010(1.0),2016-04-26 23:00:00,Annual,Total employment (resident population concept - LFS),Percentage of total population,From 20 to 64 years
Hungary,2016,Females,68.9,,,ESTAT:TESEM010(1.0),2016-04-26 23:00:00,Annual,Total employment (resident population concept - LFS),Percentage of total population,From 20 to 64 years
Hungary,2017,Females,69.9,,,ESTAT:TESEM010(1.0),2016-04-26 23:00:00,Annual,Total employment (resident population concept - LFS),Percentage of total population,From 20 to 64 years
Hungary,2018,Females,71.4,b,,ESTAT:TESEM010(1.0),2016-04-26 23:00:00,Annual,Total employment (resident population concept - LFS),Percentage of total population,From 20 to 64 years
Hungary,2019,Females,72.1,,,ESTAT:TESEM010(1.0),2016-04-26 23:00:00,Annual,Total employment (resident population concept - LFS),Percentage of total population,From 20 to 64 years
Hungary,2020,Females,72.0,,,ESTAT:TESEM010(1.0),2016-04-26 23:00:00,Annual,Total employment (resident population concept - LFS),Percentage of total population,From 20 to 64 years
Hungary,2021,Females,73.6,,,ESTAT:TESEM010(1.0),2016-04-26 23:00:00,Annual,Total employment (resident population concept - LFS),Percentage of total population,From 20 to 64 years
Hungary,2022,Females,75.4,,,ESTAT:TESEM010(1.0),2016-04-26 23:00:00,Annual,Total employment (resident population concept - LFS),Percentage of total population,From 20 to 64 years
Hungary,2023,Females,76.1,,,ESTAT:TESEM010(1.0),2016-04-26 23:00:00,Annual,Total employment (resident population concept - LFS),Percentage of total population,From 20 to 64 years
Hungary,2024,Females,77.1,,,ESTAT:TESEM010(1.0),2016-04-26 23:00:00,Annual,Total employment (resident population concept - LFS),Percentage of total population,From 20 to 64 years
Hungary,2025,Females,77.0,,,ESTAT:TESEM010(1.0),2016-04-26 23:00:00,Annual,Total employment (resident population concept - LFS),Percentage of total population,From 20 to 64 years
Ireland,2009,Females,62.8,,,ESTAT:TESEM010(1.0),2016-04-26 23:00:00,Annual,Total employment (resident population concept - LFS),Percentage of total population,From 20 to 64 years
Ireland,2010,Females,61.0,,,ESTAT:TESEM010(1.0),2016-04-26 23:00:00,Annual,Total employment (resident population concept - LFS),Percentage of total population,From 20 to 64 years
Ireland,2011,Females,60.1,,,ESTAT:TESEM010(1.0),2016-04-26 23:00:00,Annual,Total employment (resident population concept - LFS),Percentage of total population,From 20 to 64 years
Ireland,2012,Females,60.2,,,ESTAT:TESEM010(1.0),2016-04-26 23:00:00,Annual,Total employment (resident population concept - LFS),Percentage of total population,From 20 to 64 years
Ireland,2013,Females,61.2,,,ESTAT:TESEM010(1.0),2016-04-26 23:00:00,Annual,Total employment (resident population concept - LFS),Percentage of total population,From 20 to 64 years
Ireland,2014,Females,62.3,,,ESTAT:TESEM010(1.0),2016-04-26 23:00:00,Annual,Total employment (resident population concept - LFS),Percentage of total population,From 20 to 64 years
Ireland,2015,Females,63.7,,,ESTAT:TESEM010(1.0),2016-04-26 23:00:00,Annual,Total employment (resident population concept - LFS),Percentage of total population,From 20 to 64 years
Ireland,2016,Females,65.3,,,ESTAT:TESEM010(1.0),2016-04-26 23:00:00,Annual,Total employment (resident population concept - LFS),Percentage of total population,From 20 to 64 years
Ireland,2017,Females,66.9,,,ESTAT:TESEM010(1.0),2016-04-26 23:00:00,Annual,Total employment (resident population concept - LFS),Percentage of total population,From 20 to 64 years
Ireland,2018,Females,67.9,,,ESTAT:TESEM010(1.0),2016-04-26 23:00:00,Annual,Total employment (resident population concept - LFS),Percentage of total population,From 20 to 64 years
Ireland,2019,Females,68.8,,,ESTAT:TESEM010(1.0),2016-04-26 23:00:00,Annual,Total employment (resident population concept - LFS),Percentage of total population,From 20 to 64 years
Ireland,2020,Females,65.8,,,ESTAT:TESEM010(1.0),2016-04-26 23:00:00,Annual,Total employment (resident population concept - LFS),Percentage of total population,From 20 to 64 years
Ireland,2021,Females,69.9,b,,ESTAT:TESEM010(1.0),2016-04-26 23:00:00,Annual,Total employment (resident population concept - LFS),Percentage of total population,From 20 to 64 years
Ireland,2022,Females,72.6,,,ESTAT:TESEM010(1.0),2016-04-26 23:00:00,Annual,Total employment (resident population concept - LFS),Percentage of total population,From 20 to 64 years
Ireland,2023,Females,74.3,,,ESTAT:TESEM010(1.0),2016-04-26 23:00:00,Annual,Total employment (resident population concept - LFS),Percentage of total population,From 20 to 64 years
Ireland,2024,Females,75.2,,,ESTAT:TESEM010(1.0),2016-04-26 23:00:00,Annual,Total employment (resident population concept - LFS),Percentage of total population,From 20 to 64 years
Ireland,2025,Females,75.7,,,ESTAT:TESEM010(1.0),2016-04-26 23:00:00,Annual,Total employment (resident population concept - LFS),Percentage of total population,From 20 to 64 years
Iceland,2009,Females,77.8,,,ESTAT:TESEM010(1.0),2016-04-26 23:00:00,Annual,Total employment (resident population concept - LFS),Percentage of total population,From 20 to 64 years
Iceland,2010,Females,77.6,,,ESTAT:TESEM010(1.0),2016-04-26 23:00:00,Annual,Total employment (resident population concept - LFS),Percentage of total population,From 20 to 64 years
Iceland,2011,Females,77.9,,,ESTAT:TESEM010(1.0),2016-04-26 23:00:00,Annual,Total employment (resident population concept - LFS),Percentage of total population,From 20 to 64 years
Iceland,2012,Females,79.1,,,ESTAT:TESEM010(1.0),2016-04-26 23:00:00,Annual,Total employment (resident population concept - LFS),Percentage of total population,From 20 to 64 years
Iceland,2013,Females,79.5,,,ESTAT:TESEM010(1.0),2016-04-26 23:00:00,Annual,Total employment (resident population concept - LFS),Percentage of total population,From 20 to 64 years
Iceland,2014,Females,81.7,,,ESTAT:TESEM010(1.0),2016-04-26 23:00:00,Annual,Total employment (resident population concept - LFS),Percentage of total population,From 20 to 64 years
Iceland,2015,Females,83.3,,,ESTAT:TESEM010(1.0),2016-04-26 23:00:00,Annual,Total employment (resident population concept - LFS),Percentage of total population,From 20 to 64 years
Iceland,2016,Females,84.4,,,ESTAT:TESEM010(1.0),2016-04-26 23:00:00,Annual,Total employment (resident population concept - LFS),Percentage of total population,From 20 to 64 years
Iceland,2017,Females,84.5,,,ESTAT:TESEM010(1.0),2016-04-26 23:00:00,Annual,Total employment (resident population concept - LFS),Percentage of total population,From 20 to 64 years
Iceland,2018,Females,83.2,,,ESTAT:TESEM010(1.0),2016-04-26 23:00:00,Annual,Total employment (resident population concept - LFS),Percentage of total population,From 20 to 64 years
Iceland,2019,Females,83.0,,,ESTAT:TESEM010(1.0),2016-04-26 23:00:00,Annual,Total employment (resident population concept - LFS),Percentage of total population,From 20 to 64 years
Iceland,2020,Females,79.2,b,,ESTAT:TESEM010(1.0),2016-04-26 23:00:00,Annual,Total employment (resident population concept - LFS),Percentage of total population,From 20 to 64 years
Iceland,2021,Females,77.5,,,ESTAT:TESEM010(1.0),2016-04-26 23:00:00,Annual,Total employment (resident population concept - LFS),Percentage of total population,From 20 to 64 years
Iceland,2022,Females,82.1,,,ESTAT:TESEM010(1.0),2016-04-26 23:00:00,Annual,Total employment (resident population concept - LFS),Percentage of total population,From 20 to 64 years
Iceland,2023,Females,82.1,,,ESTAT:TESEM010(1.0),2016-04-26 23:00:00,Annual,Total employment (resident population concept - LFS),Percentage of total population,From 20 to 64 years
Iceland,2024,Females,83.4,,,ESTAT:TESEM010(1.0),2016-04-26 23:00:00,Annual,Total employment (resident population concept - LFS),Percentage of total population,From 20 to 64 years
Italy,2009,Females,49.5,,,ESTAT:TESEM010(1.0),2016-04-26 23:00:00,Annual,Total employment (resident population concept - LFS),Percentage of total population,From 20 to 64 years
Italy,2010,Females,49.2,,,ESTAT:TESEM010(1.0),2016-04-26 23:00:00,Annual,Total employment (resident population concept - LFS),Percentage of total population,From 20 to 64 years
Italy,2011,Females,49.6,,,ESTAT:TESEM010(1.0),2016-04-26 23:00:00,Annual,Total employment (resident population concept - LFS),Percentage of total population,From 20 to 64 years
Italy,2012,Females,50.1,,,ESTAT:TESEM010(1.0),2016-04-26 23:00:00,Annual,Total employment (resident population concept - LFS),Percentage of total population,From 20 to 64 years
Italy,2013,Females,49.6,,,ESTAT:TESEM010(1.0),2016-04-26 23:00:00,Annual,Total employment (resident population concept - LFS),Percentage of total population,From 20 to 64 years
Italy,2014,Females,50.1,,,ESTAT:TESEM010(1.0),2016-04-26 23:00:00,Annual,Total employment (resident population concept - LFS),Percentage of total population,From 20 to 64 years
Italy,2015,Females,50.5,,,ESTAT:TESEM010(1.0),2016-04-26 23:00:00,Annual,Total employment (resident population concept - LFS),Percentage of total population,From 20 to 64 years
Italy,2016,Females,51.6,,,ESTAT:TESEM010(1.0),2016-04-26 23:00:00,Annual,Total employment (resident population concept - LFS),Percentage of total population,From 20 to 64 years
Italy,2017,Females,52.5,,,ESTAT:TESEM010(1.0),2016-04-26 23:00:00,Annual,Total employment (resident population concept - LFS),Percentage of total population,From 20 to 64 years
Italy,2018,Females,53.2,b,,ESTAT:TESEM010(1.0),2016-04-26 23:00:00,Annual,Total employment (resident population concept - LFS),Percentage of total population,From 20 to 64 years
Italy,2019,Females,53.9,,,ESTAT:TESEM010(1.0),2016-04-26 23:00:00,Annual,Total employment (resident population concept - LFS),Percentage of total population,From 20 to 64 years
Italy,2020,Females,52.1,,,ESTAT:TESEM010(1.0),2016-04-26 23:00:00,Annual,Total employment (resident population concept - LFS),Percentage of total population,From 20 to 64 years
Italy,2021,Females,53.2,,,ESTAT:TESEM010(1.0),2016-04-26 23:00:00,Annual,Total employment (resident population concept - LFS),Percentage of total population,From 20 to 64 years
Italy,2022,Females,55.0,,,ESTAT:TESEM010(1.0),2016-04-26 23:00:00,Annual,Total employment (resident population concept - LFS),Percentage of total population,From 20 to 64 years
Italy,2023,Females,56.5,,,ESTAT:TESEM010(1.0),2016-04-26 23:00:00,Annual,Total employment (resident population concept - LFS),Percentage of total population,From 20 to 64 years
Italy,2024,Females,57.4,,,ESTAT:TESEM010(1.0),2016-04-26 23:00:00,Annual,Total employment (resident population concept - LFS),Percentage of total population,From 20 to 64 years
Italy,2025,Females,58.0,,,ESTAT:TESEM010(1.0),2016-04-26 23:00:00,Annual,Total employment (resident population concept - LFS),Percentage of total population,From 20 to 64 years
Lithuania,2009,Females,67.2,,,ESTAT:TESEM010(1.0),2016-04-26 23:00:00,Annual,Total employment (resident population concept - LFS),Percentage of total population,From 20 to 64 years
Lithuania,2010,Females,65.0,,,ESTAT:TESEM010(1.0),2016-04-26 23:00:00,Annual,Total employment (resident population concept - LFS),Percentage of total population,From 20 to 64 years
Lithuania,2011,Females,66.6,,,ESTAT:TESEM010(1.0),2016-04-26 23:00:00,Annual,Total employment (resident population concept - LFS),Percentage of total population,From 20 to 64 years
Lithuania,2012,Females,67.9,,,ESTAT:TESEM010(1.0),2016-04-26 23:00:00,Annual,Total employment (resident population concept - LFS),Percentage of total population,From 20 to 64 years
Lithuania,2013,Females,68.6,,,ESTAT:TESEM010(1.0),2016-04-26 23:00:00,Annual,Total employment (resident population concept - LFS),Percentage of total population,From 20 to 64 years
Lithuania,2014,Females,70.6,,,ESTAT:TESEM010(1.0),2016-04-26 23:00:00,Annual,Total employment (resident population concept - LFS),Percentage of total population,From 20 to 64 years
Lithuania,2015,Females,72.2,,,ESTAT:TESEM010(1.0),2016-04-26 23:00:00,Annual,Total employment (resident population concept - LFS),Percentage of total population,From 20 to 64 years
Lithuania,2016,Females,74.3,,,ESTAT:TESEM010(1.0),2016-04-26 23:00:00,Annual,Total employment (resident population concept - LFS),Percentage of total population,From 20 to 64 years
Lithuania,2017,Females,75.5,,,ESTAT:TESEM010(1.0),2016-04-26 23:00:00,Annual,Total employment (resident population concept - LFS),Percentage of total population,From 20 to 64 years
Lithuania,2018,Females,76.7,,,ESTAT:TESEM010(1.0),2016-04-26 23:00:00,Annual,Total employment (resident population concept - LFS),Percentage of total population,From 20 to 64 years
Lithuania,2019,Females,77.4,,,ESTAT:TESEM010(1.0),2016-04-26 23:00:00,Annual,Total employment (resident population concept - LFS),Percentage of total population,From 20 to 64 years
Lithuania,2020,Females,75.8,,,ESTAT:TESEM010(1.0),2016-04-26 23:00:00,Annual,Total employment (resident population concept - LFS),Percentage of total population,From 20 to 64 years
Lithuania,2021,Females,76.7,,,ESTAT:TESEM010(1.0),2016-04-26 23:00:00,Annual,Total employment (resident population concept - LFS),Percentage of total population,From 20 to 64 years
Lithuania,2022,Females,78.6,,,ESTAT:TESEM010(1.0),2016-04-26 23:00:00,Annual,Total employment (resident population concept - LFS),Percentage of total population,From 20 to 64 years
Lithuania,2023,Females,77.7,,,ESTAT:TESEM010(1.0),2016-04-26 23:00:00,Annual,Total employment (resident population concept - LFS),Percentage of total population,From 20 to 64 years
Lithuania,2024,Females,78.5,,,ESTAT:TESEM010(1.0),2016-04-26 23:00:00,Annual,Total employment (resident population concept - LFS),Percentage of total population,From 20 to 64 years
Lithuania,2025,Females,80.3,,,ESTAT:TESEM010(1.0),2016-04-26 23:00:00,Annual,Total employment (resident population concept - LFS),Percentage of total population,From 20 to 64 years
Luxembourg,2009,Females,61.5,,,ESTAT:TESEM010(1.0),2016-04-26 23:00:00,Annual,Total employment (resident population concept - LFS),Percentage of total population,From 20 to 64 years
Luxembourg,2010,Females,62.0,,,ESTAT:TESEM010(1.0),2016-04-26 23:00:00,Annual,Total employment (resident population concept - LFS),Percentage of total population,From 20 to 64 years
Luxembourg,2011,Females,61.9,,,ESTAT:TESEM010(1.0),2016-04-26 23:00:00,Annual,Total employment (resident population concept - LFS),Percentage of total population,From 20 to 64 years
Luxembourg,2012,Females,64.1,,,ESTAT:TESEM010(1.0),2016-04-26 23:00:00,Annual,Total employment (resident population concept - LFS),Percentage of total population,From 20 to 64 years
Luxembourg,2013,Females,63.9,,,ESTAT:TESEM010(1.0),2016-04-26 23:00:00,Annual,Total employment (resident population concept - LFS),Percentage of total population,From 20 to 64 years
Luxembourg,2014,Females,65.5,,,ESTAT:TESEM010(1.0),2016-04-26 23:00:00,Annual,Total employment (resident population concept - LFS),Percentage of total population,From 20 to 64 years
Luxembourg,2015,Females,65.0,b,,ESTAT:TESEM010(1.0),2016-04-26 23:00:00,Annual,Total employment (resident population concept - LFS),Percentage of total population,From 20 to 64 years
Luxembourg,2016,Females,65.1,,,ESTAT:TESEM010(1.0),2016-04-26 23:00:00,Annual,Total employment (resident population concept - LFS),Percentage of total population,From 20 to 64 years
Luxembourg,2017,Females,67.5,,,ESTAT:TESEM010(1.0),2016-04-26 23:00:00,Annual,Total employment (resident population concept - LFS),Percentage of total population,From 20 to 64 years
Luxembourg,2018,Females,68.0,,,ESTAT:TESEM010(1.0),2016-04-26 23:00:00,Annual,Total employment (resident population concept - LFS),Percentage of total population,From 20 to 64 years
Luxembourg,2019,Females,68.1,,,ESTAT:TESEM010(1.0),2016-04-26 23:00:00,Annual,Total employment (resident population concept - LFS),Percentage of total population,From 20 to 64 years
Luxembourg,2020,Females,68.5,,,ESTAT:TESEM010(1.0),2016-04-26 23:00:00,Annual,Total employment (resident population concept - LFS),Percentage of total population,From 20 to 64 years
Luxembourg,2021,Females,70.3,,,ESTAT:TESEM010(1.0),2016-04-26 23:00:00,Annual,Total employment (resident population concept - LFS),Percentage of total population,From 20 to 64 years
Luxembourg,2022,Females,71.5,,,ESTAT:TESEM010(1.0),2016-04-26 23:00:00,Annual,Total employment (resident population concept - LFS),Percentage of total population,From 20 to 64 years
Luxembourg,2023,Females,71.4,,,ESTAT:TESEM010(1.0),2016-04-26 23:00:00,Annual,Total employment (resident population concept - LFS),Percentage of total population,From 20 to 64 years
Luxembourg,2024,Females,71.4,,,ESTAT:TESEM010(1.0),2016-04-26 23:00:00,Annual,Total employment (resident population concept - LFS),Percentage of total population,From 20 to 64 years
Luxembourg,2025,Females,70.5,,,ESTAT:TESEM010(1.0),2016-04-26 23:00:00,Annual,Total employment (resident population concept - LFS),Percentage of total population,From 20 to 64 years
Latvia,2009,Females,66.2,,,ESTAT:TESEM010(1.0),2016-04-26 23:00:00,Annual,Total employment (resident population concept - LFS),Percentage of total population,From 20 to 64 years
Latvia,2010,Females,64.2,,,ESTAT:TESEM010(1.0),2016-04-26 23:00:00,Annual,Total employment (resident population concept - LFS),Percentage of total population,From 20 to 64 years
Latvia,2011,Females,65.1,,,ESTAT:TESEM010(1.0),2016-04-26 23:00:00,Annual,Total employment (resident population concept - LFS),Percentage of total population,From 20 to 64 years
Latvia,2012,Females,66.2,,,ESTAT:TESEM010(1.0),2016-04-26 23:00:00,Annual,Total employment (resident population concept - LFS),Percentage of total population,From 20 to 64 years
Latvia,2013,Females,67.5,,,ESTAT:TESEM010(1.0),2016-04-26 23:00:00,Annual,Total employment (resident population concept - LFS),Percentage of total population,From 20 to 64 years
Latvia,2014,Females,68.4,,,ESTAT:TESEM010(1.0),2016-04-26 23:00:00,Annual,Total employment (resident population concept - LFS),Percentage of total population,From 20 to 64 years
Latvia,2015,Females,70.5,,,ESTAT:TESEM010(1.0),2016-04-26 23:00:00,Annual,Total employment (resident population concept - LFS),Percentage of total population,From 20 to 64 years
Latvia,2016,Females,71.7,,,ESTAT:TESEM010(1.0),2016-04-26 23:00:00,Annual,Total employment (resident population concept - LFS),Percentage of total population,From 20 to 64 years
Latvia,2017,Females,72.6,,,ESTAT:TESEM010(1.0),2016-04-26 23:00:00,Annual,Total employment (resident population concept - LFS),Percentage of total population,From 20 to 64 years
Latvia,2018,Females,74.7,,,ESTAT:TESEM010(1.0),2016-04-26 23:00:00,Annual,Total employment (resident population concept - LFS),Percentage of total population,From 20 to 64 years
Latvia,2019,Females,75.5,,,ESTAT:TESEM010(1.0),2016-04-26 23:00:00,Annual,Total employment (resident population concept - LFS),Percentage of total population,From 20 to 64 years
Latvia,2020,Females,75.1,,,ESTAT:TESEM010(1.0),2016-04-26 23:00:00,Annual,Total employment (resident population concept - LFS),Percentage of total population,From 20 to 64 years
Latvia,2021,Females,72.9,,,ESTAT:TESEM010(1.0),2016-04-26 23:00:00,Annual,Total employment (resident population concept - LFS),Percentage of total population,From 20 to 64 years
Latvia,2022,Females,75.5,,,ESTAT:TESEM010(1.0),2016-04-26 23:00:00,Annual,Total employment (resident population concept - LFS),Percentage of total population,From 20 to 64 years
Latvia,2023,Females,76.0,,,ESTAT:TESEM010(1.0),2016-04-26 23:00:00,Annual,Total employment (resident population concept - LFS),Percentage of total population,From 20 to 64 years
Latvia,2024,Females,75.8,,,ESTAT:TESEM010(1.0),2016-04-26 23:00:00,Annual,Total employment (resident population concept - LFS),Percentage of total population,From 20 to 64 years
Latvia,2025,Females,77.3,,,ESTAT:TESEM010(1.0),2016-04-26 23:00:00,Annual,Total employment (resident population concept - LFS),Percentage of total population,From 20 to 64 years
Montenegro,2011,Females,44.4,,,ESTAT:TESEM010(1.0),2016-04-26 23:00:00,Annual,Total employment (resident population concept - LFS),Percentage of total population,From 20 to 64 years
Montenegro,2012,Females,46.2,,,ESTAT:TESEM010(1.0),2016-04-26 23:00:00,Annual,Total employment (resident population concept - LFS),Percentage of total population,From 20 to 64 years
Montenegro,2013,Females,47.5,,,ESTAT:TESEM010(1.0),2016-04-26 23:00:00,Annual,Total employment (resident population concept - LFS),Percentage of total population,From 20 to 64 years
Montenegro,2014,Females,49.7,,,ESTAT:TESEM010(1.0),2016-04-26 23:00:00,Annual,Total employment (resident population concept - LFS),Percentage of total population,From 20 to 64 years
Montenegro,2015,Females,51.6,,,ESTAT:TESEM010(1.0),2016-04-26 23:00:00,Annual,Total employment (resident population concept - LFS),Percentage of total population,From 20 to 64 years
Montenegro,2016,Females,51.3,,,ESTAT:TESEM010(1.0),2016-04-26 23:00:00,Annual,Total employment (resident population concept - LFS),Percentage of total population,From 20 to 64 years
Montenegro,2017,Females,51.4,,,ESTAT:TESEM010(1.0),2016-04-26 23:00:00,Annual,Total employment (resident population concept - LFS),Percentage of total population,From 20 to 64 years
Montenegro,2018,Females,52.9,,,ESTAT:TESEM010(1.0),2016-04-26 23:00:00,Annual,Total employment (resident population concept - LFS),Percentage of total population,From 20 to 64 years
Montenegro,2019,Females,54.2,,,ESTAT:TESEM010(1.0),2016-04-26 23:00:00,Annual,Total employment (resident population concept - LFS),Percentage of total population,From 20 to 64 years
Montenegro,2020,Females,48.8,,,ESTAT:TESEM010(1.0),2016-04-26 23:00:00,Annual,Total employment (resident population concept - LFS),Percentage of total population,From 20 to 64 years
North Macedonia,2009,Females,37.1,,,ESTAT:TESEM010(1.0),2016-04-26 23:00:00,Annual,Total employment (resident population concept - LFS),Percentage of total population,From 20 to 64 years
North Macedonia,2010,Females,37.5,,,ESTAT:TESEM010(1.0),2016-04-26 23:00:00,Annual,Total employment (resident population concept - LFS),Percentage of total population,From 20 to 64 years
North Macedonia,2011,Females,38.8,,,ESTAT:TESEM010(1.0),2016-04-26 23:00:00,Annual,Total employment (resident population concept - LFS),Percentage of total population,From 20 to 64 years
North Macedonia,2012,Females,38.7,,,ESTAT:TESEM010(1.0),2016-04-26 23:00:00,Annual,Total employment (resident population concept - LFS),Percentage of total population,From 20 to 64 years
North Macedonia,2013,Females,40.7,,,ESTAT:TESEM010(1.0),2016-04-26 23:00:00,Annual,Total employment (resident population concept - LFS),Percentage of total population,From 20 to 64 years
North Macedonia,2014,Females,40.8,,,ESTAT:TESEM010(1.0),2016-04-26 23:00:00,Annual,Total employment (resident population concept - LFS),Percentage of total population,From 20 to 64 years
North Macedonia,2015,Females,42.1,,,ESTAT:TESEM010(1.0),2016-04-26 23:00:00,Annual,Total employment (resident population concept - LFS),Percentage of total population,From 20 to 64 years
North Macedonia,2016,Females,42.5,,,ESTAT:TESEM010(1.0),2016-04-26 23:00:00,Annual,Total employment (resident population concept - LFS),Percentage of total population,From 20 to 64 years
North Macedonia,2017,Females,43.7,,,ESTAT:TESEM010(1.0),2016-04-26 23:00:00,Annual,Total employment (resident population concept - LFS),Percentage of total population,From 20 to 64 years
North Macedonia,2018,Females,45.2,,,ESTAT:TESEM010(1.0),2016-04-26 23:00:00,Annual,Total employment (resident population concept - LFS),Percentage of total population,From 20 to 64 years
North Macedonia,2019,Females,48.4,,,ESTAT:TESEM010(1.0),2016-04-26 23:00:00,Annual,Total employment (resident population concept - LFS),Percentage of total population,From 20 to 64 years
North Macedonia,2020,Females,49.0,,,ESTAT:TESEM010(1.0),2016-04-26 23:00:00,Annual,Total employment (resident population concept - LFS),Percentage of total population,From 20 to 64 years
North Macedonia,2021,Females,51.6,b,,ESTAT:TESEM010(1.0),2016-04-26 23:00:00,Annual,Total employment (resident population concept - LFS),Percentage of total population,From 20 to 64 years
North Macedonia,2022,Females,51.7,,,ESTAT:TESEM010(1.0),2016-04-26 23:00:00,Annual,Total employment (resident population concept - LFS),Percentage of total population,From 20 to 64 years
North Macedonia,2023,Females,52.7,,,ESTAT:TESEM010(1.0),2016-04-26 23:00:00,Annual,Total employment (resident population concept - LFS),Percentage of total population,From 20 to 64 years
North Macedonia,2024,Females,53.7,,,ESTAT:TESEM010(1.0),2016-04-26 23:00:00,Annual,Total employment (resident population concept - LFS),Percentage of total population,From 20 to 64 years
North Macedonia,2025,Females,54.4,,,ESTAT:TESEM010(1.0),2016-04-26 23:00:00,Annual,Total employment (resident population concept - LFS),Percentage of total population,From 20 to 64 years
Malta,2009,Females,40.0,,,ESTAT:TESEM010(1.0),2016-04-26 23:00:00,Annual,Total employment (resident population concept - LFS),Percentage of total population,From 20 to 64 years
Malta,2010,Females,41.6,,,ESTAT:TESEM010(1.0),2016-04-26 23:00:00,Annual,Total employment (resident population concept - LFS),Percentage of total population,From 20 to 64 years
Malta,2011,Females,43.8,,,ESTAT:TESEM010(1.0),2016-04-26 23:00:00,Annual,Total employment (resident population concept - LFS),Percentage of total population,From 20 to 64 years
Malta,2012,Females,48.0,,,ESTAT:TESEM010(1.0),2016-04-26 23:00:00,Annual,Total employment (resident population concept - LFS),Percentage of total population,From 20 to 64 years
Malta,2013,Females,51.7,,,ESTAT:TESEM010(1.0),2016-04-26 23:00:00,Annual,Total employment (resident population concept - LFS),Percentage of total population,From 20 to 64 years
Malta,2014,Females,54.3,,,ESTAT:TESEM010(1.0),2016-04-26 23:00:00,Annual,Total employment (resident population concept - LFS),Percentage of total population,From 20 to 64 years
Malta,2015,Females,55.3,,,ESTAT:TESEM010(1.0),2016-04-26 23:00:00,Annual,Total employment (resident population concept - LFS),Percentage of total population,From 20 to 64 years
Malta,2016,Females,58.0,,,ESTAT:TESEM010(1.0),2016-04-26 23:00:00,Annual,Total employment (resident population concept - LFS),Percentage of total population,From 20 to 64 years
Malta,2017,Females,60.6,,,ESTAT:TESEM010(1.0),2016-04-26 23:00:00,Annual,Total employment (resident population concept - LFS),Percentage of total population,From 20 to 64 years
Malta,2018,Females,63.2,,,ESTAT:TESEM010(1.0),2016-04-26 23:00:00,Annual,Total employment (resident population concept - LFS),Percentage of total population,From 20 to 64 years
Malta,2019,Females,63.9,,,ESTAT:TESEM010(1.0),2016-04-26 23:00:00,Annual,Total employment (resident population concept - LFS),Percentage of total population,From 20 to 64 years
Malta,2020,Females,66.0,,,ESTAT:TESEM010(1.0),2016-04-26 23:00:00,Annual,Total employment (resident population concept - LFS),Percentage of total population,From 20 to 64 years
Malta,2021,Females,68.4,,,ESTAT:TESEM010(1.0),2016-04-26 23:00:00,Annual,Total employment (resident population concept - LFS),Percentage of total population,From 20 to 64 years
Malta,2022,Females,72.9,,,ESTAT:TESEM010(1.0),2016-04-26 23:00:00,Annual,Total employment (resident population concept - LFS),Percentage of total population,From 20 to 64 years
Malta,2023,Females,73.6,,,ESTAT:TESEM010(1.0),2016-04-26 23:00:00,Annual,Total employment (resident population concept - LFS),Percentage of total population,From 20 to 64 years
Malta,2024,Females,75.2,,,ESTAT:TESEM010(1.0),2016-04-26 23:00:00,Annual,Total employment (resident population concept - LFS),Percentage of total population,From 20 to 64 years
Malta,2025,Females,76.7,,,ESTAT:TESEM010(1.0),2016-04-26 23:00:00,Annual,Total employment (resident population concept - LFS),Percentage of total population,From 20 to 64 years
Netherlands,2009,Females,70.9,,,ESTAT:TESEM010(1.0),2016-04-26 23:00:00,Annual,Total employment (resident population concept - LFS),Percentage of total population,From 20 to 64 years
Netherlands,2010,Females,70.9,,,ESTAT:TESEM010(1.0),2016-04-26 23:00:00,Annual,Total employment (resident population concept - LFS),Percentage of total population,From 20 to 64 years
Netherlands,2011,Females,71.5,,,ESTAT:TESEM010(1.0),2016-04-26 23:00:00,Annual,Total employment (resident population concept - LFS),Percentage of total population,From 20 to 64 years
Netherlands,2012,Females,72.0,,,ESTAT:TESEM010(1.0),2016-04-26 23:00:00,Annual,Total employment (resident population concept - LFS),Percentage of total population,From 20 to 64 years
Netherlands,2013,Females,71.7,,,ESTAT:TESEM010(1.0),2016-04-26 23:00:00,Annual,Total employment (resident population concept - LFS),Percentage of total population,From 20 to 64 years
Netherlands,2014,Females,70.8,,,ESTAT:TESEM010(1.0),2016-04-26 23:00:00,Annual,Total employment (resident population concept - LFS),Percentage of total population,From 20 to 64 years
Netherlands,2015,Females,71.9,,,ESTAT:TESEM010(1.0),2016-04-26 23:00:00,Annual,Total employment (resident population concept - LFS),Percentage of total population,From 20 to 64 years
Netherlands,2016,Females,72.7,,,ESTAT:TESEM010(1.0),2016-04-26 23:00:00,Annual,Total employment (resident population concept - LFS),Percentage of total population,From 20 to 64 years
Netherlands,2017,Females,73.9,,,ESTAT:TESEM010(1.0),2016-04-26 23:00:00,Annual,Total employment (resident population concept - LFS),Percentage of total population,From 20 to 64 years
Netherlands,2018,Females,75.2,,,ESTAT:TESEM010(1.0),2016-04-26 23:00:00,Annual,Total employment (resident population concept - LFS),Percentage of total population,From 20 to 64 years
Netherlands,2019,Females,76.5,,,ESTAT:TESEM010(1.0),2016-04-26 23:00:00,Annual,Total employment (resident population concept - LFS),Percentage of total population,From 20 to 64 years
Netherlands,2020,Females,76.6,,,ESTAT:TESEM010(1.0),2016-04-26 23:00:00,Annual,Total employment (resident population concept - LFS),Percentage of total population,From 20 to 64 years
Netherlands,2021,Females,77.5,,,ESTAT:TESEM010(1.0),2016-04-26 23:00:00,Annual,Total employment (resident population concept - LFS),Percentage of total population,From 20 to 64 years
Netherlands,2022,Females,79.0,,,ESTAT:TESEM010(1.0),2016-04-26 23:00:00,Annual,Total employment (resident population concept - LFS),Percentage of total population,From 20 to 64 years
Netherlands,2023,Females,79.6,,,ESTAT:TESEM010(1.0),2016-04-26 23:00:00,Annual,Total employment (resident population concept - LFS),Percentage of total population,From 20 to 64 years
Netherlands,2024,Females,79.7,,,ESTAT:TESEM010(1.0),2016-04-26 23:00:00,Annual,Total employment (resident population concept - LFS),Percentage of total population,From 20 to 64 years
Netherlands,2025,Females,79.6,,,ESTAT:TESEM010(1.0),2016-04-26 23:00:00,Annual,Total employment (resident population concept - LFS),Percentage of total population,From 20 to 64 years
Norway,2009,Females,78.9,,,ESTAT:TESEM010(1.0),2016-04-26 23:00:00,Annual,Total employment (resident population concept - LFS),Percentage of total population,From 20 to 64 years
Norway,2010,Females,78.2,,,ESTAT:TESEM010(1.0),2016-04-26 23:00:00,Annual,Total employment (resident population concept - LFS),Percentage of total population,From 20 to 64 years
Norway,2011,Females,78.6,,,ESTAT:TESEM010(1.0),2016-04-26 23:00:00,Annual,Total employment (resident population concept - LFS),Percentage of total population,From 20 to 64 years
Norway,2012,Females,78.6,,,ESTAT:TESEM010(1.0),2016-04-26 23:00:00,Annual,Total employment (resident population concept - LFS),Percentage of total population,From 20 to 64 years
Norway,2013,Females,78.4,,,ESTAT:TESEM010(1.0),2016-04-26 23:00:00,Annual,Total employment (resident population concept - LFS),Percentage of total population,From 20 to 64 years
Norway,2014,Females,78.1,,,ESTAT:TESEM010(1.0),2016-04-26 23:00:00,Annual,Total employment (resident population concept - LFS),Percentage of total population,From 20 to 64 years
Norway,2015,Females,77.9,,,ESTAT:TESEM010(1.0),2016-04-26 23:00:00,Annual,Total employment (resident population concept - LFS),Percentage of total population,From 20 to 64 years
Norway,2016,Females,78.1,,,ESTAT:TESEM010(1.0),2016-04-26 23:00:00,Annual,Total employment (resident population concept - LFS),Percentage of total population,From 20 to 64 years
Norway,2017,Females,77.6,,,ESTAT:TESEM010(1.0),2016-04-26 23:00:00,Annual,Total employment (resident population concept - LFS),Percentage of total population,From 20 to 64 years
Norway,2018,Females,78.0,,,ESTAT:TESEM010(1.0),2016-04-26 23:00:00,Annual,Total employment (resident population concept - LFS),Percentage of total population,From 20 to 64 years
Norway,2019,Females,78.3,,,ESTAT:TESEM010(1.0),2016-04-26 23:00:00,Annual,Total employment (resident population concept - LFS),Percentage of total population,From 20 to 64 years
Norway,2020,Females,77.9,,,ESTAT:TESEM010(1.0),2016-04-26 23:00:00,Annual,Total employment (resident population concept - LFS),Percentage of total population,From 20 to 64 years
Norway,2021,Females,77.5,,,ESTAT:TESEM010(1.0),2016-04-26 23:00:00,Annual,Total employment (resident population concept - LFS),Percentage of total population,From 20 to 64 years
Norway,2022,Females,78.0,,,ESTAT:TESEM010(1.0),2016-04-26 23:00:00,Annual,Total employment (resident population concept - LFS),Percentage of total population,From 20 to 64 years
Norway,2023,Females,77.8,,,ESTAT:TESEM010(1.0),2016-04-26 23:00:00,Annual,Total employment (resident population concept - LFS),Percentage of total population,From 20 to 64 years
Norway,2024,Females,77.4,,,ESTAT:TESEM010(1.0),2016-04-26 23:00:00,Annual,Total employment (resident population concept - LFS),Percentage of total population,From 20 to 64 years
Norway,2025,Females,77.0,,,ESTAT:TESEM010(1.0),2016-04-26 23:00:00,Annual,Total employment (resident population concept - LFS),Percentage of total population,From 20 to 64 years
Poland,2009,Females,55.6,,,ESTAT:TESEM010(1.0),2016-04-26 23:00:00,Annual,Total employment (resident population concept - LFS),Percentage of total population,From 20 to 64 years
Poland,2010,Females,55.6,b,,ESTAT:TESEM010(1.0),2016-04-26 23:00:00,Annual,Total employment (resident population concept - LFS),Percentage of total population,From 20 to 64 years
Poland,2011,Females,55.8,,,ESTAT:TESEM010(1.0),2016-04-26 23:00:00,Annual,Total employment (resident population concept - LFS),Percentage of total population,From 20 to 64 years
Poland,2012,Females,56.2,,,ESTAT:TESEM010(1.0),2016-04-26 23:00:00,Annual,Total employment (resident population concept - LFS),Percentage of total population,From 20 to 64 years
Poland,2013,Females,56.3,,,ESTAT:TESEM010(1.0),2016-04-26 23:00:00,Annual,Total employment (resident population concept - LFS),Percentage of total population,From 20 to 64 years
Poland,2014,Females,58.2,,,ESTAT:TESEM010(1.0),2016-04-26 23:00:00,Annual,Total employment (resident population concept - LFS),Percentage of total population,From 20 to 64 years
Poland,2015,Females,59.9,,,ESTAT:TESEM010(1.0),2016-04-26 23:00:00,Annual,Total employment (resident population concept - LFS),Percentage of total population,From 20 to 64 years
Poland,2016,Females,61.5,,,ESTAT:TESEM010(1.0),2016-04-26 23:00:00,Annual,Total employment (resident population concept - LFS),Percentage of total population,From 20 to 64 years
Poland,2017,Females,63.0,,,ESTAT:TESEM010(1.0),2016-04-26 23:00:00,Annual,Total employment (resident population concept - LFS),Percentage of total population,From 20 to 64 years
Poland,2018,Females,64.5,,,ESTAT:TESEM010(1.0),2016-04-26 23:00:00,Annual,Total employment (resident population concept - LFS),Percentage of total population,From 20 to 64 years
Poland,2019,Females,65.3,b,,ESTAT:TESEM010(1.0),2016-04-26 23:00:00,Annual,Total employment (resident population concept - LFS),Percentage of total population,From 20 to 64 years
Poland,2020,Females,65.4,,,ESTAT:TESEM010(1.0),2016-04-26 23:00:00,Annual,Total employment (resident population concept - LFS),Percentage of total population,From 20 to 64 years
Poland,2021,Females,68.5,,,ESTAT:TESEM010(1.0),2016-04-26 23:00:00,Annual,Total employment (resident population concept - LFS),Percentage of total population,From 20 to 64 years
Poland,2022,Females,70.3,,,ESTAT:TESEM010(1.0),2016-04-26 23:00:00,Annual,Total employment (resident population concept - LFS),Percentage of total population,From 20 to 64 years
Poland,2023,Females,72.0,,,ESTAT:TESEM010(1.0),2016-04-26 23:00:00,Annual,Total employment (resident population concept - LFS),Percentage of total population,From 20 to 64 years
Poland,2024,Females,72.5,,,ESTAT:TESEM010(1.0),2016-04-26 23:00:00,Annual,Total employment (resident population concept - LFS),Percentage of total population,From 20 to 64 years
Poland,2025,Females,73.2,,,ESTAT:TESEM010(1.0),2016-04-26 23:00:00,Annual,Total employment (resident population concept - LFS),Percentage of total population,From 20 to 64 years
Portugal,2009,Females,62.3,,,ESTAT:TESEM010(1.0),2016-04-26 23:00:00,Annual,Total employment (resident population concept - LFS),Percentage of total population,From 20 to 64 years
Portugal,2010,Females,62.1,,,ESTAT:TESEM010(1.0),2016-04-26 23:00:00,Annual,Total employment (resident population concept - LFS),Percentage of total population,From 20 to 64 years
Portugal,2011,Females,62.3,,,ESTAT:TESEM010(1.0),2016-04-26 23:00:00,Annual,Total employment (resident population concept - LFS),Percentage of total population,From 20 to 64 years
Portugal,2012,Females,60.8,,,ESTAT:TESEM010(1.0),2016-04-26 23:00:00,Annual,Total employment (resident population concept - LFS),Percentage of total population,From 20 to 64 years
Portugal,2013,Females,60.4,,,ESTAT:TESEM010(1.0),2016-04-26 23:00:00,Annual,Total employment (resident population concept - LFS),Percentage of total population,From 20 to 64 years
Portugal,2014,Females,62.9,,,ESTAT:TESEM010(1.0),2016-04-26 23:00:00,Annual,Total employment (resident population concept - LFS),Percentage of total population,From 20 to 64 years
Portugal,2015,Females,64.8,,,ESTAT:TESEM010(1.0),2016-04-26 23:00:00,Annual,Total employment (resident population concept - LFS),Percentage of total population,From 20 to 64 years
Portugal,2016,Females,66.5,,,ESTAT:TESEM010(1.0),2016-04-26 23:00:00,Annual,Total employment (resident population concept - LFS),Percentage of total population,From 20 to 64 years
Portugal,2017,Females,69.0,,,ESTAT:TESEM010(1.0),2016-04-26 23:00:00,Annual,Total employment (resident population concept - LFS),Percentage of total population,From 20 to 64 years
Portugal,2018,Females,71.5,,,ESTAT:TESEM010(1.0),2016-04-26 23:00:00,Annual,Total employment (resident population concept - LFS),Percentage of total population,From 20 to 64 years
Portugal,2019,Females,72.1,,,ESTAT:TESEM010(1.0),2016-04-26 23:00:00,Annual,Total employment (resident population concept - LFS),Percentage of total population,From 20 to 64 years
Portugal,2020,Females,71.2,,,ESTAT:TESEM010(1.0),2016-04-26 23:00:00,Annual,Total employment (resident population concept - LFS),Percentage of total population,From 20 to 64 years
Portugal,2021,Females,72.7,,,ESTAT:TESEM010(1.0),2016-04-26 23:00:00,Annual,Total employment (resident population concept - LFS),Percentage of total population,From 20 to 64 years
Portugal,2022,Females,74.3,,,ESTAT:TESEM010(1.0),2016-04-26 23:00:00,Annual,Total employment (resident population concept - LFS),Percentage of total population,From 20 to 64 years
Portugal,2023,Females,75.4,,,ESTAT:TESEM010(1.0),2016-04-26 23:00:00,Annual,Total employment (resident population concept - LFS),Percentage of total population,From 20 to 64 years
Portugal,2024,Females,75.7,,,ESTAT:TESEM010(1.0),2016-04-26 23:00:00,Annual,Total employment (resident population concept - LFS),Percentage of total population,From 20 to 64 years
Portugal,2025,Females,77.0,,,ESTAT:TESEM010(1.0),2016-04-26 23:00:00,Annual,Total employment (resident population concept - LFS),Percentage of total population,From 20 to 64 years
Romania,2009,Females,45.2,,,ESTAT:TESEM010(1.0),2016-04-26 23:00:00,Annual,Total employment (resident population concept - LFS),Percentage of total population,From 20 to 64 years
Romania,2010,Females,47.6,,,ESTAT:TESEM010(1.0),2016-04-26 23:00:00,Annual,Total employment (resident population concept - LFS),Percentage of total population,From 20 to 64 years
Romania,2011,Females,47.7,,,ESTAT:TESEM010(1.0),2016-04-26 23:00:00,Annual,Total employment (resident population concept - LFS),Percentage of total population,From 20 to 64 years
Romania,2012,Females,48.2,,,ESTAT:TESEM010(1.0),2016-04-26 23:00:00,Annual,Total employment (resident population concept - LFS),Percentage of total population,From 20 to 64 years
Romania,2013,Females,48.2,,,ESTAT:TESEM010(1.0),2016-04-26 23:00:00,Annual,Total employment (resident population concept - LFS),Percentage of total population,From 20 to 64 years
Romania,2014,Females,49.2,,,ESTAT:TESEM010(1.0),2016-04-26 23:00:00,Annual,Total employment (resident population concept - LFS),Percentage of total population,From 20 to 64 years
Romania,2015,Females,50.3,,,ESTAT:TESEM010(1.0),2016-04-26 23:00:00,Annual,Total employment (resident population concept - LFS),Percentage of total population,From 20 to 64 years
Romania,2016,Females,51.4,,,ESTAT:TESEM010(1.0),2016-04-26 23:00:00,Annual,Total employment (resident population concept - LFS),Percentage of total population,From 20 to 64 years
Romania,2017,Females,54.0,,,ESTAT:TESEM010(1.0),2016-04-26 23:00:00,Annual,Total employment (resident population concept - LFS),Percentage of total population,From 20 to 64 years
Romania,2018,Females,54.5,,,ESTAT:TESEM010(1.0),2016-04-26 23:00:00,Annual,Total employment (resident population concept - LFS),Percentage of total population,From 20 to 64 years
Romania,2019,Females,55.4,,,ESTAT:TESEM010(1.0),2016-04-26 23:00:00,Annual,Total employment (resident population concept - LFS),Percentage of total population,From 20 to 64 years
Romania,2020,Females,55.4,,,ESTAT:TESEM010(1.0),2016-04-26 23:00:00,Annual,Total employment (resident population concept - LFS),Percentage of total population,From 20 to 64 years
Romania,2021,Females,56.9,,,ESTAT:TESEM010(1.0),2016-04-26 23:00:00,Annual,Total employment (resident population concept - LFS),Percentage of total population,From 20 to 64 years
Romania,2022,Females,59.1,,,ESTAT:TESEM010(1.0),2016-04-26 23:00:00,Annual,Total employment (resident population concept - LFS),Percentage of total population,From 20 to 64 years
Romania,2023,Females,59.1,,,ESTAT:TESEM010(1.0),2016-04-26 23:00:00,Annual,Total employment (resident population concept - LFS),Percentage of total population,From 20 to 64 years
Romania,2024,Females,60.3,,,ESTAT:TESEM010(1.0),2016-04-26 23:00:00,Annual,Total employment (resident population concept - LFS),Percentage of total population,From 20 to 64 years
Romania,2025,Females,59.5,,,ESTAT:TESEM010(1.0),2016-04-26 23:00:00,Annual,Total employment (resident population concept - LFS),Percentage of total population,From 20 to 64 years
Serbia,2010,Females,43.5,,,ESTAT:TESEM010(1.0),2016-04-26 23:00:00,Annual,Total employment (resident population concept - LFS),Percentage of total population,From 20 to 64 years
Serbia,2011,Females,39.9,,,ESTAT:TESEM010(1.0),2016-04-26 23:00:00,Annual,Total employment (resident population concept - LFS),Percentage of total population,From 20 to 64 years
Serbia,2012,Females,39.5,,,ESTAT:TESEM010(1.0),2016-04-26 23:00:00,Annual,Total employment (resident population concept - LFS),Percentage of total population,From 20 to 64 years
Serbia,2013,Females,42.2,,,ESTAT:TESEM010(1.0),2016-04-26 23:00:00,Annual,Total employment (resident population concept - LFS),Percentage of total population,From 20 to 64 years
Serbia,2014,Females,45.7,,,ESTAT:TESEM010(1.0),2016-04-26 23:00:00,Annual,Total employment (resident population concept - LFS),Percentage of total population,From 20 to 64 years
Serbia,2015,Females,46.8,,,ESTAT:TESEM010(1.0),2016-04-26 23:00:00,Annual,Total employment (resident population concept - LFS),Percentage of total population,From 20 to 64 years
Serbia,2016,Females,50.4,,,ESTAT:TESEM010(1.0),2016-04-26 23:00:00,Annual,Total employment (resident population concept - LFS),Percentage of total population,From 20 to 64 years
Serbia,2017,Females,53.0,,,ESTAT:TESEM010(1.0),2016-04-26 23:00:00,Annual,Total employment (resident population concept - LFS),Percentage of total population,From 20 to 64 years
Serbia,2018,Females,54.5,,,ESTAT:TESEM010(1.0),2016-04-26 23:00:00,Annual,Total employment (resident population concept - LFS),Percentage of total population,From 20 to 64 years
Serbia,2019,Females,55.8,,,ESTAT:TESEM010(1.0),2016-04-26 23:00:00,Annual,Total employment (resident population concept - LFS),Percentage of total population,From 20 to 64 years
Serbia,2020,Females,56.6,,,ESTAT:TESEM010(1.0),2016-04-26 23:00:00,Annual,Total employment (resident population concept - LFS),Percentage of total population,From 20 to 64 years
Serbia,2021,Females,58.9,,,ESTAT:TESEM010(1.0),2016-04-26 23:00:00,Annual,Total employment (resident population concept - LFS),Percentage of total population,From 20 to 64 years
Serbia,2022,Females,61.8,,,ESTAT:TESEM010(1.0),2016-04-26 23:00:00,Annual,Total employment (resident population concept - LFS),Percentage of total population,From 20 to 64 years
Serbia,2023,Females,63.4,,,ESTAT:TESEM010(1.0),2016-04-26 23:00:00,Annual,Total employment (resident population concept - LFS),Percentage of total population,From 20 to 64 years
Serbia,2024,Females,65.5,,,ESTAT:TESEM010(1.0),2016-04-26 23:00:00,Annual,Total employment (resident population concept - LFS),Percentage of total population,From 20 to 64 years
Serbia,2025,Females,65.8,,,ESTAT:TESEM010(1.0),2016-04-26 23:00:00,Annual,Total employment (resident population concept - LFS),Percentage of total population,From 20 to 64 years
Sweden,2005,Females,74.8,,,ESTAT:TESEM010(1.0),2016-04-26 23:00:00,Annual,Total employment (resident population concept - LFS),Percentage of total population,From 20 to 64 years
Sweden,2006,Females,75.2,,,ESTAT:TESEM010(1.0),2016-04-26 23:00:00,Annual,Total employment (resident population concept - LFS),Percentage of total population,From 20 to 64 years
Sweden,2007,Females,76.5,,,ESTAT:TESEM010(1.0),2016-04-26 23:00:00,Annual,Total employment (resident population concept - LFS),Percentage of total population,From 20 to 64 years
Sweden,2008,Females,76.7,,,ESTAT:TESEM010(1.0),2016-04-26 23:00:00,Annual,Total employment (resident population concept - LFS),Percentage of total population,From 20 to 64 years
Sweden,2009,Females,75.1,,,ESTAT:TESEM010(1.0),2016-04-26 23:00:00,Annual,Total employment (resident population concept - LFS),Percentage of total population,From 20 to 64 years
Sweden,2010,Females,74.4,,,ESTAT:TESEM010(1.0),2016-04-26 23:00:00,Annual,Total employment (resident population concept - LFS),Percentage of total population,From 20 to 64 years
Sweden,2011,Females,76.0,,,ESTAT:TESEM010(1.0),2016-04-26 23:00:00,Annual,Total employment (resident population concept - LFS),Percentage of total population,From 20 to 64 years
Sweden,2012,Females,76.4,,,ESTAT:TESEM010(1.0),2016-04-26 23:00:00,Annual,Total employment (resident population concept - LFS),Percentage of total population,From 20 to 64 years
Sweden,2013,Females,76.7,,,ESTAT:TESEM010(1.0),2016-04-26 23:00:00,Annual,Total employment (resident population concept - LFS),Percentage of total population,From 20 to 64 years
Sweden,2014,Females,77.2,,,ESTAT:TESEM010(1.0),2016-04-26 23:00:00,Annual,Total employment (resident population concept - LFS),Percentage of total population,From 20 to 64 years
Sweden,2015,Females,77.9,,,ESTAT:TESEM010(1.0),2016-04-26 23:00:00,Annual,Total employment (resident population concept - LFS),Percentage of total population,From 20 to 64 years
Sweden,2016,Females,78.7,,,ESTAT:TESEM010(1.0),2016-04-26 23:00:00,Annual,Total employment (resident population concept - LFS),Percentage of total population,From 20 to 64 years
Sweden,2017,Females,79.2,,,ESTAT:TESEM010(1.0),2016-04-26 23:00:00,Annual,Total employment (resident population concept - LFS),Percentage of total population,From 20 to 64 years
Sweden,2018,Females,79.7,,,ESTAT:TESEM010(1.0),2016-04-26 23:00:00,Annual,Total employment (resident population concept - LFS),Percentage of total population,From 20 to 64 years
Sweden,2019,Females,79.1,,,ESTAT:TESEM010(1.0),2016-04-26 23:00:00,Annual,Total employment (resident population concept - LFS),Percentage of total population,From 20 to 64 years
Sweden,2020,Females,77.5,,,ESTAT:TESEM010(1.0),2016-04-26 23:00:00,Annual,Total employment (resident population concept - LFS),Percentage of total population,From 20 to 64 years
Sweden,2021,Females,77.7,,,ESTAT:TESEM010(1.0),2016-04-26 23:00:00,Annual,Total employment (resident population concept - LFS),Percentage of total population,From 20 to 64 years
Sweden,2022,Females,79.1,,,ESTAT:TESEM010(1.0),2016-04-26 23:00:00,Annual,Total employment (resident population concept - LFS),Percentage of total population,From 20 to 64 years
Sweden,2023,Females,80.2,,,ESTAT:TESEM010(1.0),2016-04-26 23:00:00,Annual,Total employment (resident population concept - LFS),Percentage of total population,From 20 to 64 years
Sweden,2024,Females,79.9,,,ESTAT:TESEM010(1.0),2016-04-26 23:00:00,Annual,Total employment (resident population concept - LFS),Percentage of total population,From 20 to 64 years
Sweden,2025,Females,79.8,,,ESTAT:TESEM010(1.0),2016-04-26 23:00:00,Annual,Total employment (resident population concept - LFS),Percentage of total population,From 20 to 64 years
Slovenia,2009,Females,67.6,,,ESTAT:TESEM010(1.0),2016-04-26 23:00:00,Annual,Total employment (resident population concept - LFS),Percentage of total population,From 20 to 64 years
Slovenia,2010,Females,66.0,,,ESTAT:TESEM010(1.0),2016-04-26 23:00:00,Annual,Total employment (resident population concept - LFS),Percentage of total population,From 20 to 64 years
Slovenia,2011,Females,64.4,,,ESTAT:TESEM010(1.0),2016-04-26 23:00:00,Annual,Total employment (resident population concept - LFS),Percentage of total population,From 20 to 64 years
Slovenia,2012,Females,64.2,,,ESTAT:TESEM010(1.0),2016-04-26 23:00:00,Annual,Total employment (resident population concept - LFS),Percentage of total population,From 20 to 64 years
Slovenia,2013,Females,62.6,,,ESTAT:TESEM010(1.0),2016-04-26 23:00:00,Annual,Total employment (resident population concept - LFS),Percentage of total population,From 20 to 64 years
Slovenia,2014,Females,63.2,,,ESTAT:TESEM010(1.0),2016-04-26 23:00:00,Annual,Total employment (resident population concept - LFS),Percentage of total population,From 20 to 64 years
Slovenia,2015,Females,64.2,,,ESTAT:TESEM010(1.0),2016-04-26 23:00:00,Annual,Total employment (resident population concept - LFS),Percentage of total population,From 20 to 64 years
Slovenia,2016,Females,66.2,,,ESTAT:TESEM010(1.0),2016-04-26 23:00:00,Annual,Total employment (resident population concept - LFS),Percentage of total population,From 20 to 64 years
Slovenia,2017,Females,69.3,,,ESTAT:TESEM010(1.0),2016-04-26 23:00:00,Annual,Total employment (resident population concept - LFS),Percentage of total population,From 20 to 64 years
Slovenia,2018,Females,71.2,,,ESTAT:TESEM010(1.0),2016-04-26 23:00:00,Annual,Total employment (resident population concept - LFS),Percentage of total population,From 20 to 64 years
Slovenia,2019,Females,72.5,,,ESTAT:TESEM010(1.0),2016-04-26 23:00:00,Annual,Total employment (resident population concept - LFS),Percentage of total population,From 20 to 64 years
Slovenia,2020,Females,71.7,,,ESTAT:TESEM010(1.0),2016-04-26 23:00:00,Annual,Total employment (resident population concept - LFS),Percentage of total population,From 20 to 64 years
Slovenia,2021,Females,72.6,,,ESTAT:TESEM010(1.0),2016-04-26 23:00:00,Annual,Total employment (resident population concept - LFS),Percentage of total population,From 20 to 64 years
Slovenia,2022,Females,74.3,,,ESTAT:TESEM010(1.0),2016-04-26 23:00:00,Annual,Total employment (resident population concept - LFS),Percentage of total population,From 20 to 64 years
Slovenia,2023,Females,74.3,,,ESTAT:TESEM010(1.0),2016-04-26 23:00:00,Annual,Total employment (resident population concept - LFS),Percentage of total population,From 20 to 64 years
Slovenia,2024,Females,75.1,,,ESTAT:TESEM010(1.0),2016-04-26 23:00:00,Annual,Total employment (resident population concept - LFS),Percentage of total population,From 20 to 64 years
Slovenia,2025,Females,75.7,,,ESTAT:TESEM010(1.0),2016-04-26 23:00:00,Annual,Total employment (resident population concept - LFS),Percentage of total population,From 20 to 64 years
Slovakia,2009,Females,62.4,,,ESTAT:TESEM010(1.0),2016-04-26 23:00:00,Annual,Total employment (resident population concept - LFS),Percentage of total population,From 20 to 64 years
Slovakia,2010,Females,61.6,,,ESTAT:TESEM010(1.0),2016-04-26 23:00:00,Annual,Total employment (resident population concept - LFS),Percentage of total population,From 20 to 64 years
Slovakia,2011,Females,61.6,b,,ESTAT:TESEM010(1.0),2016-04-26 23:00:00,Annual,Total employment (resident population concept - LFS),Percentage of total population,From 20 to 64 years
Slovakia,2012,Females,61.5,,,ESTAT:TESEM010(1.0),2016-04-26 23:00:00,Annual,Total employment (resident population concept - LFS),Percentage of total population,From 20 to 64 years
Slovakia,2013,Females,62.0,,,ESTAT:TESEM010(1.0),2016-04-26 23:00:00,Annual,Total employment (resident population concept - LFS),Percentage of total population,From 20 to 64 years
Slovakia,2014,Females,62.9,,,ESTAT:TESEM010(1.0),2016-04-26 23:00:00,Annual,Total employment (resident population concept - LFS),Percentage of total population,From 20 to 64 years
Slovakia,2015,Females,64.6,,,ESTAT:TESEM010(1.0),2016-04-26 23:00:00,Annual,Total employment (resident population concept - LFS),Percentage of total population,From 20 to 64 years
Slovakia,2016,Females,67.2,,,ESTAT:TESEM010(1.0),2016-04-26 23:00:00,Annual,Total employment (resident population concept - LFS),Percentage of total population,From 20 to 64 years
Slovakia,2017,Females,69.4,,,ESTAT:TESEM010(1.0),2016-04-26 23:00:00,Annual,Total employment (resident population concept - LFS),Percentage of total population,From 20 to 64 years
Slovakia,2018,Females,70.3,,,ESTAT:TESEM010(1.0),2016-04-26 23:00:00,Annual,Total employment (resident population concept - LFS),Percentage of total population,From 20 to 64 years
Slovakia,2019,Females,71.7,,,ESTAT:TESEM010(1.0),2016-04-26 23:00:00,Annual,Total employment (resident population concept - LFS),Percentage of total population,From 20 to 64 years
Slovakia,2020,Females,70.9,,,ESTAT:TESEM010(1.0),2016-04-26 23:00:00,Annual,Total employment (resident population concept - LFS),Percentage of total population,From 20 to 64 years
Slovakia,2021,Females,70.4,,,ESTAT:TESEM010(1.0),2016-04-26 23:00:00,Annual,Total employment (resident population concept - LFS),Percentage of total population,From 20 to 64 years
Slovakia,2022,Females,72.6,,,ESTAT:TESEM010(1.0),2016-04-26 23:00:00,Annual,Total employment (resident population concept - LFS),Percentage of total population,From 20 to 64 years
Slovakia,2023,Females,73.6,,,ESTAT:TESEM010(1.0),2016-04-26 23:00:00,Annual,Total employment (resident population concept - LFS),Percentage of total population,From 20 to 64 years
Slovakia,2024,Females,73.6,,,ESTAT:TESEM010(1.0),2016-04-26 23:00:00,Annual,Total employment (resident population concept - LFS),Percentage of total population,From 20 to 64 years
Slovakia,2025,Females,73.7,,,ESTAT:TESEM010(1.0),2016-04-26 23:00:00,Annual,Total employment (resident population concept - LFS),Percentage of total population,From 20 to 64 years
Türkiye,2009,Females,25.8,,,ESTAT:TESEM010(1.0),2016-04-26 23:00:00,Annual,Total employment (resident population concept - LFS),Percentage of total population,From 20 to 64 years
Türkiye,2010,Females,28.0,,,ESTAT:TESEM010(1.0),2016-04-26 23:00:00,Annual,Total employment (resident population concept - LFS),Percentage of total population,From 20 to 64 years
Türkiye,2011,Females,29.7,,,ESTAT:TESEM010(1.0),2016-04-26 23:00:00,Annual,Total employment (resident population concept - LFS),Percentage of total population,From 20 to 64 years
Türkiye,2012,Females,30.9,,,ESTAT:TESEM010(1.0),2016-04-26 23:00:00,Annual,Total employment (resident population concept - LFS),Percentage of total population,From 20 to 64 years
Türkiye,2013,Females,31.8,,,ESTAT:TESEM010(1.0),2016-04-26 23:00:00,Annual,Total employment (resident population concept - LFS),Percentage of total population,From 20 to 64 years
Türkiye,2014,Females,31.6,b,,ESTAT:TESEM010(1.0),2016-04-26 23:00:00,Annual,Total employment (resident population concept - LFS),Percentage of total population,From 20 to 64 years
Türkiye,2015,Females,32.5,,,ESTAT:TESEM010(1.0),2016-04-26 23:00:00,Annual,Total employment (resident population concept - LFS),Percentage of total population,From 20 to 64 years
Türkiye,2016,Females,33.2,,,ESTAT:TESEM010(1.0),2016-04-26 23:00:00,Annual,Total employment (resident population concept - LFS),Percentage of total population,From 20 to 64 years
Türkiye,2017,Females,34.5,,,ESTAT:TESEM010(1.0),2016-04-26 23:00:00,Annual,Total employment (resident population concept - LFS),Percentage of total population,From 20 to 64 years
Türkiye,2018,Females,35.2,,,ESTAT:TESEM010(1.0),2016-04-26 23:00:00,Annual,Total employment (resident population concept - LFS),Percentage of total population,From 20 to 64 years
Türkiye,2019,Females,34.4,,,ESTAT:TESEM010(1.0),2016-04-26 23:00:00,Annual,Total employment (resident population concept - LFS),Percentage of total population,From 20 to 64 years
Türkiye,2020,Females,32.0,,,ESTAT:TESEM010(1.0),2016-04-26 23:00:00,Annual,Total employment (resident population concept - LFS),Percentage of total population,From 20 to 64 years
Türkiye,2021,Females,34.2,b,,ESTAT:TESEM010(1.0),2016-04-26 23:00:00,Annual,Total employment (resident population concept - LFS),Percentage of total population,From 20 to 64 years
Türkiye,2022,Females,37.0,,,ESTAT:TESEM010(1.0),2016-04-26 23:00:00,Annual,Total employment (resident population concept - LFS),Percentage of total population,From 20 to 64 years
Türkiye,2023,Females,38.0,,,ESTAT:TESEM010(1.0),2016-04-26 23:00:00,Annual,Total employment (resident population concept - LFS),Percentage of total population,From 20 to 64 years
Türkiye,2024,Females,39.4,,,ESTAT:TESEM010(1.0),2016-04-26 23:00:00,Annual,Total employment (resident population concept - LFS),Percentage of total population,From 20 to 64 years
Türkiye,2025,Females,39.1,,,ESTAT:TESEM010(1.0),2016-04-26 23:00:00,Annual,Total employment (resident population concept - LFS),Percentage of total population,From 20 to 64 years
Austria,2009,Males,78.7,,,ESTAT:TESEM010(1.0),2016-04-26 23:00:00,Annual,Total employment (resident population concept - LFS),Percentage of total population,From 20 to 64 years
Austria,2010,Males,79.0,,,ESTAT:TESEM010(1.0),2016-04-26 23:00:00,Annual,Total employment (resident population concept - LFS),Percentage of total population,From 20 to 64 years
Austria,2011,Males,79.2,,,ESTAT:TESEM010(1.0),2016-04-26 23:00:00,Annual,Total employment (resident population concept - LFS),Percentage of total population,From 20 to 64 years
Austria,2012,Males,79.3,,,ESTAT:TESEM010(1.0),2016-04-26 23:00:00,Annual,Total employment (resident population concept - LFS),Percentage of total population,From 20 to 64 years
Austria,2013,Males,79.1,,,ESTAT:TESEM010(1.0),2016-04-26 23:00:00,Annual,Total employment (resident population concept - LFS),Percentage of total population,From 20 to 64 years
Austria,2014,Males,78.3,,,ESTAT:TESEM010(1.0),2016-04-26 23:00:00,Annual,Total employment (resident population concept - LFS),Percentage of total population,From 20 to 64 years
Austria,2015,Males,78.4,,,ESTAT:TESEM010(1.0),2016-04-26 23:00:00,Annual,Total employment (resident population concept - LFS),Percentage of total population,From 20 to 64 years
Austria,2016,Males,78.7,,,ESTAT:TESEM010(1.0),2016-04-26 23:00:00,Annual,Total employment (resident population concept - LFS),Percentage of total population,From 20 to 64 years
Austria,2017,Males,79.4,,,ESTAT:TESEM010(1.0),2016-04-26 23:00:00,Annual,Total employment (resident population concept - LFS),Percentage of total population,From 20 to 64 years
Austria,2018,Males,80.7,,,ESTAT:TESEM010(1.0),2016-04-26 23:00:00,Annual,Total employment (resident population concept - LFS),Percentage of total population,From 20 to 64 years
Austria,2019,Males,81.2,,,ESTAT:TESEM010(1.0),2016-04-26 23:00:00,Annual,Total employment (resident population concept - LFS),Percentage of total population,From 20 to 64 years
Austria,2020,Males,79.0,,,ESTAT:TESEM010(1.0),2016-04-26 23:00:00,Annual,Total employment (resident population concept - LFS),Percentage of total population,From 20 to 64 years
Austria,2021,Males,79.9,,,ESTAT:TESEM010(1.0),2016-04-26 23:00:00,Annual,Total employment (resident population concept - LFS),Percentage of total population,From 20 to 64 years
Austria,2022,Males,81.2,,,ESTAT:TESEM010(1.0),2016-04-26 23:00:00,Annual,Total employment (resident population concept - LFS),Percentage of total population,From 20 to 64 years
Austria,2023,Males,81.1,,,ESTAT:TESEM010(1.0),2016-04-26 23:00:00,Annual,Total employment (resident population concept - LFS),Percentage of total population,From 20 to 64 years
Austria,2024,Males,80.8,,,ESTAT:TESEM010(1.0),2016-04-26 23:00:00,Annual,Total employment (resident population concept - LFS),Percentage of total population,From 20 to 64 years
Austria,2025,Males,81.0,,,ESTAT:TESEM010(1.0),2016-04-26 23:00:00,Annual,Total employment (resident population concept - LFS),Percentage of total population,From 20 to 64 years
Bosnia and Herzegovina,2021,Males,66.0,,,ESTAT:TESEM010(1.0),2016-04-26 23:00:00,Annual,Total employment (resident population concept - LFS),Percentage of total population,From 20 to 64 years
Bosnia and Herzegovina,2022,Males,67.7,,,ESTAT:TESEM010(1.0),2016-04-26 23:00:00,Annual,Total employment (resident population concept - LFS),Percentage of total population,From 20 to 64 years
Bosnia and Herzegovina,2023,Males,69.5,,,ESTAT:TESEM010(1.0),2016-04-26 23:00:00,Annual,Total employment (resident population concept - LFS),Percentage of total population,From 20 to 64 years
Bosnia and Herzegovina,2024,Males,71.9,,,ESTAT:TESEM010(1.0),2016-04-26 23:00:00,Annual,Total employment (resident population concept - LFS),Percentage of total population,From 20 to 64 years
Bosnia and Herzegovina,2025,Males,73.5,,,ESTAT:TESEM010(1.0),2016-04-26 23:00:00,Annual,Total employment (resident population concept - LFS),Percentage of total population,From 20 to 64 years
Belgium,2009,Males,73.2,,,ESTAT:TESEM010(1.0),2016-04-26 23:00:00,Annual,Total employment (resident population concept - LFS),Percentage of total population,From 20 to 64 years
Belgium,2010,Males,73.5,,,ESTAT:TESEM010(1.0),2016-04-26 23:00:00,Annual,Total employment (resident population concept - LFS),Percentage of total population,From 20 to 64 years
Belgium,2011,Males,73.0,,,ESTAT:TESEM010(1.0),2016-04-26 23:00:00,Annual,Total employment (resident population concept - LFS),Percentage of total population,From 20 to 64 years
Belgium,2012,Males,72.7,,,ESTAT:TESEM010(1.0),2016-04-26 23:00:00,Annual,Total employment (resident population concept - LFS),Percentage of total population,From 20 to 64 years
Belgium,2013,Males,72.3,,,ESTAT:TESEM010(1.0),2016-04-26 23:00:00,Annual,Total employment (resident population concept - LFS),Percentage of total population,From 20 to 64 years
Belgium,2014,Males,71.6,,,ESTAT:TESEM010(1.0),2016-04-26 23:00:00,Annual,Total employment (resident population concept - LFS),Percentage of total population,From 20 to 64 years
Belgium,2015,Males,71.3,,,ESTAT:TESEM010(1.0),2016-04-26 23:00:00,Annual,Total employment (resident population concept - LFS),Percentage of total population,From 20 to 64 years
Belgium,2016,Males,72.3,,,ESTAT:TESEM010(1.0),2016-04-26 23:00:00,Annual,Total employment (resident population concept - LFS),Percentage of total population,From 20 to 64 years
Belgium,2017,Males,73.4,b,,ESTAT:TESEM010(1.0),2016-04-26 23:00:00,Annual,Total employment (resident population concept - LFS),Percentage of total population,From 20 to 64 years
Belgium,2018,Males,73.9,,,ESTAT:TESEM010(1.0),2016-04-26 23:00:00,Annual,Total employment (resident population concept - LFS),Percentage of total population,From 20 to 64 years
Belgium,2019,Males,74.5,,,ESTAT:TESEM010(1.0),2016-04-26 23:00:00,Annual,Total employment (resident population concept - LFS),Percentage of total population,From 20 to 64 years
Belgium,2020,Males,73.7,,,ESTAT:TESEM010(1.0),2016-04-26 23:00:00,Annual,Total employment (resident population concept - LFS),Percentage of total population,From 20 to 64 years
Belgium,2021,Males,74.5,,,ESTAT:TESEM010(1.0),2016-04-26 23:00:00,Annual,Total employment (resident population concept - LFS),Percentage of total population,From 20 to 64 years
Belgium,2022,Males,75.7,,,ESTAT:TESEM010(1.0),2016-04-26 23:00:00,Annual,Total employment (resident population concept - LFS),Percentage of total population,From 20 to 64 years
Belgium,2023,Males,75.9,,,ESTAT:TESEM010(1.0),2016-04-26 23:00:00,Annual,Total employment (resident population concept - LFS),Percentage of total population,From 20 to 64 years
Belgium,2024,Males,76.3,,,ESTAT:TESEM010(1.0),2016-04-26 23:00:00,Annual,Total employment (resident population concept - LFS),Percentage of total population,From 20 to 64 years
Belgium,2025,Males,76.4,,,ESTAT:TESEM010(1.0),2016-04-26 23:00:00,Annual,Total employment (resident population concept - LFS),Percentage of total population,From 20 to 64 years
Bulgaria,2009,Males,72.9,,,ESTAT:TESEM010(1.0),2016-04-26 23:00:00,Annual,Total employment (resident population concept - LFS),Percentage of total population,From 20 to 64 years
Bulgaria,2010,Males,67.8,b,,ESTAT:TESEM010(1.0),2016-04-26 23:00:00,Annual,Total employment (resident population concept - LFS),Percentage of total population,From 20 to 64 years
Bulgaria,2011,Males,65.2,b,,ESTAT:TESEM010(1.0),2016-04-26 23:00:00,Annual,Total employment (resident population concept - LFS),Percentage of total population,From 20 to 64 years
Bulgaria,2012,Males,65.0,,,ESTAT:TESEM010(1.0),2016-04-26 23:00:00,Annual,Total employment (resident population concept - LFS),Percentage of total population,From 20 to 64 years
Bulgaria,2013,Males,65.6,,,ESTAT:TESEM010(1.0),2016-04-26 23:00:00,Annual,Total employment (resident population concept - LFS),Percentage of total population,From 20 to 64 years
Bulgaria,2014,Males,67.3,,,ESTAT:TESEM010(1.0),2016-04-26 23:00:00,Annual,Total employment (resident population concept - LFS),Percentage of total population,From 20 to 64 years
Bulgaria,2015,Males,69.6,,,ESTAT:TESEM010(1.0),2016-04-26 23:00:00,Annual,Total employment (resident population concept - LFS),Percentage of total population,From 20 to 64 years
Bulgaria,2016,Males,70.4,,,ESTAT:TESEM010(1.0),2016-04-26 23:00:00,Annual,Total employment (resident population concept - LFS),Percentage of total population,From 20 to 64 years
Bulgaria,2017,Males,74.4,,,ESTAT:TESEM010(1.0),2016-04-26 23:00:00,Annual,Total employment (resident population concept - LFS),Percentage of total population,From 20 to 64 years
Bulgaria,2018,Males,75.5,,,ESTAT:TESEM010(1.0),2016-04-26 23:00:00,Annual,Total employment (resident population concept - LFS),Percentage of total population,From 20 to 64 years
Bulgaria,2019,Males,78.3,b,,ESTAT:TESEM010(1.0),2016-04-26 23:00:00,Annual,Total employment (resident population concept - LFS),Percentage of total population,From 20 to 64 years
Bulgaria,2020,Males,76.8,,,ESTAT:TESEM010(1.0),2016-04-26 23:00:00,Annual,Total employment (resident population concept - LFS),Percentage of total population,From 20 to 64 years
Bulgaria,2021,Males,77.5,,,ESTAT:TESEM010(1.0),2016-04-26 23:00:00,Annual,Total employment (resident population concept - LFS),Percentage of total population,From 20 to 64 years
Bulgaria,2022,Males,79.6,,,ESTAT:TESEM010(1.0),2016-04-26 23:00:00,Annual,Total employment (resident population concept - LFS),Percentage of total population,From 20 to 64 years
Bulgaria,2023,Males,79.9,,,ESTAT:TESEM010(1.0),2016-04-26 23:00:00,Annual,Total employment (resident population concept - LFS),Percentage of total population,From 20 to 64 years
Bulgaria,2024,Males,80.3,b,,ESTAT:TESEM010(1.0),2016-04-26 23:00:00,Annual,Total employment (resident population concept - LFS),Percentage of total population,From 20 to 64 years
Bulgaria,2025,Males,80.6,,,ESTAT:TESEM010(1.0),2016-04-26 23:00:00,Annual,Total employment (resident population concept - LFS),Percentage of total population,From 20 to 64 years
Switzerland,2010,Males,86.1,b,,ESTAT:TESEM010(1.0),2016-04-26 23:00:00,Annual,Total employment (resident population concept - LFS),Percentage of total population,From 20 to 64 years
Switzerland,2011,Males,86.8,,,ESTAT:TESEM010(1.0),2016-04-26 23:00:00,Annual,Total employment (resident population concept - LFS),Percentage of total population,From 20 to 64 years
Switzerland,2012,Males,86.7,,,ESTAT:TESEM010(1.0),2016-04-26 23:00:00,Annual,Total employment (resident population concept - LFS),Percentage of total population,From 20 to 64 years
Switzerland,2013,Males,86.2,,,ESTAT:TESEM010(1.0),2016-04-26 23:00:00,Annual,Total employment (resident population concept - LFS),Percentage of total population,From 20 to 64 years
Switzerland,2014,Males,86.0,,,ESTAT:TESEM010(1.0),2016-04-26 23:00:00,Annual,Total employment (resident population concept - LFS),Percentage of total population,From 20 to 64 years
Switzerland,2015,Males,86.5,,,ESTAT:TESEM010(1.0),2016-04-26 23:00:00,Annual,Total employment (resident population concept - LFS),Percentage of total population,From 20 to 64 years
Switzerland,2016,Males,86.5,,,ESTAT:TESEM010(1.0),2016-04-26 23:00:00,Annual,Total employment (resident population concept - LFS),Percentage of total population,From 20 to 64 years
Switzerland,2017,Males,86.8,,,ESTAT:TESEM010(1.0),2016-04-26 23:00:00,Annual,Total employment (resident population concept - LFS),Percentage of total population,From 20 to 64 years
Switzerland,2018,Males,87.0,,,ESTAT:TESEM010(1.0),2016-04-26 23:00:00,Annual,Total employment (resident population concept - LFS),Percentage of total population,From 20 to 64 years
Switzerland,2019,Males,87.3,,,ESTAT:TESEM010(1.0),2016-04-26 23:00:00,Annual,Total employment (resident population concept - LFS),Percentage of total population,From 20 to 64 years
Switzerland,2020,Males,86.6,,,ESTAT:TESEM010(1.0),2016-04-26 23:00:00,Annual,Total employment (resident population concept - LFS),Percentage of total population,From 20 to 64 years
Switzerland,2021,Males,85.9,,,ESTAT:TESEM010(1.0),2016-04-26 23:00:00,Annual,Total employment (resident population concept - LFS),Percentage of total population,From 20 to 64 years
Switzerland,2022,Males,86.3,,,ESTAT:TESEM010(1.0),2016-04-26 23:00:00,Annual,Total employment (resident population concept - LFS),Percentage of total population,From 20 to 64 years
Switzerland,2023,Males,86.9,,,ESTAT:TESEM010(1.0),2016-04-26 23:00:00,Annual,Total employment (resident population concept - LFS),Percentage of total population,From 20 to 64 years
Switzerland,2024,Males,86.4,,,ESTAT:TESEM010(1.0),2016-04-26 23:00:00,Annual,Total employment (resident population concept - LFS),Percentage of total population,From 20 to 64 years
Switzerland,2025,Males,85.7,,,ESTAT:TESEM010(1.0),2016-04-26 23:00:00,Annual,Total employment (resident population concept - LFS),Percentage of total population,From 20 to 64 years
Cyprus,2009,Males,82.8,,,ESTAT:TESEM010(1.0),2016-04-26 23:00:00,Annual,Total employment (resident population concept - LFS),Percentage of total population,From 20 to 64 years
Cyprus,2010,Males,81.7,,,ESTAT:TESEM010(1.0),2016-04-26 23:00:00,Annual,Total employment (resident population concept - LFS),Percentage of total population,From 20 to 64 years
Cyprus,2011,Males,79.6,,,ESTAT:TESEM010(1.0),2016-04-26 23:00:00,Annual,Total employment (resident population concept - LFS),Percentage of total population,From 20 to 64 years
Cyprus,2012,Males,76.1,,,ESTAT:TESEM010(1.0),2016-04-26 23:00:00,Annual,Total employment (resident population concept - LFS),Percentage of total population,From 20 to 64 years
Cyprus,2013,Males,72.6,,,ESTAT:TESEM010(1.0),2016-04-26 23:00:00,Annual,Total employment (resident population concept - LFS),Percentage of total population,From 20 to 64 years
Cyprus,2014,Males,71.6,,,ESTAT:TESEM010(1.0),2016-04-26 23:00:00,Annual,Total employment (resident population concept - LFS),Percentage of total population,From 20 to 64 years
Cyprus,2015,Males,72.3,,,ESTAT:TESEM010(1.0),2016-04-26 23:00:00,Annual,Total employment (resident population concept - LFS),Percentage of total population,From 20 to 64 years
Cyprus,2016,Males,73.8,,,ESTAT:TESEM010(1.0),2016-04-26 23:00:00,Annual,Total employment (resident population concept - LFS),Percentage of total population,From 20 to 64 years
Cyprus,2017,Males,75.7,,,ESTAT:TESEM010(1.0),2016-04-26 23:00:00,Annual,Total employment (resident population concept - LFS),Percentage of total population,From 20 to 64 years
Cyprus,2018,Males,79.3,,,ESTAT:TESEM010(1.0),2016-04-26 23:00:00,Annual,Total employment (resident population concept - LFS),Percentage of total population,From 20 to 64 years
Cyprus,2019,Males,81.3,,,ESTAT:TESEM010(1.0),2016-04-26 23:00:00,Annual,Total employment (resident population concept - LFS),Percentage of total population,From 20 to 64 years
Cyprus,2020,Males,81.1,,,ESTAT:TESEM010(1.0),2016-04-26 23:00:00,Annual,Total employment (resident population concept - LFS),Percentage of total population,From 20 to 64 years
Cyprus,2021,Males,82.3,,,ESTAT:TESEM010(1.0),2016-04-26 23:00:00,Annual,Total employment (resident population concept - LFS),Percentage of total population,From 20 to 64 years
Cyprus,2022,Males,84.3,,,ESTAT:TESEM010(1.0),2016-04-26 23:00:00,Annual,Total employment (resident population concept - LFS),Percentage of total population,From 20 to 64 years
Cyprus,2023,Males,84.2,,,ESTAT:TESEM010(1.0),2016-04-26 23:00:00,Annual,Total employment (resident population concept - LFS),Percentage of total population,From 20 to 64 years
Cyprus,2024,Males,85.0,,,ESTAT:TESEM010(1.0),2016-04-26 23:00:00,Annual,Total employment (resident population concept - LFS),Percentage of total population,From 20 to 64 years
Cyprus,2025,Males,86.4,,,ESTAT:TESEM010(1.0),2016-04-26 23:00:00,Annual,Total employment (resident population concept - LFS),Percentage of total population,From 20 to 64 years
Czechia,2009,Males,80.2,,,ESTAT:TESEM010(1.0),2016-04-26 23:00:00,Annual,Total employment (resident population concept - LFS),Percentage of total population,From 20 to 64 years
Czechia,2010,Males,79.6,,,ESTAT:TESEM010(1.0),2016-04-26 23:00:00,Annual,Total employment (resident population concept - LFS),Percentage of total population,From 20 to 64 years
Czechia,2011,Males,79.9,b,,ESTAT:TESEM010(1.0),2016-04-26 23:00:00,Annual,Total employment (resident population concept - LFS),Percentage of total population,From 20 to 64 years
Czechia,2012,Males,80.2,,,ESTAT:TESEM010(1.0),2016-04-26 23:00:00,Annual,Total employment (resident population concept - LFS),Percentage of total population,From 20 to 64 years
Czechia,2013,Males,81.0,,,ESTAT:TESEM010(1.0),2016-04-26 23:00:00,Annual,Total employment (resident population concept - LFS),Percentage of total population,From 20 to 64 years
Czechia,2014,Males,82.2,,,ESTAT:TESEM010(1.0),2016-04-26 23:00:00,Annual,Total employment (resident population concept - LFS),Percentage of total population,From 20 to 64 years
Czechia,2015,Males,83.0,,,ESTAT:TESEM010(1.0),2016-04-26 23:00:00,Annual,Total employment (resident population concept - LFS),Percentage of total population,From 20 to 64 years
Czechia,2016,Males,84.6,,,ESTAT:TESEM010(1.0),2016-04-26 23:00:00,Annual,Total employment (resident population concept - LFS),Percentage of total population,From 20 to 64 years
Czechia,2017,Males,86.3,,,ESTAT:TESEM010(1.0),2016-04-26 23:00:00,Annual,Total employment (resident population concept - LFS),Percentage of total population,From 20 to 64 years
Czechia,2018,Males,87.4,,,ESTAT:TESEM010(1.0),2016-04-26 23:00:00,Annual,Total employment (resident population concept - LFS),Percentage of total population,From 20 to 64 years
Czechia,2019,Males,87.7,,,ESTAT:TESEM010(1.0),2016-04-26 23:00:00,Annual,Total employment (resident population concept - LFS),Percentage of total population,From 20 to 64 years
Czechia,2020,Males,87.2,,,ESTAT:TESEM010(1.0),2016-04-26 23:00:00,Annual,Total employment (resident population concept - LFS),Percentage of total population,From 20 to 64 years
Czechia,2021,Males,87.5,,,ESTAT:TESEM010(1.0),2016-04-26 23:00:00,Annual,Total employment (resident population concept - LFS),Percentage of total population,From 20 to 64 years
Czechia,2022,Males,88.6,,,ESTAT:TESEM010(1.0),2016-04-26 23:00:00,Annual,Total employment (resident population concept - LFS),Percentage of total population,From 20 to 64 years
Czechia,2023,Males,88.4,,,ESTAT:TESEM010(1.0),2016-04-26 23:00:00,Annual,Total employment (resident population concept - LFS),Percentage of total population,From 20 to 64 years
Czechia,2024,Males,88.4,,,ESTAT:TESEM010(1.0),2016-04-26 23:00:00,Annual,Total employment (resident population concept - LFS),Percentage of total population,From 20 to 64 years
Czechia,2025,Males,88.2,,,ESTAT:TESEM010(1.0),2016-04-26 23:00:00,Annual,Total employment (resident population concept - LFS),Percentage of total population,From 20 to 64 years
Germany,2009,Males,78.5,,,ESTAT:TESEM010(1.0),2016-04-26 23:00:00,Annual,Total employment (resident population concept - LFS),Percentage of total population,From 20 to 64 years
Germany,2010,Males,79.3,b,,ESTAT:TESEM010(1.0),2016-04-26 23:00:00,Annual,Total employment (resident population concept - LFS),Percentage of total population,From 20 to 64 years
Germany,2011,Males,80.6,b,,ESTAT:TESEM010(1.0),2016-04-26 23:00:00,Annual,Total employment (resident population concept - LFS),Percentage of total population,From 20 to 64 years
Germany,2012,Males,81.0,,,ESTAT:TESEM010(1.0),2016-04-26 23:00:00,Annual,Total employment (resident population concept - LFS),Percentage of total population,From 20 to 64 years
Germany,2013,Males,81.0,,,ESTAT:TESEM010(1.0),2016-04-26 23:00:00,Annual,Total employment (resident population concept - LFS),Percentage of total population,From 20 to 64 years
Germany,2014,Males,81.2,,,ESTAT:TESEM010(1.0),2016-04-26 23:00:00,Annual,Total employment (resident population concept - LFS),Percentage of total population,From 20 to 64 years
Germany,2015,Males,81.2,,,ESTAT:TESEM010(1.0),2016-04-26 23:00:00,Annual,Total employment (resident population concept - LFS),Percentage of total population,From 20 to 64 years
Germany,2016,Males,81.6,,,ESTAT:TESEM010(1.0),2016-04-26 23:00:00,Annual,Total employment (resident population concept - LFS),Percentage of total population,From 20 to 64 years
Germany,2017,Males,82.1,,,ESTAT:TESEM010(1.0),2016-04-26 23:00:00,Annual,Total employment (resident population concept - LFS),Percentage of total population,From 20 to 64 years
Germany,2018,Males,82.8,,,ESTAT:TESEM010(1.0),2016-04-26 23:00:00,Annual,Total employment (resident population concept - LFS),Percentage of total population,From 20 to 64 years
Germany,2019,Males,83.6,,,ESTAT:TESEM010(1.0),2016-04-26 23:00:00,Annual,Total employment (resident population concept - LFS),Percentage of total population,From 20 to 64 years
Germany,2020,Males,82.0,b,,ESTAT:TESEM010(1.0),2016-04-26 23:00:00,Annual,Total employment (resident population concept - LFS),Percentage of total population,From 20 to 64 years
Germany,2021,Males,83.2,,,ESTAT:TESEM010(1.0),2016-04-26 23:00:00,Annual,Total employment (resident population concept - LFS),Percentage of total population,From 20 to 64 years
Germany,2022,Males,84.5,,,ESTAT:TESEM010(1.0),2016-04-26 23:00:00,Annual,Total employment (resident population concept - LFS),Percentage of total population,From 20 to 64 years
Germany,2023,Males,84.8,,,ESTAT:TESEM010(1.0),2016-04-26 23:00:00,Annual,Total employment (resident population concept - LFS),Percentage of total population,From 20 to 64 years
Germany,2024,Males,84.8,,,ESTAT:TESEM010(1.0),2016-04-26 23:00:00,Annual,Total employment (resident population concept - LFS),Percentage of total population,From 20 to 64 years
Germany,2025,Males,84.5,,,ESTAT:TESEM010(1.0),2016-04-26 23:00:00,Annual,Total employment (resident population concept - LFS),Percentage of total population,From 20 to 64 years
Denmark,2009,Males,79.1,,,ESTAT:TESEM010(1.0),2016-04-26 23:00:00,Annual,Total employment (resident population concept - LFS),Percentage of total population,From 20 to 64 years
Denmark,2010,Males,77.7,,,ESTAT:TESEM010(1.0),2016-04-26 23:00:00,Annual,Total employment (resident population concept - LFS),Percentage of total population,From 20 to 64 years
Denmark,2011,Males,78.3,,,ESTAT:TESEM010(1.0),2016-04-26 23:00:00,Annual,Total employment (resident population concept - LFS),Percentage of total population,From 20 to 64 years
Denmark,2012,Males,77.5,,,ESTAT:TESEM010(1.0),2016-04-26 23:00:00,Annual,Total employment (resident population concept - LFS),Percentage of total population,From 20 to 64 years
Denmark,2013,Males,77.5,,,ESTAT:TESEM010(1.0),2016-04-26 23:00:00,Annual,Total employment (resident population concept - LFS),Percentage of total population,From 20 to 64 years
Denmark,2014,Males,78.4,,,ESTAT:TESEM010(1.0),2016-04-26 23:00:00,Annual,Total employment (resident population concept - LFS),Percentage of total population,From 20 to 64 years
Denmark,2015,Males,79.3,,,ESTAT:TESEM010(1.0),2016-04-26 23:00:00,Annual,Total employment (resident population concept - LFS),Percentage of total population,From 20 to 64 years
Denmark,2016,Males,79.4,b,,ESTAT:TESEM010(1.0),2016-04-26 23:00:00,Annual,Total employment (resident population concept - LFS),Percentage of total population,From 20 to 64 years
Denmark,2017,Males,79.9,b,,ESTAT:TESEM010(1.0),2016-04-26 23:00:00,Annual,Total employment (resident population concept - LFS),Percentage of total population,From 20 to 64 years
Denmark,2018,Males,80.9,,,ESTAT:TESEM010(1.0),2016-04-26 23:00:00,Annual,Total employment (resident population concept - LFS),Percentage of total population,From 20 to 64 years
Denmark,2019,Males,81.9,,,ESTAT:TESEM010(1.0),2016-04-26 23:00:00,Annual,Total employment (resident population concept - LFS),Percentage of total population,From 20 to 64 years
Denmark,2020,Males,81.3,,,ESTAT:TESEM010(1.0),2016-04-26 23:00:00,Annual,Total employment (resident population concept - LFS),Percentage of total population,From 20 to 64 years
Denmark,2021,Males,82.4,,,ESTAT:TESEM010(1.0),2016-04-26 23:00:00,Annual,Total employment (resident population concept - LFS),Percentage of total population,From 20 to 64 years
Denmark,2022,Males,82.8,,,ESTAT:TESEM010(1.0),2016-04-26 23:00:00,Annual,Total employment (resident population concept - LFS),Percentage of total population,From 20 to 64 years
Denmark,2023,Males,82.6,b,,ESTAT:TESEM010(1.0),2016-04-26 23:00:00,Annual,Total employment (resident population concept - LFS),Percentage of total population,From 20 to 64 years
Denmark,2024,Males,83.4,,,ESTAT:TESEM010(1.0),2016-04-26 23:00:00,Annual,Total employment (resident population concept - LFS),Percentage of total population,From 20 to 64 years
Denmark,2025,Males,82.9,,,ESTAT:TESEM010(1.0),2016-04-26 23:00:00,Annual,Total employment (resident population concept - LFS),Percentage of total population,From 20 to 64 years
Estonia,2009,Males,71.0,,,ESTAT:TESEM010(1.0),2016-04-26 23:00:00,Annual,Total employment (resident population concept - LFS),Percentage of total population,From 20 to 64 years
Estonia,2010,Males,67.9,,,ESTAT:TESEM010(1.0),2016-04-26 23:00:00,Annual,Total employment (resident population concept - LFS),Percentage of total population,From 20 to 64 years
Estonia,2011,Males,73.5,,,ESTAT:TESEM010(1.0),2016-04-26 23:00:00,Annual,Total employment (resident population concept - LFS),Percentage of total population,From 20 to 64 years
Estonia,2012,Males,75.2,,,ESTAT:TESEM010(1.0),2016-04-26 23:00:00,Annual,Total employment (resident population concept - LFS),Percentage of total population,From 20 to 64 years
Estonia,2013,Males,76.8,,,ESTAT:TESEM010(1.0),2016-04-26 23:00:00,Annual,Total employment (resident population concept - LFS),Percentage of total population,From 20 to 64 years
Estonia,2014,Males,78.4,,,ESTAT:TESEM010(1.0),2016-04-26 23:00:00,Annual,Total employment (resident population concept - LFS),Percentage of total population,From 20 to 64 years
Estonia,2015,Males,80.0,,,ESTAT:TESEM010(1.0),2016-04-26 23:00:00,Annual,Total employment (resident population concept - LFS),Percentage of total population,From 20 to 64 years
Estonia,2016,Males,80.5,,,ESTAT:TESEM010(1.0),2016-04-26 23:00:00,Annual,Total employment (resident population concept - LFS),Percentage of total population,From 20 to 64 years
Estonia,2017,Males,81.7,,,ESTAT:TESEM010(1.0),2016-04-26 23:00:00,Annual,Total employment (resident population concept - LFS),Percentage of total population,From 20 to 64 years
Estonia,2018,Males,82.8,,,ESTAT:TESEM010(1.0),2016-04-26 23:00:00,Annual,Total employment (resident population concept - LFS),Percentage of total population,From 20 to 64 years
Estonia,2019,Males,83.5,,,ESTAT:TESEM010(1.0),2016-04-26 23:00:00,Annual,Total employment (resident population concept - LFS),Percentage of total population,From 20 to 64 years
Estonia,2020,Males,81.3,,,ESTAT:TESEM010(1.0),2016-04-26 23:00:00,Annual,Total employment (resident population concept - LFS),Percentage of total population,From 20 to 64 years
Estonia,2021,Males,81.2,,,ESTAT:TESEM010(1.0),2016-04-26 23:00:00,Annual,Total employment (resident population concept - LFS),Percentage of total population,From 20 to 64 years
Estonia,2022,Males,83.3,,,ESTAT:TESEM010(1.0),2016-04-26 23:00:00,Annual,Total employment (resident population concept - LFS),Percentage of total population,From 20 to 64 years
Estonia,2023,Males,83.3,,,ESTAT:TESEM010(1.0),2016-04-26 23:00:00,Annual,Total employment (resident population concept - LFS),Percentage of total population,From 20 to 64 years
Estonia,2024,Males,82.6,,,ESTAT:TESEM010(1.0),2016-04-26 23:00:00,Annual,Total employment (resident population concept - LFS),Percentage of total population,From 20 to 64 years
Estonia,2025,Males,81.9,,,ESTAT:TESEM010(1.0),2016-04-26 23:00:00,Annual,Total employment (resident population concept - LFS),Percentage of total population,From 20 to 64 years
Greece,2009,Males,78.6,,,ESTAT:TESEM010(1.0),2016-04-26 23:00:00,Annual,Total employment (resident population concept - LFS),Percentage of total population,From 20 to 64 years
Greece,2010,Males,76.0,,,ESTAT:TESEM010(1.0),2016-04-26 23:00:00,Annual,Total employment (resident population concept - LFS),Percentage of total population,From 20 to 64 years
Greece,2011,Males,70.8,,,ESTAT:TESEM010(1.0),2016-04-26 23:00:00,Annual,Total employment (resident population concept - LFS),Percentage of total population,From 20 to 64 years
Greece,2012,Males,64.7,,,ESTAT:TESEM010(1.0),2016-04-26 23:00:00,Annual,Total employment (resident population concept - LFS),Percentage of total population,From 20 to 64 years
Greece,2013,Males,62.4,,,ESTAT:TESEM010(1.0),2016-04-26 23:00:00,Annual,Total employment (resident population concept - LFS),Percentage of total population,From 20 to 64 years
Greece,2014,Males,62.6,,,ESTAT:TESEM010(1.0),2016-04-26 23:00:00,Annual,Total employment (resident population concept - LFS),Percentage of total population,From 20 to 64 years
Greece,2015,Males,64.2,,,ESTAT:TESEM010(1.0),2016-04-26 23:00:00,Annual,Total employment (resident population concept - LFS),Percentage of total population,From 20 to 64 years
Greece,2016,Males,65.7,,,ESTAT:TESEM010(1.0),2016-04-26 23:00:00,Annual,Total employment (resident population concept - LFS),Percentage of total population,From 20 to 64 years
Greece,2017,Males,67.6,,,ESTAT:TESEM010(1.0),2016-04-26 23:00:00,Annual,Total employment (resident population concept - LFS),Percentage of total population,From 20 to 64 years
Greece,2018,Males,69.9,,,ESTAT:TESEM010(1.0),2016-04-26 23:00:00,Annual,Total employment (resident population concept - LFS),Percentage of total population,From 20 to 64 years
Greece,2019,Males,71.2,,,ESTAT:TESEM010(1.0),2016-04-26 23:00:00,Annual,Total employment (resident population concept - LFS),Percentage of total population,From 20 to 64 years
Greece,2020,Males,68.1,,,ESTAT:TESEM010(1.0),2016-04-26 23:00:00,Annual,Total employment (resident population concept - LFS),Percentage of total population,From 20 to 64 years
Greece,2021,Males,72.5,,,ESTAT:TESEM010(1.0),2016-04-26 23:00:00,Annual,Total employment (resident population concept - LFS),Percentage of total population,From 20 to 64 years
Greece,2022,Males,76.9,,,ESTAT:TESEM010(1.0),2016-04-26 23:00:00,Annual,Total employment (resident population concept - LFS),Percentage of total population,From 20 to 64 years
Greece,2023,Males,77.4,,,ESTAT:TESEM010(1.0),2016-04-26 23:00:00,Annual,Total employment (resident population concept - LFS),Percentage of total population,From 20 to 64 years
Greece,2024,Males,78.7,,,ESTAT:TESEM010(1.0),2016-04-26 23:00:00,Annual,Total employment (resident population concept - LFS),Percentage of total population,From 20 to 64 years
Greece,2025,Males,79.7,,,ESTAT:TESEM010(1.0),2016-04-26 23:00:00,Annual,Total employment (resident population concept - LFS),Percentage of total population,From 20 to 64 years
Spain,2009,Males,71.0,,,ESTAT:TESEM010(1.0),2016-04-26 23:00:00,Annual,Total employment (resident population concept - LFS),Percentage of total population,From 20 to 64 years
Spain,2010,Males,69.2,,,ESTAT:TESEM010(1.0),2016-04-26 23:00:00,Annual,Total employment (resident population concept - LFS),Percentage of total population,From 20 to 64 years
Spain,2011,Males,67.7,,,ESTAT:TESEM010(1.0),2016-04-26 23:00:00,Annual,Total employment (resident population concept - LFS),Percentage of total population,From 20 to 64 years
Spain,2012,Males,64.6,,,ESTAT:TESEM010(1.0),2016-04-26 23:00:00,Annual,Total employment (resident population concept - LFS),Percentage of total population,From 20 to 64 years
Spain,2013,Males,63.4,,,ESTAT:TESEM010(1.0),2016-04-26 23:00:00,Annual,Total employment (resident population concept - LFS),Percentage of total population,From 20 to 64 years
Spain,2014,Males,65.0,,,ESTAT:TESEM010(1.0),2016-04-26 23:00:00,Annual,Total employment (resident population concept - LFS),Percentage of total population,From 20 to 64 years
Spain,2015,Males,67.6,,,ESTAT:TESEM010(1.0),2016-04-26 23:00:00,Annual,Total employment (resident population concept - LFS),Percentage of total population,From 20 to 64 years
Spain,2016,Males,69.6,,,ESTAT:TESEM010(1.0),2016-04-26 23:00:00,Annual,Total employment (resident population concept - LFS),Percentage of total population,From 20 to 64 years
Spain,2017,Males,71.5,,,ESTAT:TESEM010(1.0),2016-04-26 23:00:00,Annual,Total employment (resident population concept - LFS),Percentage of total population,From 20 to 64 years
Spain,2018,Males,73.1,,,ESTAT:TESEM010(1.0),2016-04-26 23:00:00,Annual,Total employment (resident population concept - LFS),Percentage of total population,From 20 to 64 years
Spain,2019,Males,74.0,,,ESTAT:TESEM010(1.0),2016-04-26 23:00:00,Annual,Total employment (resident population concept - LFS),Percentage of total population,From 20 to 64 years
Spain,2020,Males,71.4,,,ESTAT:TESEM010(1.0),2016-04-26 23:00:00,Annual,Total employment (resident population concept - LFS),Percentage of total population,From 20 to 64 years
Spain,2021,Males,72.9,d,,ESTAT:TESEM010(1.0),2016-04-26 23:00:00,Annual,Total employment (resident population concept - LFS),Percentage of total population,From 20 to 64 years
Spain,2022,Males,74.9,d,,ESTAT:TESEM010(1.0),2016-04-26 23:00:00,Annual,Total employment (resident population concept - LFS),Percentage of total population,From 20 to 64 years
Spain,2023,Males,75.7,d,,ESTAT:TESEM010(1.0),2016-04-26 23:00:00,Annual,Total employment (resident population concept - LFS),Percentage of total population,From 20 to 64 years
Spain,2024,Males,76.3,d,,ESTAT:TESEM010(1.0),2016-04-26 23:00:00,Annual,Total employment (resident population concept - LFS),Percentage of total population,From 20 to 64 years
Spain,2025,Males,77.1,d,,ESTAT:TESEM010(1.0),2016-04-26 23:00:00,Annual,Total employment (resident population concept - LFS),Percentage of total population,From 20 to 64 years
Finland,2009,Males,73.7,,,ESTAT:TESEM010(1.0),2016-04-26 23:00:00,Annual,Total employment (resident population concept - LFS),Percentage of total population,From 20 to 64 years
Finland,2010,Males,73.4,,,ESTAT:TESEM010(1.0),2016-04-26 23:00:00,Annual,Total employment (resident population concept - LFS),Percentage of total population,From 20 to 64 years
Finland,2011,Males,74.6,,,ESTAT:TESEM010(1.0),2016-04-26 23:00:00,Annual,Total employment (resident population concept - LFS),Percentage of total population,From 20 to 64 years
Finland,2012,Males,74.6,,,ESTAT:TESEM010(1.0),2016-04-26 23:00:00,Annual,Total employment (resident population concept - LFS),Percentage of total population,From 20 to 64 years
Finland,2013,Males,73.9,,,ESTAT:TESEM010(1.0),2016-04-26 23:00:00,Annual,Total employment (resident population concept - LFS),Percentage of total population,From 20 to 64 years
Finland,2014,Males,73.2,,,ESTAT:TESEM010(1.0),2016-04-26 23:00:00,Annual,Total employment (resident population concept - LFS),Percentage of total population,From 20 to 64 years
Finland,2015,Males,72.8,,,ESTAT:TESEM010(1.0),2016-04-26 23:00:00,Annual,Total employment (resident population concept - LFS),Percentage of total population,From 20 to 64 years
Finland,2016,Males,74.0,,,ESTAT:TESEM010(1.0),2016-04-26 23:00:00,Annual,Total employment (resident population concept - LFS),Percentage of total population,From 20 to 64 years
Finland,2017,Males,75.1,,,ESTAT:TESEM010(1.0),2016-04-26 23:00:00,Annual,Total employment (resident population concept - LFS),Percentage of total population,From 20 to 64 years
Finland,2018,Males,77.2,,,ESTAT:TESEM010(1.0),2016-04-26 23:00:00,Annual,Total employment (resident population concept - LFS),Percentage of total population,From 20 to 64 years
Finland,2019,Males,77.8,,,ESTAT:TESEM010(1.0),2016-04-26 23:00:00,Annual,Total employment (resident population concept - LFS),Percentage of total population,From 20 to 64 years
Finland,2020,Males,77.1,,,ESTAT:TESEM010(1.0),2016-04-26 23:00:00,Annual,Total employment (resident population concept - LFS),Percentage of total population,From 20 to 64 years
Finland,2021,Males,77.8,,,ESTAT:TESEM010(1.0),2016-04-26 23:00:00,Annual,Total employment (resident population concept - LFS),Percentage of total population,From 20 to 64 years
Finland,2022,Males,79.0,,,ESTAT:TESEM010(1.0),2016-04-26 23:00:00,Annual,Total employment (resident population concept - LFS),Percentage of total population,From 20 to 64 years
Finland,2023,Males,78.3,,,ESTAT:TESEM010(1.0),2016-04-26 23:00:00,Annual,Total employment (resident population concept - LFS),Percentage of total population,From 20 to 64 years
Finland,2024,Males,77.3,,,ESTAT:TESEM010(1.0),2016-04-26 23:00:00,Annual,Total employment (resident population concept - LFS),Percentage of total population,From 20 to 64 years
Finland,2025,Males,77.0,,,ESTAT:TESEM010(1.0),2016-04-26 23:00:00,Annual,Total employment (resident population concept - LFS),Percentage of total population,From 20 to 64 years
France,2005,Males,75.0,,,ESTAT:TESEM010(1.0),2016-04-26 23:00:00,Annual,Total employment (resident population concept - LFS),Percentage of total population,From 20 to 64 years
France,2006,Males,74.7,,,ESTAT:TESEM010(1.0),2016-04-26 23:00:00,Annual,Total employment (resident population concept - LFS),Percentage of total population,From 20 to 64 years
France,2007,Males,74.7,,,ESTAT:TESEM010(1.0),2016-04-26 23:00:00,Annual,Total employment (resident population concept - LFS),Percentage of total population,From 20 to 64 years
France,2008,Males,75.2,,,ESTAT:TESEM010(1.0),2016-04-26 23:00:00,Annual,Total employment (resident population concept - LFS),Percentage of total population,From 20 to 64 years
France,2009,Males,73.9,,,ESTAT:TESEM010(1.0),2016-04-26 23:00:00,Annual,Total employment (resident population concept - LFS),Percentage of total population,From 20 to 64 years
France,2010,Males,73.7,,,ESTAT:TESEM010(1.0),2016-04-26 23:00:00,Annual,Total employment (resident population concept - LFS),Percentage of total population,From 20 to 64 years
France,2011,Males,73.7,,,ESTAT:TESEM010(1.0),2016-04-26 23:00:00,Annual,Total employment (resident population concept - LFS),Percentage of total population,From 20 to 64 years
France,2012,Males,73.6,,,ESTAT:TESEM010(1.0),2016-04-26 23:00:00,Annual,Total employment (resident population concept - LFS),Percentage of total population,From 20 to 64 years
France,2013,Males,73.3,,,ESTAT:TESEM010(1.0),2016-04-26 23:00:00,Annual,Total employment (resident population concept - LFS),Percentage of total population,From 20 to 64 years
France,2014,Males,73.1,,,ESTAT:TESEM010(1.0),2016-04-26 23:00:00,Annual,Total employment (resident population concept - LFS),Percentage of total population,From 20 to 64 years
France,2015,Males,73.3,,,ESTAT:TESEM010(1.0),2016-04-26 23:00:00,Annual,Total employment (resident population concept - LFS),Percentage of total population,From 20 to 64 years
France,2016,Males,73.8,,,ESTAT:TESEM010(1.0),2016-04-26 23:00:00,Annual,Total employment (resident population concept - LFS),Percentage of total population,From 20 to 64 years
France,2017,Males,74.7,,,ESTAT:TESEM010(1.0),2016-04-26 23:00:00,Annual,Total employment (resident population concept - LFS),Percentage of total population,From 20 to 64 years
France,2018,Males,75.3,,,ESTAT:TESEM010(1.0),2016-04-26 23:00:00,Annual,Total employment (resident population concept - LFS),Percentage of total population,From 20 to 64 years
France,2019,Males,75.3,,,ESTAT:TESEM010(1.0),2016-04-26 23:00:00,Annual,Total employment (resident population concept - LFS),Percentage of total population,From 20 to 64 years
France,2020,Males,75.0,,,ESTAT:TESEM010(1.0),2016-04-26 23:00:00,Annual,Total employment (resident population concept - LFS),Percentage of total population,From 20 to 64 years
France,2021,Males,76.4,d,,ESTAT:TESEM010(1.0),2016-04-26 23:00:00,Annual,Total employment (resident population concept - LFS),Percentage of total population,From 20 to 64 years
France,2022,Males,77.0,d,,ESTAT:TESEM010(1.0),2016-04-26 23:00:00,Annual,Total employment (resident population concept - LFS),Percentage of total population,From 20 to 64 years
France,2023,Males,77.2,d,,ESTAT:TESEM010(1.0),2016-04-26 23:00:00,Annual,Total employment (resident population concept - LFS),Percentage of total population,From 20 to 64 years
France,2024,Males,78.1,d,,ESTAT:TESEM010(1.0),2016-04-26 23:00:00,Annual,Total employment (resident population concept - LFS),Percentage of total population,From 20 to 64 years
France,2025,Males,78.4,d,,ESTAT:TESEM010(1.0),2016-04-26 23:00:00,Annual,Total employment (resident population concept - LFS),Percentage of total population,From 20 to 64 years
Croatia,2009,Males,70.6,,,ESTAT:TESEM010(1.0),2016-04-26 23:00:00,Annual,Total employment (resident population concept - LFS),Percentage of total population,From 20 to 64 years
Croatia,2010,Males,67.9,,,ESTAT:TESEM010(1.0),2016-04-26 23:00:00,Annual,Total employment (resident population concept - LFS),Percentage of total population,From 20 to 64 years
Croatia,2011,Males,66.5,,,ESTAT:TESEM010(1.0),2016-04-26 23:00:00,Annual,Total employment (resident population concept - LFS),Percentage of total population,From 20 to 64 years
Croatia,2012,Males,63.6,b,,ESTAT:TESEM010(1.0),2016-04-26 23:00:00,Annual,Total employment (resident population concept - LFS),Percentage of total population,From 20 to 64 years
Croatia,2013,Males,61.6,,,ESTAT:TESEM010(1.0),2016-04-26 23:00:00,Annual,Total employment (resident population concept - LFS),Percentage of total population,From 20 to 64 years
Croatia,2014,Males,64.2,,,ESTAT:TESEM010(1.0),2016-04-26 23:00:00,Annual,Total employment (resident population concept - LFS),Percentage of total population,From 20 to 64 years
Croatia,2015,Males,65.3,,,ESTAT:TESEM010(1.0),2016-04-26 23:00:00,Annual,Total employment (resident population concept - LFS),Percentage of total population,From 20 to 64 years
Croatia,2016,Males,66.2,,,ESTAT:TESEM010(1.0),2016-04-26 23:00:00,Annual,Total employment (resident population concept - LFS),Percentage of total population,From 20 to 64 years
Croatia,2017,Males,68.6,,,ESTAT:TESEM010(1.0),2016-04-26 23:00:00,Annual,Total employment (resident population concept - LFS),Percentage of total population,From 20 to 64 years
Croatia,2018,Males,70.2,,,ESTAT:TESEM010(1.0),2016-04-26 23:00:00,Annual,Total employment (resident population concept - LFS),Percentage of total population,From 20 to 64 years
Croatia,2019,Males,71.7,,,ESTAT:TESEM010(1.0),2016-04-26 23:00:00,Annual,Total employment (resident population concept - LFS),Percentage of total population,From 20 to 64 years
Croatia,2020,Males,72.5,,,ESTAT:TESEM010(1.0),2016-04-26 23:00:00,Annual,Total employment (resident population concept - LFS),Percentage of total population,From 20 to 64 years
Croatia,2021,Males,73.8,,,ESTAT:TESEM010(1.0),2016-04-26 23:00:00,Annual,Total employment (resident population concept - LFS),Percentage of total population,From 20 to 64 years
Croatia,2022,Males,74.9,,,ESTAT:TESEM010(1.0),2016-04-26 23:00:00,Annual,Total employment (resident population concept - LFS),Percentage of total population,From 20 to 64 years
Croatia,2023,Males,74.6,,,ESTAT:TESEM010(1.0),2016-04-26 23:00:00,Annual,Total employment (resident population concept - LFS),Percentage of total population,From 20 to 64 years
Croatia,2024,Males,76.5,,,ESTAT:TESEM010(1.0),2016-04-26 23:00:00,Annual,Total employment (resident population concept - LFS),Percentage of total population,From 20 to 64 years
Croatia,2025,Males,76.8,,,ESTAT:TESEM010(1.0),2016-04-26 23:00:00,Annual,Total employment (resident population concept - LFS),Percentage of total population,From 20 to 64 years
Hungary,2009,Males,66.5,,,ESTAT:TESEM010(1.0),2016-04-26 23:00:00,Annual,Total employment (resident population concept - LFS),Percentage of total population,From 20 to 64 years
Hungary,2010,Males,65.6,,,ESTAT:TESEM010(1.0),2016-04-26 23:00:00,Annual,Total employment (resident population concept - LFS),Percentage of total population,From 20 to 64 years
Hungary,2011,Males,66.5,,,ESTAT:TESEM010(1.0),2016-04-26 23:00:00,Annual,Total employment (resident population concept - LFS),Percentage of total population,From 20 to 64 years
Hungary,2012,Males,67.3,,,ESTAT:TESEM010(1.0),2016-04-26 23:00:00,Annual,Total employment (resident population concept - LFS),Percentage of total population,From 20 to 64 years
Hungary,2013,Males,69.3,,,ESTAT:TESEM010(1.0),2016-04-26 23:00:00,Annual,Total employment (resident population concept - LFS),Percentage of total population,From 20 to 64 years
Hungary,2014,Males,73.5,,,ESTAT:TESEM010(1.0),2016-04-26 23:00:00,Annual,Total employment (resident population concept - LFS),Percentage of total population,From 20 to 64 years
Hungary,2015,Males,75.8,,,ESTAT:TESEM010(1.0),2016-04-26 23:00:00,Annual,Total employment (resident population concept - LFS),Percentage of total population,From 20 to 64 years
Hungary,2016,Males,78.6,,,ESTAT:TESEM010(1.0),2016-04-26 23:00:00,Annual,Total employment (resident population concept - LFS),Percentage of total population,From 20 to 64 years
Hungary,2017,Males,81.0,,,ESTAT:TESEM010(1.0),2016-04-26 23:00:00,Annual,Total employment (resident population concept - LFS),Percentage of total population,From 20 to 64 years
Hungary,2018,Males,82.2,b,,ESTAT:TESEM010(1.0),2016-04-26 23:00:00,Annual,Total employment (resident population concept - LFS),Percentage of total population,From 20 to 64 years
Hungary,2019,Males,83.2,,,ESTAT:TESEM010(1.0),2016-04-26 23:00:00,Annual,Total employment (resident population concept - LFS),Percentage of total population,From 20 to 64 years
Hungary,2020,Males,83.2,,,ESTAT:TESEM010(1.0),2016-04-26 23:00:00,Annual,Total employment (resident population concept - LFS),Percentage of total population,From 20 to 64 years
Hungary,2021,Males,84.2,,,ESTAT:TESEM010(1.0),2016-04-26 23:00:00,Annual,Total employment (resident population concept - LFS),Percentage of total population,From 20 to 64 years
Hungary,2022,Males,85.2,,,ESTAT:TESEM010(1.0),2016-04-26 23:00:00,Annual,Total employment (resident population concept - LFS),Percentage of total population,From 20 to 64 years
Hungary,2023,Males,85.2,,,ESTAT:TESEM010(1.0),2016-04-26 23:00:00,Annual,Total employment (resident population concept - LFS),Percentage of total population,From 20 to 64 years
Hungary,2024,Males,85.0,,,ESTAT:TESEM010(1.0),2016-04-26 23:00:00,Annual,Total employment (resident population concept - LFS),Percentage of total population,From 20 to 64 years
Hungary,2025,Males,85.1,,,ESTAT:TESEM010(1.0),2016-04-26 23:00:00,Annual,Total employment (resident population concept - LFS),Percentage of total population,From 20 to 64 years
Ireland,2009,Males,73.2,,,ESTAT:TESEM010(1.0),2016-04-26 23:00:00,Annual,Total employment (resident population concept - LFS),Percentage of total population,From 20 to 64 years
Ireland,2010,Males,70.0,,,ESTAT:TESEM010(1.0),2016-04-26 23:00:00,Annual,Total employment (resident population concept - LFS),Percentage of total population,From 20 to 64 years
Ireland,2011,Males,69.0,,,ESTAT:TESEM010(1.0),2016-04-26 23:00:00,Annual,Total employment (resident population concept - LFS),Percentage of total population,From 20 to 64 years
Ireland,2012,Males,68.8,,,ESTAT:TESEM010(1.0),2016-04-26 23:00:00,Annual,Total employment (resident population concept - LFS),Percentage of total population,From 20 to 64 years
Ireland,2013,Males,71.8,,,ESTAT:TESEM010(1.0),2016-04-26 23:00:00,Annual,Total employment (resident population concept - LFS),Percentage of total population,From 20 to 64 years
Ireland,2014,Males,74.1,,,ESTAT:TESEM010(1.0),2016-04-26 23:00:00,Annual,Total employment (resident population concept - LFS),Percentage of total population,From 20 to 64 years
Ireland,2015,Males,76.1,,,ESTAT:TESEM010(1.0),2016-04-26 23:00:00,Annual,Total employment (resident population concept - LFS),Percentage of total population,From 20 to 64 years
Ireland,2016,Males,77.5,,,ESTAT:TESEM010(1.0),2016-04-26 23:00:00,Annual,Total employment (resident population concept - LFS),Percentage of total population,From 20 to 64 years
Ireland,2017,Males,79.1,,,ESTAT:TESEM010(1.0),2016-04-26 23:00:00,Annual,Total employment (resident population concept - LFS),Percentage of total population,From 20 to 64 years
Ireland,2018,Males,80.2,,,ESTAT:TESEM010(1.0),2016-04-26 23:00:00,Annual,Total employment (resident population concept - LFS),Percentage of total population,From 20 to 64 years
Ireland,2019,Males,81.3,,,ESTAT:TESEM010(1.0),2016-04-26 23:00:00,Annual,Total employment (resident population concept - LFS),Percentage of total population,From 20 to 64 years
Ireland,2020,Males,78.5,,,ESTAT:TESEM010(1.0),2016-04-26 23:00:00,Annual,Total employment (resident population concept - LFS),Percentage of total population,From 20 to 64 years
Ireland,2021,Males,80.0,b,,ESTAT:TESEM010(1.0),2016-04-26 23:00:00,Annual,Total employment (resident population concept - LFS),Percentage of total population,From 20 to 64 years
Ireland,2022,Males,84.0,,,ESTAT:TESEM010(1.0),2016-04-26 23:00:00,Annual,Total employment (resident population concept - LFS),Percentage of total population,From 20 to 64 years
Ireland,2023,Males,84.2,,,ESTAT:TESEM010(1.0),2016-04-26 23:00:00,Annual,Total employment (resident population concept - LFS),Percentage of total population,From 20 to 64 years
Ireland,2024,Males,84.5,,,ESTAT:TESEM010(1.0),2016-04-26 23:00:00,Annual,Total employment (resident population concept - LFS),Percentage of total population,From 20 to 64 years
Ireland,2025,Males,84.7,,,ESTAT:TESEM010(1.0),2016-04-26 23:00:00,Annual,Total employment (resident population concept - LFS),Percentage of total population,From 20 to 64 years
Iceland,2009,Males,83.2,,,ESTAT:TESEM010(1.0),2016-04-26 23:00:00,Annual,Total employment (resident population concept - LFS),Percentage of total population,From 20 to 64 years
Iceland,2010,Males,83.1,,,ESTAT:TESEM010(1.0),2016-04-26 23:00:00,Annual,Total employment (resident population concept - LFS),Percentage of total population,From 20 to 64 years
Iceland,2011,Males,83.3,,,ESTAT:TESEM010(1.0),2016-04-26 23:00:00,Annual,Total employment (resident population concept - LFS),Percentage of total population,From 20 to 64 years
Iceland,2012,Males,84.4,,,ESTAT:TESEM010(1.0),2016-04-26 23:00:00,Annual,Total employment (resident population concept - LFS),Percentage of total population,From 20 to 64 years
Iceland,2013,Males,86.0,,,ESTAT:TESEM010(1.0),2016-04-26 23:00:00,Annual,Total employment (resident population concept - LFS),Percentage of total population,From 20 to 64 years
Iceland,2014,Males,88.0,,,ESTAT:TESEM010(1.0),2016-04-26 23:00:00,Annual,Total employment (resident population concept - LFS),Percentage of total population,From 20 to 64 years
Iceland,2015,Males,89.6,,,ESTAT:TESEM010(1.0),2016-04-26 23:00:00,Annual,Total employment (resident population concept - LFS),Percentage of total population,From 20 to 64 years
Iceland,2016,Males,91.1,,,ESTAT:TESEM010(1.0),2016-04-26 23:00:00,Annual,Total employment (resident population concept - LFS),Percentage of total population,From 20 to 64 years
Iceland,2017,Males,90.5,,,ESTAT:TESEM010(1.0),2016-04-26 23:00:00,Annual,Total employment (resident population concept - LFS),Percentage of total population,From 20 to 64 years
Iceland,2018,Males,89.5,,,ESTAT:TESEM010(1.0),2016-04-26 23:00:00,Annual,Total employment (resident population concept - LFS),Percentage of total population,From 20 to 64 years
Iceland,2019,Males,88.6,,,ESTAT:TESEM010(1.0),2016-04-26 23:00:00,Annual,Total employment (resident population concept - LFS),Percentage of total population,From 20 to 64 years
Iceland,2020,Males,85.1,b,,ESTAT:TESEM010(1.0),2016-04-26 23:00:00,Annual,Total employment (resident population concept - LFS),Percentage of total population,From 20 to 64 years
Iceland,2021,Males,84.9,,,ESTAT:TESEM010(1.0),2016-04-26 23:00:00,Annual,Total employment (resident population concept - LFS),Percentage of total population,From 20 to 64 years
Iceland,2022,Males,87.3,,,ESTAT:TESEM010(1.0),2016-04-26 23:00:00,Annual,Total employment (resident population concept - LFS),Percentage of total population,From 20 to 64 years
Iceland,2023,Males,88.2,,,ESTAT:TESEM010(1.0),2016-04-26 23:00:00,Annual,Total employment (resident population concept - LFS),Percentage of total population,From 20 to 64 years
Iceland,2024,Males,90.2,,,ESTAT:TESEM010(1.0),2016-04-26 23:00:00,Annual,Total employment (resident population concept - LFS),Percentage of total population,From 20 to 64 years
Italy,2009,Males,72.9,,,ESTAT:TESEM010(1.0),2016-04-26 23:00:00,Annual,Total employment (resident population concept - LFS),Percentage of total population,From 20 to 64 years
Italy,2010,Males,71.9,,,ESTAT:TESEM010(1.0),2016-04-26 23:00:00,Annual,Total employment (resident population concept - LFS),Percentage of total population,From 20 to 64 years
Italy,2011,Males,71.7,,,ESTAT:TESEM010(1.0),2016-04-26 23:00:00,Annual,Total employment (resident population concept - LFS),Percentage of total population,From 20 to 64 years
Italy,2012,Males,70.6,,,ESTAT:TESEM010(1.0),2016-04-26 23:00:00,Annual,Total employment (resident population concept - LFS),Percentage of total population,From 20 to 64 years
Italy,2013,Males,68.8,,,ESTAT:TESEM010(1.0),2016-04-26 23:00:00,Annual,Total employment (resident population concept - LFS),Percentage of total population,From 20 to 64 years
Italy,2014,Males,69.0,,,ESTAT:TESEM010(1.0),2016-04-26 23:00:00,Annual,Total employment (resident population concept - LFS),Percentage of total population,From 20 to 64 years
Italy,2015,Males,70.2,,,ESTAT:TESEM010(1.0),2016-04-26 23:00:00,Annual,Total employment (resident population concept - LFS),Percentage of total population,From 20 to 64 years
Italy,2016,Males,71.5,,,ESTAT:TESEM010(1.0),2016-04-26 23:00:00,Annual,Total employment (resident population concept - LFS),Percentage of total population,From 20 to 64 years
Italy,2017,Males,72.2,,,ESTAT:TESEM010(1.0),2016-04-26 23:00:00,Annual,Total employment (resident population concept - LFS),Percentage of total population,From 20 to 64 years
Italy,2018,Males,72.9,b,,ESTAT:TESEM010(1.0),2016-04-26 23:00:00,Annual,Total employment (resident population concept - LFS),Percentage of total population,From 20 to 64 years
Italy,2019,Males,73.3,,,ESTAT:TESEM010(1.0),2016-04-26 23:00:00,Annual,Total employment (resident population concept - LFS),Percentage of total population,From 20 to 64 years
Italy,2020,Males,71.8,,,ESTAT:TESEM010(1.0),2016-04-26 23:00:00,Annual,Total employment (resident population concept - LFS),Percentage of total population,From 20 to 64 years
Italy,2021,Males,72.4,,,ESTAT:TESEM010(1.0),2016-04-26 23:00:00,Annual,Total employment (resident population concept - LFS),Percentage of total population,From 20 to 64 years
Italy,2022,Males,74.7,,,ESTAT:TESEM010(1.0),2016-04-26 23:00:00,Annual,Total employment (resident population concept - LFS),Percentage of total population,From 20 to 64 years
Italy,2023,Males,76.0,,,ESTAT:TESEM010(1.0),2016-04-26 23:00:00,Annual,Total employment (resident population concept - LFS),Percentage of total population,From 20 to 64 years
Italy,2024,Males,76.8,,,ESTAT:TESEM010(1.0),2016-04-26 23:00:00,Annual,Total employment (resident population concept - LFS),Percentage of total population,From 20 to 64 years
Italy,2025,Males,77.1,,,ESTAT:TESEM010(1.0),2016-04-26 23:00:00,Annual,Total employment (resident population concept - LFS),Percentage of total population,From 20 to 64 years
Lithuania,2009,Males,66.8,,,ESTAT:TESEM010(1.0),2016-04-26 23:00:00,Annual,Total employment (resident population concept - LFS),Percentage of total population,From 20 to 64 years
Lithuania,2010,Males,63.5,,,ESTAT:TESEM010(1.0),2016-04-26 23:00:00,Annual,Total employment (resident population concept - LFS),Percentage of total population,From 20 to 64 years
Lithuania,2011,Males,67.2,,,ESTAT:TESEM010(1.0),2016-04-26 23:00:00,Annual,Total employment (resident population concept - LFS),Percentage of total population,From 20 to 64 years
Lithuania,2012,Males,69.1,,,ESTAT:TESEM010(1.0),2016-04-26 23:00:00,Annual,Total employment (resident population concept - LFS),Percentage of total population,From 20 to 64 years
Lithuania,2013,Males,71.2,,,ESTAT:TESEM010(1.0),2016-04-26 23:00:00,Annual,Total employment (resident population concept - LFS),Percentage of total population,From 20 to 64 years
Lithuania,2014,Males,73.1,,,ESTAT:TESEM010(1.0),2016-04-26 23:00:00,Annual,Total employment (resident population concept - LFS),Percentage of total population,From 20 to 64 years
Lithuania,2015,Males,74.6,,,ESTAT:TESEM010(1.0),2016-04-26 23:00:00,Annual,Total employment (resident population concept - LFS),Percentage of total population,From 20 to 64 years
Lithuania,2016,Males,76.2,,,ESTAT:TESEM010(1.0),2016-04-26 23:00:00,Annual,Total employment (resident population concept - LFS),Percentage of total population,From 20 to 64 years
Lithuania,2017,Males,76.5,,,ESTAT:TESEM010(1.0),2016-04-26 23:00:00,Annual,Total employment (resident population concept - LFS),Percentage of total population,From 20 to 64 years
Lithuania,2018,Males,79.0,,,ESTAT:TESEM010(1.0),2016-04-26 23:00:00,Annual,Total employment (resident population concept - LFS),Percentage of total population,From 20 to 64 years
Lithuania,2019,Males,79.0,,,ESTAT:TESEM010(1.0),2016-04-26 23:00:00,Annual,Total employment (resident population concept - LFS),Percentage of total population,From 20 to 64 years
Lithuania,2020,Males,77.5,,,ESTAT:TESEM010(1.0),2016-04-26 23:00:00,Annual,Total employment (resident population concept - LFS),Percentage of total population,From 20 to 64 years
Lithuania,2021,Males,78.1,,,ESTAT:TESEM010(1.0),2016-04-26 23:00:00,Annual,Total employment (resident population concept - LFS),Percentage of total population,From 20 to 64 years
Lithuania,2022,Males,79.4,,,ESTAT:TESEM010(1.0),2016-04-26 23:00:00,Annual,Total employment (resident population concept - LFS),Percentage of total population,From 20 to 64 years
Lithuania,2023,Males,79.2,,,ESTAT:TESEM010(1.0),2016-04-26 23:00:00,Annual,Total employment (resident population concept - LFS),Percentage of total population,From 20 to 64 years
Lithuania,2024,Males,79.9,,,ESTAT:TESEM010(1.0),2016-04-26 23:00:00,Annual,Total employment (resident population concept - LFS),Percentage of total population,From 20 to 64 years
Lithuania,2025,Males,79.7,,,ESTAT:TESEM010(1.0),2016-04-26 23:00:00,Annual,Total employment (resident population concept - LFS),Percentage of total population,From 20 to 64 years
Luxembourg,2009,Males,79.0,,,ESTAT:TESEM010(1.0),2016-04-26 23:00:00,Annual,Total employment (resident population concept - LFS),Percentage of total population,From 20 to 64 years
Luxembourg,2010,Males,79.2,,,ESTAT:TESEM010(1.0),2016-04-26 23:00:00,Annual,Total employment (resident population concept - LFS),Percentage of total population,From 20 to 64 years
Luxembourg,2011,Males,78.1,,,ESTAT:TESEM010(1.0),2016-04-26 23:00:00,Annual,Total employment (resident population concept - LFS),Percentage of total population,From 20 to 64 years
Luxembourg,2012,Males,78.5,,,ESTAT:TESEM010(1.0),2016-04-26 23:00:00,Annual,Total employment (resident population concept - LFS),Percentage of total population,From 20 to 64 years
Luxembourg,2013,Males,78.0,,,ESTAT:TESEM010(1.0),2016-04-26 23:00:00,Annual,Total employment (resident population concept - LFS),Percentage of total population,From 20 to 64 years
Luxembourg,2014,Males,78.4,,,ESTAT:TESEM010(1.0),2016-04-26 23:00:00,Annual,Total employment (resident population concept - LFS),Percentage of total population,From 20 to 64 years
Luxembourg,2015,Males,76.7,b,,ESTAT:TESEM010(1.0),2016-04-26 23:00:00,Annual,Total employment (resident population concept - LFS),Percentage of total population,From 20 to 64 years
Luxembourg,2016,Males,76.1,,,ESTAT:TESEM010(1.0),2016-04-26 23:00:00,Annual,Total employment (resident population concept - LFS),Percentage of total population,From 20 to 64 years
Luxembourg,2017,Males,75.4,,,ESTAT:TESEM010(1.0),2016-04-26 23:00:00,Annual,Total employment (resident population concept - LFS),Percentage of total population,From 20 to 64 years
Luxembourg,2018,Males,76.0,,,ESTAT:TESEM010(1.0),2016-04-26 23:00:00,Annual,Total employment (resident population concept - LFS),Percentage of total population,From 20 to 64 years
Luxembourg,2019,Males,77.2,,,ESTAT:TESEM010(1.0),2016-04-26 23:00:00,Annual,Total employment (resident population concept - LFS),Percentage of total population,From 20 to 64 years
Luxembourg,2020,Males,75.6,,,ESTAT:TESEM010(1.0),2016-04-26 23:00:00,Annual,Total employment (resident population concept - LFS),Percentage of total population,From 20 to 64 years
Luxembourg,2021,Males,77.7,,,ESTAT:TESEM010(1.0),2016-04-26 23:00:00,Annual,Total employment (resident population concept - LFS),Percentage of total population,From 20 to 64 years
Luxembourg,2022,Males,78.0,,,ESTAT:TESEM010(1.0),2016-04-26 23:00:00,Annual,Total employment (resident population concept - LFS),Percentage of total population,From 20 to 64 years
Luxembourg,2023,Males,78.2,,,ESTAT:TESEM010(1.0),2016-04-26 23:00:00,Annual,Total employment (resident population concept - LFS),Percentage of total population,From 20 to 64 years
Luxembourg,2024,Males,76.9,,,ESTAT:TESEM010(1.0),2016-04-26 23:00:00,Annual,Total employment (resident population concept - LFS),Percentage of total population,From 20 to 64 years
Luxembourg,2025,Males,77.3,,,ESTAT:TESEM010(1.0),2016-04-26 23:00:00,Annual,Total employment (resident population concept - LFS),Percentage of total population,From 20 to 64 years
Latvia,2009,Males,66.4,,,ESTAT:TESEM010(1.0),2016-04-26 23:00:00,Annual,Total employment (resident population concept - LFS),Percentage of total population,From 20 to 64 years
Latvia,2010,Males,63.6,,,ESTAT:TESEM010(1.0),2016-04-26 23:00:00,Annual,Total employment (resident population concept - LFS),Percentage of total population,From 20 to 64 years
Latvia,2011,Males,67.1,,,ESTAT:TESEM010(1.0),2016-04-26 23:00:00,Annual,Total employment (resident population concept - LFS),Percentage of total population,From 20 to 64 years
Latvia,2012,Males,69.8,,,ESTAT:TESEM010(1.0),2016-04-26 23:00:00,Annual,Total employment (resident population concept - LFS),Percentage of total population,From 20 to 64 years
Latvia,2013,Males,71.7,,,ESTAT:TESEM010(1.0),2016-04-26 23:00:00,Annual,Total employment (resident population concept - LFS),Percentage of total population,From 20 to 64 years
Latvia,2014,Males,72.9,,,ESTAT:TESEM010(1.0),2016-04-26 23:00:00,Annual,Total employment (resident population concept - LFS),Percentage of total population,From 20 to 64 years
Latvia,2015,Males,74.6,,,ESTAT:TESEM010(1.0),2016-04-26 23:00:00,Annual,Total employment (resident population concept - LFS),Percentage of total population,From 20 to 64 years
Latvia,2016,Males,74.5,,,ESTAT:TESEM010(1.0),2016-04-26 23:00:00,Annual,Total employment (resident population concept - LFS),Percentage of total population,From 20 to 64 years
Latvia,2017,Males,76.9,,,ESTAT:TESEM010(1.0),2016-04-26 23:00:00,Annual,Total employment (resident population concept - LFS),Percentage of total population,From 20 to 64 years
Latvia,2018,Males,79.0,,,ESTAT:TESEM010(1.0),2016-04-26 23:00:00,Annual,Total employment (resident population concept - LFS),Percentage of total population,From 20 to 64 years
Latvia,2019,Males,79.2,,,ESTAT:TESEM010(1.0),2016-04-26 23:00:00,Annual,Total employment (resident population concept - LFS),Percentage of total population,From 20 to 64 years
Latvia,2020,Males,78.8,,,ESTAT:TESEM010(1.0),2016-04-26 23:00:00,Annual,Total employment (resident population concept - LFS),Percentage of total population,From 20 to 64 years
Latvia,2021,Males,77.7,,,ESTAT:TESEM010(1.0),2016-04-26 23:00:00,Annual,Total employment (resident population concept - LFS),Percentage of total population,From 20 to 64 years
Latvia,2022,Males,78.6,,,ESTAT:TESEM010(1.0),2016-04-26 23:00:00,Annual,Total employment (resident population concept - LFS),Percentage of total population,From 20 to 64 years
Latvia,2023,Males,79.1,,,ESTAT:TESEM010(1.0),2016-04-26 23:00:00,Annual,Total employment (resident population concept - LFS),Percentage of total population,From 20 to 64 years
Latvia,2024,Males,79.1,,,ESTAT:TESEM010(1.0),2016-04-26 23:00:00,Annual,Total employment (resident population concept - LFS),Percentage of total population,From 20 to 64 years
Latvia,2025,Males,79.2,,,ESTAT:TESEM010(1.0),2016-04-26 23:00:00,Annual,Total employment (resident population concept - LFS),Percentage of total population,From 20 to 64 years
Montenegro,2011,Males,57.0,,,ESTAT:TESEM010(1.0),2016-04-26 23:00:00,Annual,Total employment (resident population concept - LFS),Percentage of total population,From 20 to 64 years
Montenegro,2012,Males,57.9,,,ESTAT:TESEM010(1.0),2016-04-26 23:00:00,Annual,Total employment (resident population concept - LFS),Percentage of total population,From 20 to 64 years
Montenegro,2013,Males,58.1,,,ESTAT:TESEM010(1.0),2016-04-26 23:00:00,Annual,Total employment (resident population concept - LFS),Percentage of total population,From 20 to 64 years
Montenegro,2014,Males,61.4,,,ESTAT:TESEM010(1.0),2016-04-26 23:00:00,Annual,Total employment (resident population concept - LFS),Percentage of total population,From 20 to 64 years
Montenegro,2015,Males,61.9,,,ESTAT:TESEM010(1.0),2016-04-26 23:00:00,Annual,Total employment (resident population concept - LFS),Percentage of total population,From 20 to 64 years
Montenegro,2016,Males,63.0,,,ESTAT:TESEM010(1.0),2016-04-26 23:00:00,Annual,Total employment (resident population concept - LFS),Percentage of total population,From 20 to 64 years
Montenegro,2017,Males,65.2,,,ESTAT:TESEM010(1.0),2016-04-26 23:00:00,Annual,Total employment (resident population concept - LFS),Percentage of total population,From 20 to 64 years
Montenegro,2018,Males,66.7,,,ESTAT:TESEM010(1.0),2016-04-26 23:00:00,Annual,Total employment (resident population concept - LFS),Percentage of total population,From 20 to 64 years
Montenegro,2019,Males,67.5,,,ESTAT:TESEM010(1.0),2016-04-26 23:00:00,Annual,Total employment (resident population concept - LFS),Percentage of total population,From 20 to 64 years
Montenegro,2020,Males,61.7,,,ESTAT:TESEM010(1.0),2016-04-26 23:00:00,Annual,Total employment (resident population concept - LFS),Percentage of total population,From 20 to 64 years
North Macedonia,2009,Males,58.4,,,ESTAT:TESEM010(1.0),2016-04-26 23:00:00,Annual,Total employment (resident population concept - LFS),Percentage of total population,From 20 to 64 years
North Macedonia,2010,Males,58.4,,,ESTAT:TESEM010(1.0),2016-04-26 23:00:00,Annual,Total employment (resident population concept - LFS),Percentage of total population,From 20 to 64 years
North Macedonia,2011,Males,57.8,,,ESTAT:TESEM010(1.0),2016-04-26 23:00:00,Annual,Total employment (resident population concept - LFS),Percentage of total population,From 20 to 64 years
North Macedonia,2012,Males,57.5,,,ESTAT:TESEM010(1.0),2016-04-26 23:00:00,Annual,Total employment (resident population concept - LFS),Percentage of total population,From 20 to 64 years
North Macedonia,2013,Males,59.7,,,ESTAT:TESEM010(1.0),2016-04-26 23:00:00,Annual,Total employment (resident population concept - LFS),Percentage of total population,From 20 to 64 years
North Macedonia,2014,Males,61.6,,,ESTAT:TESEM010(1.0),2016-04-26 23:00:00,Annual,Total employment (resident population concept - LFS),Percentage of total population,From 20 to 64 years
North Macedonia,2015,Males,61.5,,,ESTAT:TESEM010(1.0),2016-04-26 23:00:00,Annual,Total employment (resident population concept - LFS),Percentage of total population,From 20 to 64 years
North Macedonia,2016,Males,63.7,,,ESTAT:TESEM010(1.0),2016-04-26 23:00:00,Annual,Total employment (resident population concept - LFS),Percentage of total population,From 20 to 64 years
North Macedonia,2017,Males,65.6,,,ESTAT:TESEM010(1.0),2016-04-26 23:00:00,Annual,Total employment (resident population concept - LFS),Percentage of total population,From 20 to 64 years
North Macedonia,2018,Males,66.6,,,ESTAT:TESEM010(1.0),2016-04-26 23:00:00,Annual,Total employment (resident population concept - LFS),Percentage of total population,From 20 to 64 years
North Macedonia,2019,Males,69.7,,,ESTAT:TESEM010(1.0),2016-04-26 23:00:00,Annual,Total employment (resident population concept - LFS),Percentage of total population,From 20 to 64 years
North Macedonia,2020,Males,68.9,,,ESTAT:TESEM010(1.0),2016-04-26 23:00:00,Annual,Total employment (resident population concept - LFS),Percentage of total population,From 20 to 64 years
North Macedonia,2021,Males,70.8,b,,ESTAT:TESEM010(1.0),2016-04-26 23:00:00,Annual,Total employment (resident population concept - LFS),Percentage of total population,From 20 to 64 years
North Macedonia,2022,Males,71.8,,,ESTAT:TESEM010(1.0),2016-04-26 23:00:00,Annual,Total employment (resident population concept - LFS),Percentage of total population,From 20 to 64 years
North Macedonia,2023,Males,70.7,,,ESTAT:TESEM010(1.0),2016-04-26 23:00:00,Annual,Total employment (resident population concept - LFS),Percentage of total population,From 20 to 64 years
North Macedonia,2024,Males,71.7,,,ESTAT:TESEM010(1.0),2016-04-26 23:00:00,Annual,Total employment (resident population concept - LFS),Percentage of total population,From 20 to 64 years
North Macedonia,2025,Males,73.1,,,ESTAT:TESEM010(1.0),2016-04-26 23:00:00,Annual,Total employment (resident population concept - LFS),Percentage of total population,From 20 to 64 years
Malta,2009,Males,77.5,,,ESTAT:TESEM010(1.0),2016-04-26 23:00:00,Annual,Total employment (resident population concept - LFS),Percentage of total population,From 20 to 64 years
Malta,2010,Males,78.2,,,ESTAT:TESEM010(1.0),2016-04-26 23:00:00,Annual,Total employment (resident population concept - LFS),Percentage of total population,From 20 to 64 years
Malta,2011,Males,79.0,,,ESTAT:TESEM010(1.0),2016-04-26 23:00:00,Annual,Total employment (resident population concept - LFS),Percentage of total population,From 20 to 64 years
Malta,2012,Males,79.4,,,ESTAT:TESEM010(1.0),2016-04-26 23:00:00,Annual,Total employment (resident population concept - LFS),Percentage of total population,From 20 to 64 years
Malta,2013,Males,80.3,,,ESTAT:TESEM010(1.0),2016-04-26 23:00:00,Annual,Total employment (resident population concept - LFS),Percentage of total population,From 20 to 64 years
Malta,2014,Males,81.1,,,ESTAT:TESEM010(1.0),2016-04-26 23:00:00,Annual,Total employment (resident population concept - LFS),Percentage of total population,From 20 to 64 years
Malta,2015,Males,82.1,,,ESTAT:TESEM010(1.0),2016-04-26 23:00:00,Annual,Total employment (resident population concept - LFS),Percentage of total population,From 20 to 64 years
Malta,2016,Males,83.5,,,ESTAT:TESEM010(1.0),2016-04-26 23:00:00,Annual,Total employment (resident population concept - LFS),Percentage of total population,From 20 to 64 years
Malta,2017,Males,84.7,,,ESTAT:TESEM010(1.0),2016-04-26 23:00:00,Annual,Total employment (resident population concept - LFS),Percentage of total population,From 20 to 64 years
Malta,2018,Males,85.5,,,ESTAT:TESEM010(1.0),2016-04-26 23:00:00,Annual,Total employment (resident population concept - LFS),Percentage of total population,From 20 to 64 years
Malta,2019,Males,85.9,,,ESTAT:TESEM010(1.0),2016-04-26 23:00:00,Annual,Total employment (resident population concept - LFS),Percentage of total population,From 20 to 64 years
Malta,2020,Males,84.9,,,ESTAT:TESEM010(1.0),2016-04-26 23:00:00,Annual,Total employment (resident population concept - LFS),Percentage of total population,From 20 to 64 years
Malta,2021,Males,86.0,,,ESTAT:TESEM010(1.0),2016-04-26 23:00:00,Annual,Total employment (resident population concept - LFS),Percentage of total population,From 20 to 64 years
Malta,2022,Males,86.2,,,ESTAT:TESEM010(1.0),2016-04-26 23:00:00,Annual,Total employment (resident population concept - LFS),Percentage of total population,From 20 to 64 years
Malta,2023,Males,87.7,,,ESTAT:TESEM010(1.0),2016-04-26 23:00:00,Annual,Total employment (resident population concept - LFS),Percentage of total population,From 20 to 64 years
Malta,2024,Males,88.8,,,ESTAT:TESEM010(1.0),2016-04-26 23:00:00,Annual,Total employment (resident population concept - LFS),Percentage of total population,From 20 to 64 years
Malta,2025,Males,89.1,,,ESTAT:TESEM010(1.0),2016-04-26 23:00:00,Annual,Total employment (resident population concept - LFS),Percentage of total population,From 20 to 64 years
Netherlands,2009,Males,84.2,,,ESTAT:TESEM010(1.0),2016-04-26 23:00:00,Annual,Total employment (resident population concept - LFS),Percentage of total population,From 20 to 64 years
Netherlands,2010,Males,83.0,,,ESTAT:TESEM010(1.0),2016-04-26 23:00:00,Annual,Total employment (resident population concept - LFS),Percentage of total population,From 20 to 64 years
Netherlands,2011,Males,82.9,,,ESTAT:TESEM010(1.0),2016-04-26 23:00:00,Annual,Total employment (resident population concept - LFS),Percentage of total population,From 20 to 64 years
Netherlands,2012,Males,82.8,,,ESTAT:TESEM010(1.0),2016-04-26 23:00:00,Annual,Total employment (resident population concept - LFS),Percentage of total population,From 20 to 64 years
Netherlands,2013,Males,81.6,,,ESTAT:TESEM010(1.0),2016-04-26 23:00:00,Annual,Total employment (resident population concept - LFS),Percentage of total population,From 20 to 64 years
Netherlands,2014,Males,81.7,,,ESTAT:TESEM010(1.0),2016-04-26 23:00:00,Annual,Total employment (resident population concept - LFS),Percentage of total population,From 20 to 64 years
Netherlands,2015,Males,82.5,,,ESTAT:TESEM010(1.0),2016-04-26 23:00:00,Annual,Total employment (resident population concept - LFS),Percentage of total population,From 20 to 64 years
Netherlands,2016,Males,83.2,,,ESTAT:TESEM010(1.0),2016-04-26 23:00:00,Annual,Total employment (resident population concept - LFS),Percentage of total population,From 20 to 64 years
Netherlands,2017,Males,83.8,,,ESTAT:TESEM010(1.0),2016-04-26 23:00:00,Annual,Total employment (resident population concept - LFS),Percentage of total population,From 20 to 64 years
Netherlands,2018,Males,84.8,,,ESTAT:TESEM010(1.0),2016-04-26 23:00:00,Annual,Total employment (resident population concept - LFS),Percentage of total population,From 20 to 64 years
Netherlands,2019,Males,85.4,,,ESTAT:TESEM010(1.0),2016-04-26 23:00:00,Annual,Total employment (resident population concept - LFS),Percentage of total population,From 20 to 64 years
Netherlands,2020,Males,85.0,,,ESTAT:TESEM010(1.0),2016-04-26 23:00:00,Annual,Total employment (resident population concept - LFS),Percentage of total population,From 20 to 64 years
Netherlands,2021,Males,85.7,,,ESTAT:TESEM010(1.0),2016-04-26 23:00:00,Annual,Total employment (resident population concept - LFS),Percentage of total population,From 20 to 64 years
Netherlands,2022,Males,86.9,,,ESTAT:TESEM010(1.0),2016-04-26 23:00:00,Annual,Total employment (resident population concept - LFS),Percentage of total population,From 20 to 64 years
Netherlands,2023,Males,87.4,,,ESTAT:TESEM010(1.0),2016-04-26 23:00:00,Annual,Total employment (resident population concept - LFS),Percentage of total population,From 20 to 64 years
Netherlands,2024,Males,87.3,,,ESTAT:TESEM010(1.0),2016-04-26 23:00:00,Annual,Total employment (resident population concept - LFS),Percentage of total population,From 20 to 64 years
Netherlands,2025,Males,87.2,,,ESTAT:TESEM010(1.0),2016-04-26 23:00:00,Annual,Total employment (resident population concept - LFS),Percentage of total population,From 20 to 64 years
Norway,2009,Males,82.9,,,ESTAT:TESEM010(1.0),2016-04-26 23:00:00,Annual,Total employment (resident population concept - LFS),Percentage of total population,From 20 to 64 years
Norway,2010,Males,81.7,,,ESTAT:TESEM010(1.0),2016-04-26 23:00:00,Annual,Total employment (resident population concept - LFS),Percentage of total population,From 20 to 64 years
Norway,2011,Males,82.2,,,ESTAT:TESEM010(1.0),2016-04-26 23:00:00,Annual,Total employment (resident population concept - LFS),Percentage of total population,From 20 to 64 years
Norway,2012,Males,82.2,,,ESTAT:TESEM010(1.0),2016-04-26 23:00:00,Annual,Total employment (resident population concept - LFS),Percentage of total population,From 20 to 64 years
Norway,2013,Males,81.9,,,ESTAT:TESEM010(1.0),2016-04-26 23:00:00,Annual,Total employment (resident population concept - LFS),Percentage of total population,From 20 to 64 years
Norway,2014,Males,82.1,,,ESTAT:TESEM010(1.0),2016-04-26 23:00:00,Annual,Total employment (resident population concept - LFS),Percentage of total population,From 20 to 64 years
Norway,2015,Males,81.4,,,ESTAT:TESEM010(1.0),2016-04-26 23:00:00,Annual,Total employment (resident population concept - LFS),Percentage of total population,From 20 to 64 years
Norway,2016,Males,80.7,,,ESTAT:TESEM010(1.0),2016-04-26 23:00:00,Annual,Total employment (resident population concept - LFS),Percentage of total population,From 20 to 64 years
Norway,2017,Males,80.6,,,ESTAT:TESEM010(1.0),2016-04-26 23:00:00,Annual,Total employment (resident population concept - LFS),Percentage of total population,From 20 to 64 years
Norway,2018,Males,81.9,,,ESTAT:TESEM010(1.0),2016-04-26 23:00:00,Annual,Total employment (resident population concept - LFS),Percentage of total population,From 20 to 64 years
Norway,2019,Males,82.1,,,ESTAT:TESEM010(1.0),2016-04-26 23:00:00,Annual,Total employment (resident population concept - LFS),Percentage of total population,From 20 to 64 years
Norway,2020,Males,81.3,,,ESTAT:TESEM010(1.0),2016-04-26 23:00:00,Annual,Total employment (resident population concept - LFS),Percentage of total population,From 20 to 64 years
Norway,2021,Males,82.3,,,ESTAT:TESEM010(1.0),2016-04-26 23:00:00,Annual,Total employment (resident population concept - LFS),Percentage of total population,From 20 to 64 years
Norway,2022,Males,83.7,,,ESTAT:TESEM010(1.0),2016-04-26 23:00:00,Annual,Total employment (resident population concept - LFS),Percentage of total population,From 20 to 64 years
Norway,2023,Males,82.8,,,ESTAT:TESEM010(1.0),2016-04-26 23:00:00,Annual,Total employment (resident population concept - LFS),Percentage of total population,From 20 to 64 years
Norway,2024,Males,82.5,,,ESTAT:TESEM010(1.0),2016-04-26 23:00:00,Annual,Total employment (resident population concept - LFS),Percentage of total population,From 20 to 64 years
Norway,2025,Males,82.0,,,ESTAT:TESEM010(1.0),2016-04-26 23:00:00,Annual,Total employment (resident population concept - LFS),Percentage of total population,From 20 to 64 years
Poland,2009,Males,69.9,,,ESTAT:TESEM010(1.0),2016-04-26 23:00:00,Annual,Total employment (resident population concept - LFS),Percentage of total population,From 20 to 64 years
Poland,2010,Males,68.8,b,,ESTAT:TESEM010(1.0),2016-04-26 23:00:00,Annual,Total employment (resident population concept - LFS),Percentage of total population,From 20 to 64 years
Poland,2011,Males,69.3,,,ESTAT:TESEM010(1.0),2016-04-26 23:00:00,Annual,Total employment (resident population concept - LFS),Percentage of total population,From 20 to 64 years
Poland,2012,Males,69.7,,,ESTAT:TESEM010(1.0),2016-04-26 23:00:00,Annual,Total employment (resident population concept - LFS),Percentage of total population,From 20 to 64 years
Poland,2013,Males,70.0,,,ESTAT:TESEM010(1.0),2016-04-26 23:00:00,Annual,Total employment (resident population concept - LFS),Percentage of total population,From 20 to 64 years
Poland,2014,Males,71.8,,,ESTAT:TESEM010(1.0),2016-04-26 23:00:00,Annual,Total employment (resident population concept - LFS),Percentage of total population,From 20 to 64 years
Poland,2015,Males,72.9,,,ESTAT:TESEM010(1.0),2016-04-26 23:00:00,Annual,Total employment (resident population concept - LFS),Percentage of total population,From 20 to 64 years
Poland,2016,Males,74.9,,,ESTAT:TESEM010(1.0),2016-04-26 23:00:00,Annual,Total employment (resident population concept - LFS),Percentage of total population,From 20 to 64 years
Poland,2017,Males,77.0,,,ESTAT:TESEM010(1.0),2016-04-26 23:00:00,Annual,Total employment (resident population concept - LFS),Percentage of total population,From 20 to 64 years
Poland,2018,Males,78.3,,,ESTAT:TESEM010(1.0),2016-04-26 23:00:00,Annual,Total employment (resident population concept - LFS),Percentage of total population,From 20 to 64 years
Poland,2019,Males,79.9,b,,ESTAT:TESEM010(1.0),2016-04-26 23:00:00,Annual,Total employment (resident population concept - LFS),Percentage of total population,From 20 to 64 years
Poland,2020,Males,80.2,,,ESTAT:TESEM010(1.0),2016-04-26 23:00:00,Annual,Total employment (resident population concept - LFS),Percentage of total population,From 20 to 64 years
Poland,2021,Males,82.4,,,ESTAT:TESEM010(1.0),2016-04-26 23:00:00,Annual,Total employment (resident population concept - LFS),Percentage of total population,From 20 to 64 years
Poland,2022,Males,83.2,,,ESTAT:TESEM010(1.0),2016-04-26 23:00:00,Annual,Total employment (resident population concept - LFS),Percentage of total population,From 20 to 64 years
Poland,2023,Males,83.8,,,ESTAT:TESEM010(1.0),2016-04-26 23:00:00,Annual,Total employment (resident population concept - LFS),Percentage of total population,From 20 to 64 years
Poland,2024,Males,84.1,,,ESTAT:TESEM010(1.0),2016-04-26 23:00:00,Annual,Total employment (resident population concept - LFS),Percentage of total population,From 20 to 64 years
Poland,2025,Males,84.5,,,ESTAT:TESEM010(1.0),2016-04-26 23:00:00,Annual,Total employment (resident population concept - LFS),Percentage of total population,From 20 to 64 years
Portugal,2009,Males,73.1,,,ESTAT:TESEM010(1.0),2016-04-26 23:00:00,Annual,Total employment (resident population concept - LFS),Percentage of total population,From 20 to 64 years
Portugal,2010,Males,72.0,,,ESTAT:TESEM010(1.0),2016-04-26 23:00:00,Annual,Total employment (resident population concept - LFS),Percentage of total population,From 20 to 64 years
Portugal,2011,Males,71.2,,,ESTAT:TESEM010(1.0),2016-04-26 23:00:00,Annual,Total employment (resident population concept - LFS),Percentage of total population,From 20 to 64 years
Portugal,2012,Males,67.5,,,ESTAT:TESEM010(1.0),2016-04-26 23:00:00,Annual,Total employment (resident population concept - LFS),Percentage of total population,From 20 to 64 years
Portugal,2013,Males,66.5,,,ESTAT:TESEM010(1.0),2016-04-26 23:00:00,Annual,Total employment (resident population concept - LFS),Percentage of total population,From 20 to 64 years
Portugal,2014,Males,69.4,,,ESTAT:TESEM010(1.0),2016-04-26 23:00:00,Annual,Total employment (resident population concept - LFS),Percentage of total population,From 20 to 64 years
Portugal,2015,Males,71.2,,,ESTAT:TESEM010(1.0),2016-04-26 23:00:00,Annual,Total employment (resident population concept - LFS),Percentage of total population,From 20 to 64 years
Portugal,2016,Males,72.7,,,ESTAT:TESEM010(1.0),2016-04-26 23:00:00,Annual,Total employment (resident population concept - LFS),Percentage of total population,From 20 to 64 years
Portugal,2017,Males,76.1,,,ESTAT:TESEM010(1.0),2016-04-26 23:00:00,Annual,Total employment (resident population concept - LFS),Percentage of total population,From 20 to 64 years
Portugal,2018,Males,78.0,,,ESTAT:TESEM010(1.0),2016-04-26 23:00:00,Annual,Total employment (resident population concept - LFS),Percentage of total population,From 20 to 64 years
Portugal,2019,Males,78.9,,,ESTAT:TESEM010(1.0),2016-04-26 23:00:00,Annual,Total employment (resident population concept - LFS),Percentage of total population,From 20 to 64 years
Portugal,2020,Males,76.8,,,ESTAT:TESEM010(1.0),2016-04-26 23:00:00,Annual,Total employment (resident population concept - LFS),Percentage of total population,From 20 to 64 years
Portugal,2021,Males,78.4,,,ESTAT:TESEM010(1.0),2016-04-26 23:00:00,Annual,Total employment (resident population concept - LFS),Percentage of total population,From 20 to 64 years
Portugal,2022,Males,80.1,,,ESTAT:TESEM010(1.0),2016-04-26 23:00:00,Annual,Total employment (resident population concept - LFS),Percentage of total population,From 20 to 64 years
Portugal,2023,Males,80.9,,,ESTAT:TESEM010(1.0),2016-04-26 23:00:00,Annual,Total employment (resident population concept - LFS),Percentage of total population,From 20 to 64 years
Portugal,2024,Males,81.4,,,ESTAT:TESEM010(1.0),2016-04-26 23:00:00,Annual,Total employment (resident population concept - LFS),Percentage of total population,From 20 to 64 years
Portugal,2025,Males,82.4,,,ESTAT:TESEM010(1.0),2016-04-26 23:00:00,Annual,Total employment (resident population concept - LFS),Percentage of total population,From 20 to 64 years
Romania,2009,Males,62.7,,,ESTAT:TESEM010(1.0),2016-04-26 23:00:00,Annual,Total employment (resident population concept - LFS),Percentage of total population,From 20 to 64 years
Romania,2010,Males,65.1,,,ESTAT:TESEM010(1.0),2016-04-26 23:00:00,Annual,Total employment (resident population concept - LFS),Percentage of total population,From 20 to 64 years
Romania,2011,Males,64.4,,,ESTAT:TESEM010(1.0),2016-04-26 23:00:00,Annual,Total employment (resident population concept - LFS),Percentage of total population,From 20 to 64 years
Romania,2012,Males,65.4,,,ESTAT:TESEM010(1.0),2016-04-26 23:00:00,Annual,Total employment (resident population concept - LFS),Percentage of total population,From 20 to 64 years
Romania,2013,Males,65.4,,,ESTAT:TESEM010(1.0),2016-04-26 23:00:00,Annual,Total employment (resident population concept - LFS),Percentage of total population,From 20 to 64 years
Romania,2014,Males,66.7,,,ESTAT:TESEM010(1.0),2016-04-26 23:00:00,Annual,Total employment (resident population concept - LFS),Percentage of total population,From 20 to 64 years
Romania,2015,Males,68.0,,,ESTAT:TESEM010(1.0),2016-04-26 23:00:00,Annual,Total employment (resident population concept - LFS),Percentage of total population,From 20 to 64 years
Romania,2016,Males,69.1,,,ESTAT:TESEM010(1.0),2016-04-26 23:00:00,Annual,Total employment (resident population concept - LFS),Percentage of total population,From 20 to 64 years
Romania,2017,Males,71.3,,,ESTAT:TESEM010(1.0),2016-04-26 23:00:00,Annual,Total employment (resident population concept - LFS),Percentage of total population,From 20 to 64 years
Romania,2018,Males,73.0,,,ESTAT:TESEM010(1.0),2016-04-26 23:00:00,Annual,Total employment (resident population concept - LFS),Percentage of total population,From 20 to 64 years
Romania,2019,Males,74.6,,,ESTAT:TESEM010(1.0),2016-04-26 23:00:00,Annual,Total employment (resident population concept - LFS),Percentage of total population,From 20 to 64 years
Romania,2020,Males,74.7,,,ESTAT:TESEM010(1.0),2016-04-26 23:00:00,Annual,Total employment (resident population concept - LFS),Percentage of total population,From 20 to 64 years
Romania,2021,Males,77.0,,,ESTAT:TESEM010(1.0),2016-04-26 23:00:00,Annual,Total employment (resident population concept - LFS),Percentage of total population,From 20 to 64 years
Romania,2022,Males,77.7,,,ESTAT:TESEM010(1.0),2016-04-26 23:00:00,Annual,Total employment (resident population concept - LFS),Percentage of total population,From 20 to 64 years
Romania,2023,Males,78.2,,,ESTAT:TESEM010(1.0),2016-04-26 23:00:00,Annual,Total employment (resident population concept - LFS),Percentage of total population,From 20 to 64 years
Romania,2024,Males,78.4,,,ESTAT:TESEM010(1.0),2016-04-26 23:00:00,Annual,Total employment (resident population concept - LFS),Percentage of total population,From 20 to 64 years
Romania,2025,Males,78.2,,,ESTAT:TESEM010(1.0),2016-04-26 23:00:00,Annual,Total employment (resident population concept - LFS),Percentage of total population,From 20 to 64 years
Serbia,2010,Males,60.2,,,ESTAT:TESEM010(1.0),2016-04-26 23:00:00,Annual,Total employment (resident population concept - LFS),Percentage of total population,From 20 to 64 years
Serbia,2011,Males,56.6,,,ESTAT:TESEM010(1.0),2016-04-26 23:00:00,Annual,Total employment (resident population concept - LFS),Percentage of total population,From 20 to 64 years
Serbia,2012,Males,56.4,,,ESTAT:TESEM010(1.0),2016-04-26 23:00:00,Annual,Total employment (resident population concept - LFS),Percentage of total population,From 20 to 64 years
Serbia,2013,Males,59.2,,,ESTAT:TESEM010(1.0),2016-04-26 23:00:00,Annual,Total employment (resident population concept - LFS),Percentage of total population,From 20 to 64 years
Serbia,2014,Males,61.4,,,ESTAT:TESEM010(1.0),2016-04-26 23:00:00,Annual,Total employment (resident population concept - LFS),Percentage of total population,From 20 to 64 years
Serbia,2015,Males,62.8,,,ESTAT:TESEM010(1.0),2016-04-26 23:00:00,Annual,Total employment (resident population concept - LFS),Percentage of total population,From 20 to 64 years
Serbia,2016,Males,65.5,,,ESTAT:TESEM010(1.0),2016-04-26 23:00:00,Annual,Total employment (resident population concept - LFS),Percentage of total population,From 20 to 64 years
Serbia,2017,Males,67.9,,,ESTAT:TESEM010(1.0),2016-04-26 23:00:00,Annual,Total employment (resident population concept - LFS),Percentage of total population,From 20 to 64 years
Serbia,2018,Males,70.1,,,ESTAT:TESEM010(1.0),2016-04-26 23:00:00,Annual,Total employment (resident population concept - LFS),Percentage of total population,From 20 to 64 years
Serbia,2019,Males,70.1,,,ESTAT:TESEM010(1.0),2016-04-26 23:00:00,Annual,Total employment (resident population concept - LFS),Percentage of total population,From 20 to 64 years
Serbia,2020,Males,70.9,,,ESTAT:TESEM010(1.0),2016-04-26 23:00:00,Annual,Total employment (resident population concept - LFS),Percentage of total population,From 20 to 64 years
Serbia,2021,Males,73.6,,,ESTAT:TESEM010(1.0),2016-04-26 23:00:00,Annual,Total employment (resident population concept - LFS),Percentage of total population,From 20 to 64 years
Serbia,2022,Males,75.8,,,ESTAT:TESEM010(1.0),2016-04-26 23:00:00,Annual,Total employment (resident population concept - LFS),Percentage of total population,From 20 to 64 years
Serbia,2023,Males,75.9,,,ESTAT:TESEM010(1.0),2016-04-26 23:00:00,Annual,Total employment (resident population concept - LFS),Percentage of total population,From 20 to 64 years
Serbia,2024,Males,77.2,,,ESTAT:TESEM010(1.0),2016-04-26 23:00:00,Annual,Total employment (resident population concept - LFS),Percentage of total population,From 20 to 64 years
Serbia,2025,Males,77.3,,,ESTAT:TESEM010(1.0),2016-04-26 23:00:00,Annual,Total employment (resident population concept - LFS),Percentage of total population,From 20 to 64 years
Sweden,2005,Males,80.6,,,ESTAT:TESEM010(1.0),2016-04-26 23:00:00,Annual,Total employment (resident population concept - LFS),Percentage of total population,From 20 to 64 years
Sweden,2006,Males,81.5,,,ESTAT:TESEM010(1.0),2016-04-26 23:00:00,Annual,Total employment (resident population concept - LFS),Percentage of total population,From 20 to 64 years
Sweden,2007,Males,82.9,,,ESTAT:TESEM010(1.0),2016-04-26 23:00:00,Annual,Total employment (resident population concept - LFS),Percentage of total population,From 20 to 64 years
Sweden,2008,Males,83.3,,,ESTAT:TESEM010(1.0),2016-04-26 23:00:00,Annual,Total employment (resident population concept - LFS),Percentage of total population,From 20 to 64 years
Sweden,2009,Males,80.7,,,ESTAT:TESEM010(1.0),2016-04-26 23:00:00,Annual,Total employment (resident population concept - LFS),Percentage of total population,From 20 to 64 years
Sweden,2010,Males,80.9,,,ESTAT:TESEM010(1.0),2016-04-26 23:00:00,Annual,Total employment (resident population concept - LFS),Percentage of total population,From 20 to 64 years
Sweden,2011,Males,82.0,,,ESTAT:TESEM010(1.0),2016-04-26 23:00:00,Annual,Total employment (resident population concept - LFS),Percentage of total population,From 20 to 64 years
Sweden,2012,Males,81.7,,,ESTAT:TESEM010(1.0),2016-04-26 23:00:00,Annual,Total employment (resident population concept - LFS),Percentage of total population,From 20 to 64 years
Sweden,2013,Males,82.0,,,ESTAT:TESEM010(1.0),2016-04-26 23:00:00,Annual,Total employment (resident population concept - LFS),Percentage of total population,From 20 to 64 years
Sweden,2014,Males,82.0,,,ESTAT:TESEM010(1.0),2016-04-26 23:00:00,Annual,Total employment (resident population concept - LFS),Percentage of total population,From 20 to 64 years
Sweden,2015,Males,82.3,,,ESTAT:TESEM010(1.0),2016-04-26 23:00:00,Annual,Total employment (resident population concept - LFS),Percentage of total population,From 20 to 64 years
Sweden,2016,Males,82.8,,,ESTAT:TESEM010(1.0),2016-04-26 23:00:00,Annual,Total employment (resident population concept - LFS),Percentage of total population,From 20 to 64 years
Sweden,2017,Males,83.6,,,ESTAT:TESEM010(1.0),2016-04-26 23:00:00,Annual,Total employment (resident population concept - LFS),Percentage of total population,From 20 to 64 years
Sweden,2018,Males,84.2,,,ESTAT:TESEM010(1.0),2016-04-26 23:00:00,Annual,Total employment (resident population concept - LFS),Percentage of total population,From 20 to 64 years
Sweden,2019,Males,84.3,,,ESTAT:TESEM010(1.0),2016-04-26 23:00:00,Annual,Total employment (resident population concept - LFS),Percentage of total population,From 20 to 64 years
Sweden,2020,Males,82.8,,,ESTAT:TESEM010(1.0),2016-04-26 23:00:00,Annual,Total employment (resident population concept - LFS),Percentage of total population,From 20 to 64 years
Sweden,2021,Males,83.1,,,ESTAT:TESEM010(1.0),2016-04-26 23:00:00,Annual,Total employment (resident population concept - LFS),Percentage of total population,From 20 to 64 years
Sweden,2022,Males,84.8,,,ESTAT:TESEM010(1.0),2016-04-26 23:00:00,Annual,Total employment (resident population concept - LFS),Percentage of total population,From 20 to 64 years
Sweden,2023,Males,84.9,,,ESTAT:TESEM010(1.0),2016-04-26 23:00:00,Annual,Total employment (resident population concept - LFS),Percentage of total population,From 20 to 64 years
Sweden,2024,Males,83.9,,,ESTAT:TESEM010(1.0),2016-04-26 23:00:00,Annual,Total employment (resident population concept - LFS),Percentage of total population,From 20 to 64 years
Sweden,2025,Males,83.7,,,ESTAT:TESEM010(1.0),2016-04-26 23:00:00,Annual,Total employment (resident population concept - LFS),Percentage of total population,From 20 to 64 years
Slovenia,2009,Males,75.0,,,ESTAT:TESEM010(1.0),2016-04-26 23:00:00,Annual,Total employment (resident population concept - LFS),Percentage of total population,From 20 to 64 years
Slovenia,2010,Males,73.1,,,ESTAT:TESEM010(1.0),2016-04-26 23:00:00,Annual,Total employment (resident population concept - LFS),Percentage of total population,From 20 to 64 years
Slovenia,2011,Males,71.1,,,ESTAT:TESEM010(1.0),2016-04-26 23:00:00,Annual,Total employment (resident population concept - LFS),Percentage of total population,From 20 to 64 years
Slovenia,2012,Males,71.1,,,ESTAT:TESEM010(1.0),2016-04-26 23:00:00,Annual,Total employment (resident population concept - LFS),Percentage of total population,From 20 to 64 years
Slovenia,2013,Males,70.6,,,ESTAT:TESEM010(1.0),2016-04-26 23:00:00,Annual,Total employment (resident population concept - LFS),Percentage of total population,From 20 to 64 years
Slovenia,2014,Males,71.0,,,ESTAT:TESEM010(1.0),2016-04-26 23:00:00,Annual,Total employment (resident population concept - LFS),Percentage of total population,From 20 to 64 years
Slovenia,2015,Males,72.7,,,ESTAT:TESEM010(1.0),2016-04-26 23:00:00,Annual,Total employment (resident population concept - LFS),Percentage of total population,From 20 to 64 years
Slovenia,2016,Males,72.7,,,ESTAT:TESEM010(1.0),2016-04-26 23:00:00,Annual,Total employment (resident population concept - LFS),Percentage of total population,From 20 to 64 years
Slovenia,2017,Males,76.2,,,ESTAT:TESEM010(1.0),2016-04-26 23:00:00,Annual,Total employment (resident population concept - LFS),Percentage of total population,From 20 to 64 years
Slovenia,2018,Males,78.3,,,ESTAT:TESEM010(1.0),2016-04-26 23:00:00,Annual,Total employment (resident population concept - LFS),Percentage of total population,From 20 to 64 years
Slovenia,2019,Males,79.0,,,ESTAT:TESEM010(1.0),2016-04-26 23:00:00,Annual,Total employment (resident population concept - LFS),Percentage of total population,From 20 to 64 years
Slovenia,2020,Males,77.6,,,ESTAT:TESEM010(1.0),2016-04-26 23:00:00,Annual,Total employment (resident population concept - LFS),Percentage of total population,From 20 to 64 years
Slovenia,2021,Males,79.3,,,ESTAT:TESEM010(1.0),2016-04-26 23:00:00,Annual,Total employment (resident population concept - LFS),Percentage of total population,From 20 to 64 years
Slovenia,2022,Males,81.2,,,ESTAT:TESEM010(1.0),2016-04-26 23:00:00,Annual,Total employment (resident population concept - LFS),Percentage of total population,From 20 to 64 years
Slovenia,2023,Males,80.4,,,ESTAT:TESEM010(1.0),2016-04-26 23:00:00,Annual,Total employment (resident population concept - LFS),Percentage of total population,From 20 to 64 years
Slovenia,2024,Males,81.1,,,ESTAT:TESEM010(1.0),2016-04-26 23:00:00,Annual,Total employment (resident population concept - LFS),Percentage of total population,From 20 to 64 years
Slovenia,2025,Males,80.6,,,ESTAT:TESEM010(1.0),2016-04-26 23:00:00,Annual,Total employment (resident population concept - LFS),Percentage of total population,From 20 to 64 years
Slovakia,2009,Males,74.2,,,ESTAT:TESEM010(1.0),2016-04-26 23:00:00,Annual,Total employment (resident population concept - LFS),Percentage of total population,From 20 to 64 years
Slovakia,2010,Males,71.5,,,ESTAT:TESEM010(1.0),2016-04-26 23:00:00,Annual,Total employment (resident population concept - LFS),Percentage of total population,From 20 to 64 years
Slovakia,2011,Males,72.1,b,,ESTAT:TESEM010(1.0),2016-04-26 23:00:00,Annual,Total employment (resident population concept - LFS),Percentage of total population,From 20 to 64 years
Slovakia,2012,Males,72.4,,,ESTAT:TESEM010(1.0),2016-04-26 23:00:00,Annual,Total employment (resident population concept - LFS),Percentage of total population,From 20 to 64 years
Slovakia,2013,Males,71.8,,,ESTAT:TESEM010(1.0),2016-04-26 23:00:00,Annual,Total employment (resident population concept - LFS),Percentage of total population,From 20 to 64 years
Slovakia,2014,Males,72.7,,,ESTAT:TESEM010(1.0),2016-04-26 23:00:00,Annual,Total employment (resident population concept - LFS),Percentage of total population,From 20 to 64 years
Slovakia,2015,Males,74.5,,,ESTAT:TESEM010(1.0),2016-04-26 23:00:00,Annual,Total employment (resident population concept - LFS),Percentage of total population,From 20 to 64 years
Slovakia,2016,Males,76.4,,,ESTAT:TESEM010(1.0),2016-04-26 23:00:00,Annual,Total employment (resident population concept - LFS),Percentage of total population,From 20 to 64 years
Slovakia,2017,Males,77.0,,,ESTAT:TESEM010(1.0),2016-04-26 23:00:00,Annual,Total employment (resident population concept - LFS),Percentage of total population,From 20 to 64 years
Slovakia,2018,Males,78.8,,,ESTAT:TESEM010(1.0),2016-04-26 23:00:00,Annual,Total employment (resident population concept - LFS),Percentage of total population,From 20 to 64 years
Slovakia,2019,Males,79.4,,,ESTAT:TESEM010(1.0),2016-04-26 23:00:00,Annual,Total employment (resident population concept - LFS),Percentage of total population,From 20 to 64 years
Slovakia,2020,Males,78.2,,,ESTAT:TESEM010(1.0),2016-04-26 23:00:00,Annual,Total employment (resident population concept - LFS),Percentage of total population,From 20 to 64 years
Slovakia,2021,Males,78.9,,,ESTAT:TESEM010(1.0),2016-04-26 23:00:00,Annual,Total employment (resident population concept - LFS),Percentage of total population,From 20 to 64 years
Slovakia,2022,Males,80.7,,,ESTAT:TESEM010(1.0),2016-04-26 23:00:00,Annual,Total employment (resident population concept - LFS),Percentage of total population,From 20 to 64 years
Slovakia,2023,Males,81.3,,,ESTAT:TESEM010(1.0),2016-04-26 23:00:00,Annual,Total employment (resident population concept - LFS),Percentage of total population,From 20 to 64 years
Slovakia,2024,Males,82.5,,,ESTAT:TESEM010(1.0),2016-04-26 23:00:00,Annual,Total employment (resident population concept - LFS),Percentage of total population,From 20 to 64 years
Slovakia,2025,Males,82.4,,,ESTAT:TESEM010(1.0),2016-04-26 23:00:00,Annual,Total employment (resident population concept - LFS),Percentage of total population,From 20 to 64 years
Türkiye,2009,Males,70.4,,,ESTAT:TESEM010(1.0),2016-04-26 23:00:00,Annual,Total employment (resident population concept - LFS),Percentage of total population,From 20 to 64 years
Türkiye,2010,Males,72.7,,,ESTAT:TESEM010(1.0),2016-04-26 23:00:00,Annual,Total employment (resident population concept - LFS),Percentage of total population,From 20 to 64 years
Türkiye,2011,Males,75.1,,,ESTAT:TESEM010(1.0),2016-04-26 23:00:00,Annual,Total employment (resident population concept - LFS),Percentage of total population,From 20 to 64 years
Türkiye,2012,Males,75.0,,,ESTAT:TESEM010(1.0),2016-04-26 23:00:00,Annual,Total employment (resident population concept - LFS),Percentage of total population,From 20 to 64 years
Türkiye,2013,Males,75.3,,,ESTAT:TESEM010(1.0),2016-04-26 23:00:00,Annual,Total employment (resident population concept - LFS),Percentage of total population,From 20 to 64 years
Türkiye,2014,Males,75.0,b,,ESTAT:TESEM010(1.0),2016-04-26 23:00:00,Annual,Total employment (resident population concept - LFS),Percentage of total population,From 20 to 64 years
Türkiye,2015,Males,75.3,,,ESTAT:TESEM010(1.0),2016-04-26 23:00:00,Annual,Total employment (resident population concept - LFS),Percentage of total population,From 20 to 64 years
Türkiye,2016,Males,75.5,,,ESTAT:TESEM010(1.0),2016-04-26 23:00:00,Annual,Total employment (resident population concept - LFS),Percentage of total population,From 20 to 64 years
Türkiye,2017,Males,76.1,,,ESTAT:TESEM010(1.0),2016-04-26 23:00:00,Annual,Total employment (resident population concept - LFS),Percentage of total population,From 20 to 64 years
Türkiye,2018,Males,76.0,,,ESTAT:TESEM010(1.0),2016-04-26 23:00:00,Annual,Total employment (resident population concept - LFS),Percentage of total population,From 20 to 64 years
Türkiye,2019,Males,73.2,,,ESTAT:TESEM010(1.0),2016-04-26 23:00:00,Annual,Total employment (resident population concept - LFS),Percentage of total population,From 20 to 64 years
Türkiye,2020,Males,70.1,,,ESTAT:TESEM010(1.0),2016-04-26 23:00:00,Annual,Total employment (resident population concept - LFS),Percentage of total population,From 20 to 64 years
Türkiye,2021,Males,73.6,b,,ESTAT:TESEM010(1.0),2016-04-26 23:00:00,Annual,Total employment (resident population concept - LFS),Percentage of total population,From 20 to 64 years
Türkiye,2022,Males,75.9,,,ESTAT:TESEM010(1.0),2016-04-26 23:00:00,Annual,Total employment (resident population concept - LFS),Percentage of total population,From 20 to 64 years
Türkiye,2023,Males,76.5,,,ESTAT:TESEM010(1.0),2016-04-26 23:00:00,Annual,Total employment (resident population concept - LFS),Percentage of total population,From 20 to 64 years
Türkiye,2024,Males,77.5,,,ESTAT:TESEM010(1.0),2016-04-26 23:00:00,Annual,Total employment (resident population concept - LFS),Percentage of total population,From 20 to 64 years
Türkiye,2025,Males,77.1,,,ESTAT:TESEM010(1.0),2016-04-26 23:00:00,Annual,Total employment (resident population concept - LFS),Percentage of total population,From 20 to 64 years
