country,year,sex,duration,value,quality_obs_flag,quality_conf_status,dataflow,last_update,freq,age,unit
Austria,2016,Females,From 0 to 11 months,15.1,,,ESTAT:LFSA_EGAD(1.0),2017-04-26 11:00:00,Annual,From 20 to 64 years,Percentage
Austria,2017,Females,From 0 to 11 months,15.0,,,ESTAT:LFSA_EGAD(1.0),2017-04-26 11:00:00,Annual,From 20 to 64 years,Percentage
Austria,2018,Females,From 0 to 11 months,15.5,,,ESTAT:LFSA_EGAD(1.0),2017-04-26 11:00:00,Annual,From 20 to 64 years,Percentage
Austria,2019,Females,From 0 to 11 months,15.7,,,ESTAT:LFSA_EGAD(1.0),2017-04-26 11:00:00,Annual,From 20 to 64 years,Percentage
Austria,2020,Females,From 0 to 11 months,14.5,,,ESTAT:LFSA_EGAD(1.0),2017-04-26 11:00:00,Annual,From 20 to 64 years,Percentage
Austria,2021,Females,From 0 to 11 months,13.7,b,,ESTAT:LFSA_EGAD(1.0),2017-04-26 11:00:00,Annual,From 20 to 64 years,Percentage
Austria,2022,Females,From 0 to 11 months,15.3,,,ESTAT:LFSA_EGAD(1.0),2017-04-26 11:00:00,Annual,From 20 to 64 years,Percentage
Austria,2023,Females,From 0 to 11 months,15.2,,,ESTAT:LFSA_EGAD(1.0),2017-04-26 11:00:00,Annual,From 20 to 64 years,Percentage
Austria,2024,Females,From 0 to 11 months,13.9,,,ESTAT:LFSA_EGAD(1.0),2017-04-26 11:00:00,Annual,From 20 to 64 years,Percentage
Austria,2025,Females,From 0 to 11 months,13.6,,,ESTAT:LFSA_EGAD(1.0),2017-04-26 11:00:00,Annual,From 20 to 64 years,Percentage
Bosnia and Herzegovina,2021,Females,From 0 to 11 months,8.2,b,,ESTAT:LFSA_EGAD(1.0),2017-04-26 11:00:00,Annual,From 20 to 64 years,Percentage
Bosnia and Herzegovina,2022,Females,From 0 to 11 months,6.9,,,ESTAT:LFSA_EGAD(1.0),2017-04-26 11:00:00,Annual,From 20 to 64 years,Percentage
Bosnia and Herzegovina,2023,Females,From 0 to 11 months,5.7,,,ESTAT:LFSA_EGAD(1.0),2017-04-26 11:00:00,Annual,From 20 to 64 years,Percentage
Bosnia and Herzegovina,2024,Females,From 0 to 11 months,6.5,,,ESTAT:LFSA_EGAD(1.0),2017-04-26 11:00:00,Annual,From 20 to 64 years,Percentage
Bosnia and Herzegovina,2025,Females,From 0 to 11 months,4.9,,,ESTAT:LFSA_EGAD(1.0),2017-04-26 11:00:00,Annual,From 20 to 64 years,Percentage
Belgium,2016,Females,From 0 to 11 months,11.3,,,ESTAT:LFSA_EGAD(1.0),2017-04-26 11:00:00,Annual,From 20 to 64 years,Percentage
Belgium,2017,Females,From 0 to 11 months,11.3,b,,ESTAT:LFSA_EGAD(1.0),2017-04-26 11:00:00,Annual,From 20 to 64 years,Percentage
Belgium,2018,Females,From 0 to 11 months,11.0,,,ESTAT:LFSA_EGAD(1.0),2017-04-26 11:00:00,Annual,From 20 to 64 years,Percentage
Belgium,2019,Females,From 0 to 11 months,12.1,,,ESTAT:LFSA_EGAD(1.0),2017-04-26 11:00:00,Annual,From 20 to 64 years,Percentage
Belgium,2020,Females,From 0 to 11 months,11.0,,,ESTAT:LFSA_EGAD(1.0),2017-04-26 11:00:00,Annual,From 20 to 64 years,Percentage
Belgium,2021,Females,From 0 to 11 months,12.1,b,,ESTAT:LFSA_EGAD(1.0),2017-04-26 11:00:00,Annual,From 20 to 64 years,Percentage
Belgium,2022,Females,From 0 to 11 months,12.1,,,ESTAT:LFSA_EGAD(1.0),2017-04-26 11:00:00,Annual,From 20 to 64 years,Percentage
Belgium,2023,Females,From 0 to 11 months,11.6,,,ESTAT:LFSA_EGAD(1.0),2017-04-26 11:00:00,Annual,From 20 to 64 years,Percentage
Belgium,2024,Females,From 0 to 11 months,11.6,,,ESTAT:LFSA_EGAD(1.0),2017-04-26 11:00:00,Annual,From 20 to 64 years,Percentage
Belgium,2025,Females,From 0 to 11 months,11.6,,,ESTAT:LFSA_EGAD(1.0),2017-04-26 11:00:00,Annual,From 20 to 64 years,Percentage
Bulgaria,2016,Females,From 0 to 11 months,9.5,,,ESTAT:LFSA_EGAD(1.0),2017-04-26 11:00:00,Annual,From 20 to 64 years,Percentage
Bulgaria,2017,Females,From 0 to 11 months,10.1,,,ESTAT:LFSA_EGAD(1.0),2017-04-26 11:00:00,Annual,From 20 to 64 years,Percentage
Bulgaria,2018,Females,From 0 to 11 months,8.0,,,ESTAT:LFSA_EGAD(1.0),2017-04-26 11:00:00,Annual,From 20 to 64 years,Percentage
Bulgaria,2019,Females,From 0 to 11 months,8.3,b,,ESTAT:LFSA_EGAD(1.0),2017-04-26 11:00:00,Annual,From 20 to 64 years,Percentage
Bulgaria,2020,Females,From 0 to 11 months,6.6,,,ESTAT:LFSA_EGAD(1.0),2017-04-26 11:00:00,Annual,From 20 to 64 years,Percentage
Bulgaria,2021,Females,From 0 to 11 months,6.6,b,,ESTAT:LFSA_EGAD(1.0),2017-04-26 11:00:00,Annual,From 20 to 64 years,Percentage
Bulgaria,2022,Females,From 0 to 11 months,7.8,,,ESTAT:LFSA_EGAD(1.0),2017-04-26 11:00:00,Annual,From 20 to 64 years,Percentage
Bulgaria,2023,Females,From 0 to 11 months,6.8,,,ESTAT:LFSA_EGAD(1.0),2017-04-26 11:00:00,Annual,From 20 to 64 years,Percentage
Bulgaria,2024,Females,From 0 to 11 months,6.1,b,,ESTAT:LFSA_EGAD(1.0),2017-04-26 11:00:00,Annual,From 20 to 64 years,Percentage
Bulgaria,2025,Females,From 0 to 11 months,6.3,,,ESTAT:LFSA_EGAD(1.0),2017-04-26 11:00:00,Annual,From 20 to 64 years,Percentage
Switzerland,2016,Females,From 0 to 11 months,16.7,,,ESTAT:LFSA_EGAD(1.0),2017-04-26 11:00:00,Annual,From 20 to 64 years,Percentage
Switzerland,2017,Females,From 0 to 11 months,17.5,,,ESTAT:LFSA_EGAD(1.0),2017-04-26 11:00:00,Annual,From 20 to 64 years,Percentage
Switzerland,2018,Females,From 0 to 11 months,16.9,,,ESTAT:LFSA_EGAD(1.0),2017-04-26 11:00:00,Annual,From 20 to 64 years,Percentage
Switzerland,2019,Females,From 0 to 11 months,17.1,,,ESTAT:LFSA_EGAD(1.0),2017-04-26 11:00:00,Annual,From 20 to 64 years,Percentage
Switzerland,2020,Females,From 0 to 11 months,16.7,,,ESTAT:LFSA_EGAD(1.0),2017-04-26 11:00:00,Annual,From 20 to 64 years,Percentage
Switzerland,2021,Females,From 0 to 11 months,16.1,b,,ESTAT:LFSA_EGAD(1.0),2017-04-26 11:00:00,Annual,From 20 to 64 years,Percentage
Switzerland,2022,Females,From 0 to 11 months,17.3,,,ESTAT:LFSA_EGAD(1.0),2017-04-26 11:00:00,Annual,From 20 to 64 years,Percentage
Switzerland,2023,Females,From 0 to 11 months,18.2,,,ESTAT:LFSA_EGAD(1.0),2017-04-26 11:00:00,Annual,From 20 to 64 years,Percentage
Switzerland,2024,Females,From 0 to 11 months,16.6,,,ESTAT:LFSA_EGAD(1.0),2017-04-26 11:00:00,Annual,From 20 to 64 years,Percentage
Switzerland,2025,Females,From 0 to 11 months,15.6,,,ESTAT:LFSA_EGAD(1.0),2017-04-26 11:00:00,Annual,From 20 to 64 years,Percentage
Cyprus,2016,Females,From 0 to 11 months,20.9,,,ESTAT:LFSA_EGAD(1.0),2017-04-26 11:00:00,Annual,From 20 to 64 years,Percentage
Cyprus,2017,Females,From 0 to 11 months,21.0,,,ESTAT:LFSA_EGAD(1.0),2017-04-26 11:00:00,Annual,From 20 to 64 years,Percentage
Cyprus,2018,Females,From 0 to 11 months,21.8,,,ESTAT:LFSA_EGAD(1.0),2017-04-26 11:00:00,Annual,From 20 to 64 years,Percentage
Cyprus,2019,Females,From 0 to 11 months,19.5,,,ESTAT:LFSA_EGAD(1.0),2017-04-26 11:00:00,Annual,From 20 to 64 years,Percentage
Cyprus,2020,Females,From 0 to 11 months,17.5,,,ESTAT:LFSA_EGAD(1.0),2017-04-26 11:00:00,Annual,From 20 to 64 years,Percentage
Cyprus,2021,Females,From 0 to 11 months,16.9,b,,ESTAT:LFSA_EGAD(1.0),2017-04-26 11:00:00,Annual,From 20 to 64 years,Percentage
Cyprus,2022,Females,From 0 to 11 months,17.5,,,ESTAT:LFSA_EGAD(1.0),2017-04-26 11:00:00,Annual,From 20 to 64 years,Percentage
Cyprus,2023,Females,From 0 to 11 months,17.9,,,ESTAT:LFSA_EGAD(1.0),2017-04-26 11:00:00,Annual,From 20 to 64 years,Percentage
Cyprus,2024,Females,From 0 to 11 months,17.0,,,ESTAT:LFSA_EGAD(1.0),2017-04-26 11:00:00,Annual,From 20 to 64 years,Percentage
Cyprus,2025,Females,From 0 to 11 months,15.8,,,ESTAT:LFSA_EGAD(1.0),2017-04-26 11:00:00,Annual,From 20 to 64 years,Percentage
Czechia,2016,Females,From 0 to 11 months,12.1,,,ESTAT:LFSA_EGAD(1.0),2017-04-26 11:00:00,Annual,From 20 to 64 years,Percentage
Czechia,2017,Females,From 0 to 11 months,12.9,,,ESTAT:LFSA_EGAD(1.0),2017-04-26 11:00:00,Annual,From 20 to 64 years,Percentage
Czechia,2018,Females,From 0 to 11 months,12.1,,,ESTAT:LFSA_EGAD(1.0),2017-04-26 11:00:00,Annual,From 20 to 64 years,Percentage
Czechia,2019,Females,From 0 to 11 months,11.4,,,ESTAT:LFSA_EGAD(1.0),2017-04-26 11:00:00,Annual,From 20 to 64 years,Percentage
Czechia,2020,Females,From 0 to 11 months,9.9,,,ESTAT:LFSA_EGAD(1.0),2017-04-26 11:00:00,Annual,From 20 to 64 years,Percentage
Czechia,2021,Females,From 0 to 11 months,10.0,b,,ESTAT:LFSA_EGAD(1.0),2017-04-26 11:00:00,Annual,From 20 to 64 years,Percentage
Czechia,2022,Females,From 0 to 11 months,10.9,,,ESTAT:LFSA_EGAD(1.0),2017-04-26 11:00:00,Annual,From 20 to 64 years,Percentage
Czechia,2023,Females,From 0 to 11 months,10.7,,,ESTAT:LFSA_EGAD(1.0),2017-04-26 11:00:00,Annual,From 20 to 64 years,Percentage
Czechia,2024,Females,From 0 to 11 months,10.4,,,ESTAT:LFSA_EGAD(1.0),2017-04-26 11:00:00,Annual,From 20 to 64 years,Percentage
Czechia,2025,Females,From 0 to 11 months,9.9,,,ESTAT:LFSA_EGAD(1.0),2017-04-26 11:00:00,Annual,From 20 to 64 years,Percentage
Germany,2016,Females,From 0 to 11 months,12.9,,,ESTAT:LFSA_EGAD(1.0),2017-04-26 11:00:00,Annual,From 20 to 64 years,Percentage
Germany,2017,Females,From 0 to 11 months,13.0,,,ESTAT:LFSA_EGAD(1.0),2017-04-26 11:00:00,Annual,From 20 to 64 years,Percentage
Germany,2018,Females,From 0 to 11 months,13.0,,,ESTAT:LFSA_EGAD(1.0),2017-04-26 11:00:00,Annual,From 20 to 64 years,Percentage
Germany,2019,Females,From 0 to 11 months,13.0,,,ESTAT:LFSA_EGAD(1.0),2017-04-26 11:00:00,Annual,From 20 to 64 years,Percentage
Germany,2020,Females,From 0 to 11 months,12.5,b,,ESTAT:LFSA_EGAD(1.0),2017-04-26 11:00:00,Annual,From 20 to 64 years,Percentage
Germany,2021,Females,From 0 to 11 months,13.3,b,,ESTAT:LFSA_EGAD(1.0),2017-04-26 11:00:00,Annual,From 20 to 64 years,Percentage
Germany,2022,Females,From 0 to 11 months,14.9,,,ESTAT:LFSA_EGAD(1.0),2017-04-26 11:00:00,Annual,From 20 to 64 years,Percentage
Germany,2023,Females,From 0 to 11 months,14.6,,,ESTAT:LFSA_EGAD(1.0),2017-04-26 11:00:00,Annual,From 20 to 64 years,Percentage
Germany,2024,Females,From 0 to 11 months,14.0,,,ESTAT:LFSA_EGAD(1.0),2017-04-26 11:00:00,Annual,From 20 to 64 years,Percentage
Germany,2025,Females,From 0 to 11 months,13.6,,,ESTAT:LFSA_EGAD(1.0),2017-04-26 11:00:00,Annual,From 20 to 64 years,Percentage
Denmark,2016,Females,From 0 to 11 months,21.9,b,,ESTAT:LFSA_EGAD(1.0),2017-04-26 11:00:00,Annual,From 20 to 64 years,Percentage
Denmark,2017,Females,From 0 to 11 months,20.4,b,,ESTAT:LFSA_EGAD(1.0),2017-04-26 11:00:00,Annual,From 20 to 64 years,Percentage
Denmark,2018,Females,From 0 to 11 months,19.1,,,ESTAT:LFSA_EGAD(1.0),2017-04-26 11:00:00,Annual,From 20 to 64 years,Percentage
Denmark,2019,Females,From 0 to 11 months,19.1,,,ESTAT:LFSA_EGAD(1.0),2017-04-26 11:00:00,Annual,From 20 to 64 years,Percentage
Denmark,2020,Females,From 0 to 11 months,19.4,,,ESTAT:LFSA_EGAD(1.0),2017-04-26 11:00:00,Annual,From 20 to 64 years,Percentage
Denmark,2021,Females,From 0 to 11 months,20.0,b,,ESTAT:LFSA_EGAD(1.0),2017-04-26 11:00:00,Annual,From 20 to 64 years,Percentage
Denmark,2022,Females,From 0 to 11 months,22.6,,,ESTAT:LFSA_EGAD(1.0),2017-04-26 11:00:00,Annual,From 20 to 64 years,Percentage
Denmark,2023,Females,From 0 to 11 months,20.9,b,,ESTAT:LFSA_EGAD(1.0),2017-04-26 11:00:00,Annual,From 20 to 64 years,Percentage
Denmark,2024,Females,From 0 to 11 months,20.6,,,ESTAT:LFSA_EGAD(1.0),2017-04-26 11:00:00,Annual,From 20 to 64 years,Percentage
Denmark,2025,Females,From 0 to 11 months,19.4,,,ESTAT:LFSA_EGAD(1.0),2017-04-26 11:00:00,Annual,From 20 to 64 years,Percentage
Euro area – 21 countries (from 2026),2016,Females,From 0 to 11 months,13.4,,,ESTAT:LFSA_EGAD(1.0),2017-04-26 11:00:00,Annual,From 20 to 64 years,Percentage
Euro area – 21 countries (from 2026),2017,Females,From 0 to 11 months,13.9,,,ESTAT:LFSA_EGAD(1.0),2017-04-26 11:00:00,Annual,From 20 to 64 years,Percentage
Euro area – 21 countries (from 2026),2018,Females,From 0 to 11 months,14.0,,,ESTAT:LFSA_EGAD(1.0),2017-04-26 11:00:00,Annual,From 20 to 64 years,Percentage
Euro area – 21 countries (from 2026),2019,Females,From 0 to 11 months,14.1,,,ESTAT:LFSA_EGAD(1.0),2017-04-26 11:00:00,Annual,From 20 to 64 years,Percentage
Euro area – 21 countries (from 2026),2020,Females,From 0 to 11 months,12.8,,,ESTAT:LFSA_EGAD(1.0),2017-04-26 11:00:00,Annual,From 20 to 64 years,Percentage
Euro area – 21 countries (from 2026),2021,Females,From 0 to 11 months,13.8,b,,ESTAT:LFSA_EGAD(1.0),2017-04-26 11:00:00,Annual,From 20 to 64 years,Percentage
Euro area – 21 countries (from 2026),2022,Females,From 0 to 11 months,15.2,,,ESTAT:LFSA_EGAD(1.0),2017-04-26 11:00:00,Annual,From 20 to 64 years,Percentage
Euro area – 21 countries (from 2026),2023,Females,From 0 to 11 months,14.9,,,ESTAT:LFSA_EGAD(1.0),2017-04-26 11:00:00,Annual,From 20 to 64 years,Percentage
Euro area – 21 countries (from 2026),2024,Females,From 0 to 11 months,14.0,,,ESTAT:LFSA_EGAD(1.0),2017-04-26 11:00:00,Annual,From 20 to 64 years,Percentage
Euro area – 21 countries (from 2026),2025,Females,From 0 to 11 months,13.2,,,ESTAT:LFSA_EGAD(1.0),2017-04-26 11:00:00,Annual,From 20 to 64 years,Percentage
Estonia,2016,Females,From 0 to 11 months,16.0,,,ESTAT:LFSA_EGAD(1.0),2017-04-26 11:00:00,Annual,From 20 to 64 years,Percentage
Estonia,2017,Females,From 0 to 11 months,17.4,,,ESTAT:LFSA_EGAD(1.0),2017-04-26 11:00:00,Annual,From 20 to 64 years,Percentage
Estonia,2018,Females,From 0 to 11 months,19.3,,,ESTAT:LFSA_EGAD(1.0),2017-04-26 11:00:00,Annual,From 20 to 64 years,Percentage
Estonia,2019,Females,From 0 to 11 months,19.1,,,ESTAT:LFSA_EGAD(1.0),2017-04-26 11:00:00,Annual,From 20 to 64 years,Percentage
Estonia,2020,Females,From 0 to 11 months,15.9,,,ESTAT:LFSA_EGAD(1.0),2017-04-26 11:00:00,Annual,From 20 to 64 years,Percentage
Estonia,2021,Females,From 0 to 11 months,15.4,b,,ESTAT:LFSA_EGAD(1.0),2017-04-26 11:00:00,Annual,From 20 to 64 years,Percentage
Estonia,2022,Females,From 0 to 11 months,18.2,,,ESTAT:LFSA_EGAD(1.0),2017-04-26 11:00:00,Annual,From 20 to 64 years,Percentage
Estonia,2023,Females,From 0 to 11 months,16.0,,,ESTAT:LFSA_EGAD(1.0),2017-04-26 11:00:00,Annual,From 20 to 64 years,Percentage
Estonia,2024,Females,From 0 to 11 months,14.9,,,ESTAT:LFSA_EGAD(1.0),2017-04-26 11:00:00,Annual,From 20 to 64 years,Percentage
Estonia,2025,Females,From 0 to 11 months,14.4,,,ESTAT:LFSA_EGAD(1.0),2017-04-26 11:00:00,Annual,From 20 to 64 years,Percentage
Greece,2016,Females,From 0 to 11 months,10.1,,,ESTAT:LFSA_EGAD(1.0),2017-04-26 11:00:00,Annual,From 20 to 64 years,Percentage
Greece,2017,Females,From 0 to 11 months,11.3,,,ESTAT:LFSA_EGAD(1.0),2017-04-26 11:00:00,Annual,From 20 to 64 years,Percentage
Greece,2018,Females,From 0 to 11 months,11.2,,,ESTAT:LFSA_EGAD(1.0),2017-04-26 11:00:00,Annual,From 20 to 64 years,Percentage
Greece,2019,Females,From 0 to 11 months,12.8,,,ESTAT:LFSA_EGAD(1.0),2017-04-26 11:00:00,Annual,From 20 to 64 years,Percentage
Greece,2020,Females,From 0 to 11 months,10.6,,,ESTAT:LFSA_EGAD(1.0),2017-04-26 11:00:00,Annual,From 20 to 64 years,Percentage
Greece,2021,Females,From 0 to 11 months,12.1,b,,ESTAT:LFSA_EGAD(1.0),2017-04-26 11:00:00,Annual,From 20 to 64 years,Percentage
Greece,2022,Females,From 0 to 11 months,12.5,,,ESTAT:LFSA_EGAD(1.0),2017-04-26 11:00:00,Annual,From 20 to 64 years,Percentage
Greece,2023,Females,From 0 to 11 months,11.8,,,ESTAT:LFSA_EGAD(1.0),2017-04-26 11:00:00,Annual,From 20 to 64 years,Percentage
Greece,2024,Females,From 0 to 11 months,11.0,,,ESTAT:LFSA_EGAD(1.0),2017-04-26 11:00:00,Annual,From 20 to 64 years,Percentage
Greece,2025,Females,From 0 to 11 months,10.5,,,ESTAT:LFSA_EGAD(1.0),2017-04-26 11:00:00,Annual,From 20 to 64 years,Percentage
Spain,2016,Females,From 0 to 11 months,17.1,,,ESTAT:LFSA_EGAD(1.0),2017-04-26 11:00:00,Annual,From 20 to 64 years,Percentage
Spain,2017,Females,From 0 to 11 months,18.1,,,ESTAT:LFSA_EGAD(1.0),2017-04-26 11:00:00,Annual,From 20 to 64 years,Percentage
Spain,2018,Females,From 0 to 11 months,18.3,,,ESTAT:LFSA_EGAD(1.0),2017-04-26 11:00:00,Annual,From 20 to 64 years,Percentage
Spain,2019,Females,From 0 to 11 months,17.7,,,ESTAT:LFSA_EGAD(1.0),2017-04-26 11:00:00,Annual,From 20 to 64 years,Percentage
Spain,2020,Females,From 0 to 11 months,15.5,,,ESTAT:LFSA_EGAD(1.0),2017-04-26 11:00:00,Annual,From 20 to 64 years,Percentage
Spain,2021,Females,From 0 to 11 months,17.1,bd,,ESTAT:LFSA_EGAD(1.0),2017-04-26 11:00:00,Annual,From 20 to 64 years,Percentage
Spain,2022,Females,From 0 to 11 months,18.4,d,,ESTAT:LFSA_EGAD(1.0),2017-04-26 11:00:00,Annual,From 20 to 64 years,Percentage
Spain,2023,Females,From 0 to 11 months,18.3,d,,ESTAT:LFSA_EGAD(1.0),2017-04-26 11:00:00,Annual,From 20 to 64 years,Percentage
Spain,2024,Females,From 0 to 11 months,17.9,d,,ESTAT:LFSA_EGAD(1.0),2017-04-26 11:00:00,Annual,From 20 to 64 years,Percentage
Spain,2025,Females,From 0 to 11 months,17.5,d,,ESTAT:LFSA_EGAD(1.0),2017-04-26 11:00:00,Annual,From 20 to 64 years,Percentage
European Union - 27 countries (from 2020),2016,Females,From 0 to 11 months,13.2,,,ESTAT:LFSA_EGAD(1.0),2017-04-26 11:00:00,Annual,From 20 to 64 years,Percentage
European Union - 27 countries (from 2020),2017,Females,From 0 to 11 months,13.6,,,ESTAT:LFSA_EGAD(1.0),2017-04-26 11:00:00,Annual,From 20 to 64 years,Percentage
European Union - 27 countries (from 2020),2018,Females,From 0 to 11 months,13.6,,,ESTAT:LFSA_EGAD(1.0),2017-04-26 11:00:00,Annual,From 20 to 64 years,Percentage
European Union - 27 countries (from 2020),2019,Females,From 0 to 11 months,13.6,,,ESTAT:LFSA_EGAD(1.0),2017-04-26 11:00:00,Annual,From 20 to 64 years,Percentage
European Union - 27 countries (from 2020),2020,Females,From 0 to 11 months,12.4,,,ESTAT:LFSA_EGAD(1.0),2017-04-26 11:00:00,Annual,From 20 to 64 years,Percentage
European Union - 27 countries (from 2020),2021,Females,From 0 to 11 months,13.1,b,,ESTAT:LFSA_EGAD(1.0),2017-04-26 11:00:00,Annual,From 20 to 64 years,Percentage
European Union - 27 countries (from 2020),2022,Females,From 0 to 11 months,14.3,,,ESTAT:LFSA_EGAD(1.0),2017-04-26 11:00:00,Annual,From 20 to 64 years,Percentage
European Union - 27 countries (from 2020),2023,Females,From 0 to 11 months,14.0,,,ESTAT:LFSA_EGAD(1.0),2017-04-26 11:00:00,Annual,From 20 to 64 years,Percentage
European Union - 27 countries (from 2020),2024,Females,From 0 to 11 months,13.2,,,ESTAT:LFSA_EGAD(1.0),2017-04-26 11:00:00,Annual,From 20 to 64 years,Percentage
European Union - 27 countries (from 2020),2025,Females,From 0 to 11 months,12.5,,,ESTAT:LFSA_EGAD(1.0),2017-04-26 11:00:00,Annual,From 20 to 64 years,Percentage
Finland,2016,Females,From 0 to 11 months,18.4,,,ESTAT:LFSA_EGAD(1.0),2017-04-26 11:00:00,Annual,From 20 to 64 years,Percentage
Finland,2017,Females,From 0 to 11 months,19.3,,,ESTAT:LFSA_EGAD(1.0),2017-04-26 11:00:00,Annual,From 20 to 64 years,Percentage
Finland,2018,Females,From 0 to 11 months,20.8,,,ESTAT:LFSA_EGAD(1.0),2017-04-26 11:00:00,Annual,From 20 to 64 years,Percentage
Finland,2019,Females,From 0 to 11 months,20.7,,,ESTAT:LFSA_EGAD(1.0),2017-04-26 11:00:00,Annual,From 20 to 64 years,Percentage
Finland,2020,Females,From 0 to 11 months,18.7,,,ESTAT:LFSA_EGAD(1.0),2017-04-26 11:00:00,Annual,From 20 to 64 years,Percentage
Finland,2021,Females,From 0 to 11 months,19.8,b,,ESTAT:LFSA_EGAD(1.0),2017-04-26 11:00:00,Annual,From 20 to 64 years,Percentage
Finland,2022,Females,From 0 to 11 months,20.6,,,ESTAT:LFSA_EGAD(1.0),2017-04-26 11:00:00,Annual,From 20 to 64 years,Percentage
Finland,2023,Females,From 0 to 11 months,20.8,,,ESTAT:LFSA_EGAD(1.0),2017-04-26 11:00:00,Annual,From 20 to 64 years,Percentage
Finland,2024,Females,From 0 to 11 months,17.8,,,ESTAT:LFSA_EGAD(1.0),2017-04-26 11:00:00,Annual,From 20 to 64 years,Percentage
Finland,2025,Females,From 0 to 11 months,15.7,,,ESTAT:LFSA_EGAD(1.0),2017-04-26 11:00:00,Annual,From 20 to 64 years,Percentage
France,2016,Females,From 0 to 11 months,12.7,,,ESTAT:LFSA_EGAD(1.0),2017-04-26 11:00:00,Annual,From 20 to 64 years,Percentage
France,2017,Females,From 0 to 11 months,13.8,,,ESTAT:LFSA_EGAD(1.0),2017-04-26 11:00:00,Annual,From 20 to 64 years,Percentage
France,2018,Females,From 0 to 11 months,14.0,,,ESTAT:LFSA_EGAD(1.0),2017-04-26 11:00:00,Annual,From 20 to 64 years,Percentage
France,2019,Females,From 0 to 11 months,14.2,,,ESTAT:LFSA_EGAD(1.0),2017-04-26 11:00:00,Annual,From 20 to 64 years,Percentage
France,2020,Females,From 0 to 11 months,13.2,,,ESTAT:LFSA_EGAD(1.0),2017-04-26 11:00:00,Annual,From 20 to 64 years,Percentage
France,2021,Females,From 0 to 11 months,14.2,bd,,ESTAT:LFSA_EGAD(1.0),2017-04-26 11:00:00,Annual,From 20 to 64 years,Percentage
France,2022,Females,From 0 to 11 months,15.9,d,,ESTAT:LFSA_EGAD(1.0),2017-04-26 11:00:00,Annual,From 20 to 64 years,Percentage
France,2023,Females,From 0 to 11 months,15.9,d,,ESTAT:LFSA_EGAD(1.0),2017-04-26 11:00:00,Annual,From 20 to 64 years,Percentage
France,2024,Females,From 0 to 11 months,14.9,d,,ESTAT:LFSA_EGAD(1.0),2017-04-26 11:00:00,Annual,From 20 to 64 years,Percentage
France,2025,Females,From 0 to 11 months,14.0,d,,ESTAT:LFSA_EGAD(1.0),2017-04-26 11:00:00,Annual,From 20 to 64 years,Percentage
Croatia,2016,Females,From 0 to 11 months,13.7,,,ESTAT:LFSA_EGAD(1.0),2017-04-26 11:00:00,Annual,From 20 to 64 years,Percentage
Croatia,2017,Females,From 0 to 11 months,14.4,,,ESTAT:LFSA_EGAD(1.0),2017-04-26 11:00:00,Annual,From 20 to 64 years,Percentage
Croatia,2018,Females,From 0 to 11 months,14.1,,,ESTAT:LFSA_EGAD(1.0),2017-04-26 11:00:00,Annual,From 20 to 64 years,Percentage
Croatia,2019,Females,From 0 to 11 months,12.7,,,ESTAT:LFSA_EGAD(1.0),2017-04-26 11:00:00,Annual,From 20 to 64 years,Percentage
Croatia,2020,Females,From 0 to 11 months,9.9,,,ESTAT:LFSA_EGAD(1.0),2017-04-26 11:00:00,Annual,From 20 to 64 years,Percentage
Croatia,2021,Females,From 0 to 11 months,10.4,b,,ESTAT:LFSA_EGAD(1.0),2017-04-26 11:00:00,Annual,From 20 to 64 years,Percentage
Croatia,2022,Females,From 0 to 11 months,12.9,,,ESTAT:LFSA_EGAD(1.0),2017-04-26 11:00:00,Annual,From 20 to 64 years,Percentage
Croatia,2023,Females,From 0 to 11 months,11.0,,,ESTAT:LFSA_EGAD(1.0),2017-04-26 11:00:00,Annual,From 20 to 64 years,Percentage
Croatia,2024,Females,From 0 to 11 months,10.8,,,ESTAT:LFSA_EGAD(1.0),2017-04-26 11:00:00,Annual,From 20 to 64 years,Percentage
Croatia,2025,Females,From 0 to 11 months,8.1,,,ESTAT:LFSA_EGAD(1.0),2017-04-26 11:00:00,Annual,From 20 to 64 years,Percentage
Hungary,2016,Females,From 0 to 11 months,15.0,,,ESTAT:LFSA_EGAD(1.0),2017-04-26 11:00:00,Annual,From 20 to 64 years,Percentage
Hungary,2017,Females,From 0 to 11 months,13.9,,,ESTAT:LFSA_EGAD(1.0),2017-04-26 11:00:00,Annual,From 20 to 64 years,Percentage
Hungary,2018,Females,From 0 to 11 months,13.7,b,,ESTAT:LFSA_EGAD(1.0),2017-04-26 11:00:00,Annual,From 20 to 64 years,Percentage
Hungary,2019,Females,From 0 to 11 months,14.0,,,ESTAT:LFSA_EGAD(1.0),2017-04-26 11:00:00,Annual,From 20 to 64 years,Percentage
Hungary,2020,Females,From 0 to 11 months,14.2,,,ESTAT:LFSA_EGAD(1.0),2017-04-26 11:00:00,Annual,From 20 to 64 years,Percentage
Hungary,2021,Females,From 0 to 11 months,13.5,b,,ESTAT:LFSA_EGAD(1.0),2017-04-26 11:00:00,Annual,From 20 to 64 years,Percentage
Hungary,2022,Females,From 0 to 11 months,12.7,,,ESTAT:LFSA_EGAD(1.0),2017-04-26 11:00:00,Annual,From 20 to 64 years,Percentage
Hungary,2023,Females,From 0 to 11 months,12.1,,,ESTAT:LFSA_EGAD(1.0),2017-04-26 11:00:00,Annual,From 20 to 64 years,Percentage
Hungary,2024,Females,From 0 to 11 months,11.5,,,ESTAT:LFSA_EGAD(1.0),2017-04-26 11:00:00,Annual,From 20 to 64 years,Percentage
Hungary,2025,Females,From 0 to 11 months,11.7,,,ESTAT:LFSA_EGAD(1.0),2017-04-26 11:00:00,Annual,From 20 to 64 years,Percentage
Ireland,2016,Females,From 0 to 11 months,15.4,,,ESTAT:LFSA_EGAD(1.0),2017-04-26 11:00:00,Annual,From 20 to 64 years,Percentage
Ireland,2017,Females,From 0 to 11 months,15.0,b,,ESTAT:LFSA_EGAD(1.0),2017-04-26 11:00:00,Annual,From 20 to 64 years,Percentage
Ireland,2018,Females,From 0 to 11 months,16.2,,,ESTAT:LFSA_EGAD(1.0),2017-04-26 11:00:00,Annual,From 20 to 64 years,Percentage
Ireland,2019,Females,From 0 to 11 months,16.5,,,ESTAT:LFSA_EGAD(1.0),2017-04-26 11:00:00,Annual,From 20 to 64 years,Percentage
Ireland,2020,Females,From 0 to 11 months,13.7,,,ESTAT:LFSA_EGAD(1.0),2017-04-26 11:00:00,Annual,From 20 to 64 years,Percentage
Ireland,2021,Females,From 0 to 11 months,14.4,b,,ESTAT:LFSA_EGAD(1.0),2017-04-26 11:00:00,Annual,From 20 to 64 years,Percentage
Ireland,2022,Females,From 0 to 11 months,17.0,,,ESTAT:LFSA_EGAD(1.0),2017-04-26 11:00:00,Annual,From 20 to 64 years,Percentage
Ireland,2023,Females,From 0 to 11 months,15.8,,,ESTAT:LFSA_EGAD(1.0),2017-04-26 11:00:00,Annual,From 20 to 64 years,Percentage
Ireland,2024,Females,From 0 to 11 months,15.2,,,ESTAT:LFSA_EGAD(1.0),2017-04-26 11:00:00,Annual,From 20 to 64 years,Percentage
Ireland,2025,Females,From 0 to 11 months,14.5,,,ESTAT:LFSA_EGAD(1.0),2017-04-26 11:00:00,Annual,From 20 to 64 years,Percentage
Iceland,2016,Females,From 0 to 11 months,18.3,,,ESTAT:LFSA_EGAD(1.0),2017-04-26 11:00:00,Annual,From 20 to 64 years,Percentage
Iceland,2017,Females,From 0 to 11 months,19.1,,,ESTAT:LFSA_EGAD(1.0),2017-04-26 11:00:00,Annual,From 20 to 64 years,Percentage
Iceland,2018,Females,From 0 to 11 months,17.7,,,ESTAT:LFSA_EGAD(1.0),2017-04-26 11:00:00,Annual,From 20 to 64 years,Percentage
Iceland,2019,Females,From 0 to 11 months,16.8,,,ESTAT:LFSA_EGAD(1.0),2017-04-26 11:00:00,Annual,From 20 to 64 years,Percentage
Iceland,2020,Females,From 0 to 11 months,15.8,b,,ESTAT:LFSA_EGAD(1.0),2017-04-26 11:00:00,Annual,From 20 to 64 years,Percentage
Iceland,2021,Females,From 0 to 11 months,17.4,b,,ESTAT:LFSA_EGAD(1.0),2017-04-26 11:00:00,Annual,From 20 to 64 years,Percentage
Iceland,2022,Females,From 0 to 11 months,20.7,,,ESTAT:LFSA_EGAD(1.0),2017-04-26 11:00:00,Annual,From 20 to 64 years,Percentage
Iceland,2023,Females,From 0 to 11 months,19.0,,,ESTAT:LFSA_EGAD(1.0),2017-04-26 11:00:00,Annual,From 20 to 64 years,Percentage
Iceland,2024,Females,From 0 to 11 months,18.0,,,ESTAT:LFSA_EGAD(1.0),2017-04-26 11:00:00,Annual,From 20 to 64 years,Percentage
Italy,2016,Females,From 0 to 11 months,11.5,,,ESTAT:LFSA_EGAD(1.0),2017-04-26 11:00:00,Annual,From 20 to 64 years,Percentage
Italy,2017,Females,From 0 to 11 months,11.3,,,ESTAT:LFSA_EGAD(1.0),2017-04-26 11:00:00,Annual,From 20 to 64 years,Percentage
Italy,2018,Females,From 0 to 11 months,11.5,b,,ESTAT:LFSA_EGAD(1.0),2017-04-26 11:00:00,Annual,From 20 to 64 years,Percentage
Italy,2019,Females,From 0 to 11 months,12.0,,,ESTAT:LFSA_EGAD(1.0),2017-04-26 11:00:00,Annual,From 20 to 64 years,Percentage
Italy,2020,Females,From 0 to 11 months,10.8,,,ESTAT:LFSA_EGAD(1.0),2017-04-26 11:00:00,Annual,From 20 to 64 years,Percentage
Italy,2021,Females,From 0 to 11 months,12.3,b,,ESTAT:LFSA_EGAD(1.0),2017-04-26 11:00:00,Annual,From 20 to 64 years,Percentage
Italy,2022,Females,From 0 to 11 months,13.0,,,ESTAT:LFSA_EGAD(1.0),2017-04-26 11:00:00,Annual,From 20 to 64 years,Percentage
Italy,2023,Females,From 0 to 11 months,12.7,,,ESTAT:LFSA_EGAD(1.0),2017-04-26 11:00:00,Annual,From 20 to 64 years,Percentage
Italy,2024,Females,From 0 to 11 months,10.4,,,ESTAT:LFSA_EGAD(1.0),2017-04-26 11:00:00,Annual,From 20 to 64 years,Percentage
Italy,2025,Females,From 0 to 11 months,7.9,,,ESTAT:LFSA_EGAD(1.0),2017-04-26 11:00:00,Annual,From 20 to 64 years,Percentage
Lithuania,2016,Females,From 0 to 11 months,17.6,,,ESTAT:LFSA_EGAD(1.0),2017-04-26 11:00:00,Annual,From 20 to 64 years,Percentage
Lithuania,2017,Females,From 0 to 11 months,16.1,,,ESTAT:LFSA_EGAD(1.0),2017-04-26 11:00:00,Annual,From 20 to 64 years,Percentage
Lithuania,2018,Females,From 0 to 11 months,17.8,,,ESTAT:LFSA_EGAD(1.0),2017-04-26 11:00:00,Annual,From 20 to 64 years,Percentage
Lithuania,2019,Females,From 0 to 11 months,16.6,,,ESTAT:LFSA_EGAD(1.0),2017-04-26 11:00:00,Annual,From 20 to 64 years,Percentage
Lithuania,2020,Females,From 0 to 11 months,16.3,,,ESTAT:LFSA_EGAD(1.0),2017-04-26 11:00:00,Annual,From 20 to 64 years,Percentage
Lithuania,2021,Females,From 0 to 11 months,8.3,b,,ESTAT:LFSA_EGAD(1.0),2017-04-26 11:00:00,Annual,From 20 to 64 years,Percentage
Lithuania,2022,Females,From 0 to 11 months,12.5,,,ESTAT:LFSA_EGAD(1.0),2017-04-26 11:00:00,Annual,From 20 to 64 years,Percentage
Lithuania,2023,Females,From 0 to 11 months,10.7,,,ESTAT:LFSA_EGAD(1.0),2017-04-26 11:00:00,Annual,From 20 to 64 years,Percentage
Lithuania,2024,Females,From 0 to 11 months,10.2,,,ESTAT:LFSA_EGAD(1.0),2017-04-26 11:00:00,Annual,From 20 to 64 years,Percentage
Lithuania,2025,Females,From 0 to 11 months,12.0,,,ESTAT:LFSA_EGAD(1.0),2017-04-26 11:00:00,Annual,From 20 to 64 years,Percentage
Luxembourg,2016,Females,From 0 to 11 months,11.8,b,,ESTAT:LFSA_EGAD(1.0),2017-04-26 11:00:00,Annual,From 20 to 64 years,Percentage
Luxembourg,2017,Females,From 0 to 11 months,12.3,,,ESTAT:LFSA_EGAD(1.0),2017-04-26 11:00:00,Annual,From 20 to 64 years,Percentage
Luxembourg,2018,Females,From 0 to 11 months,14.1,,,ESTAT:LFSA_EGAD(1.0),2017-04-26 11:00:00,Annual,From 20 to 64 years,Percentage
Luxembourg,2019,Females,From 0 to 11 months,13.8,,,ESTAT:LFSA_EGAD(1.0),2017-04-26 11:00:00,Annual,From 20 to 64 years,Percentage
Luxembourg,2020,Females,From 0 to 11 months,12.0,,,ESTAT:LFSA_EGAD(1.0),2017-04-26 11:00:00,Annual,From 20 to 64 years,Percentage
Luxembourg,2021,Females,From 0 to 11 months,11.9,b,,ESTAT:LFSA_EGAD(1.0),2017-04-26 11:00:00,Annual,From 20 to 64 years,Percentage
Luxembourg,2022,Females,From 0 to 11 months,12.6,,,ESTAT:LFSA_EGAD(1.0),2017-04-26 11:00:00,Annual,From 20 to 64 years,Percentage
Luxembourg,2023,Females,From 0 to 11 months,12.7,,,ESTAT:LFSA_EGAD(1.0),2017-04-26 11:00:00,Annual,From 20 to 64 years,Percentage
Luxembourg,2024,Females,From 0 to 11 months,13.2,,,ESTAT:LFSA_EGAD(1.0),2017-04-26 11:00:00,Annual,From 20 to 64 years,Percentage
Luxembourg,2025,Females,From 0 to 11 months,13.1,,,ESTAT:LFSA_EGAD(1.0),2017-04-26 11:00:00,Annual,From 20 to 64 years,Percentage
Latvia,2016,Females,From 0 to 11 months,12.4,,,ESTAT:LFSA_EGAD(1.0),2017-04-26 11:00:00,Annual,From 20 to 64 years,Percentage
Latvia,2017,Females,From 0 to 11 months,14.4,,,ESTAT:LFSA_EGAD(1.0),2017-04-26 11:00:00,Annual,From 20 to 64 years,Percentage
Latvia,2018,Females,From 0 to 11 months,13.5,,,ESTAT:LFSA_EGAD(1.0),2017-04-26 11:00:00,Annual,From 20 to 64 years,Percentage
Latvia,2019,Females,From 0 to 11 months,13.7,,,ESTAT:LFSA_EGAD(1.0),2017-04-26 11:00:00,Annual,From 20 to 64 years,Percentage
Latvia,2020,Females,From 0 to 11 months,13.1,,,ESTAT:LFSA_EGAD(1.0),2017-04-26 11:00:00,Annual,From 20 to 64 years,Percentage
Latvia,2021,Females,From 0 to 11 months,11.6,b,,ESTAT:LFSA_EGAD(1.0),2017-04-26 11:00:00,Annual,From 20 to 64 years,Percentage
Latvia,2022,Females,From 0 to 11 months,11.2,,,ESTAT:LFSA_EGAD(1.0),2017-04-26 11:00:00,Annual,From 20 to 64 years,Percentage
Latvia,2023,Females,From 0 to 11 months,11.3,,,ESTAT:LFSA_EGAD(1.0),2017-04-26 11:00:00,Annual,From 20 to 64 years,Percentage
Latvia,2024,Females,From 0 to 11 months,10.3,,,ESTAT:LFSA_EGAD(1.0),2017-04-26 11:00:00,Annual,From 20 to 64 years,Percentage
Latvia,2025,Females,From 0 to 11 months,12.0,,,ESTAT:LFSA_EGAD(1.0),2017-04-26 11:00:00,Annual,From 20 to 64 years,Percentage
Montenegro,2016,Females,From 0 to 11 months,14.4,,,ESTAT:LFSA_EGAD(1.0),2017-04-26 11:00:00,Annual,From 20 to 64 years,Percentage
Montenegro,2017,Females,From 0 to 11 months,12.8,,,ESTAT:LFSA_EGAD(1.0),2017-04-26 11:00:00,Annual,From 20 to 64 years,Percentage
Montenegro,2018,Females,From 0 to 11 months,16.2,,,ESTAT:LFSA_EGAD(1.0),2017-04-26 11:00:00,Annual,From 20 to 64 years,Percentage
Montenegro,2019,Females,From 0 to 11 months,12.2,,,ESTAT:LFSA_EGAD(1.0),2017-04-26 11:00:00,Annual,From 20 to 64 years,Percentage
Montenegro,2020,Females,From 0 to 11 months,8.6,,,ESTAT:LFSA_EGAD(1.0),2017-04-26 11:00:00,Annual,From 20 to 64 years,Percentage
North Macedonia,2016,Females,From 0 to 11 months,12.1,,,ESTAT:LFSA_EGAD(1.0),2017-04-26 11:00:00,Annual,From 20 to 64 years,Percentage
North Macedonia,2017,Females,From 0 to 11 months,10.2,,,ESTAT:LFSA_EGAD(1.0),2017-04-26 11:00:00,Annual,From 20 to 64 years,Percentage
North Macedonia,2018,Females,From 0 to 11 months,12.9,,,ESTAT:LFSA_EGAD(1.0),2017-04-26 11:00:00,Annual,From 20 to 64 years,Percentage
North Macedonia,2019,Females,From 0 to 11 months,12.9,,,ESTAT:LFSA_EGAD(1.0),2017-04-26 11:00:00,Annual,From 20 to 64 years,Percentage
North Macedonia,2020,Females,From 0 to 11 months,10.3,,,ESTAT:LFSA_EGAD(1.0),2017-04-26 11:00:00,Annual,From 20 to 64 years,Percentage
North Macedonia,2021,Females,From 0 to 11 months,10.5,b,,ESTAT:LFSA_EGAD(1.0),2017-04-26 11:00:00,Annual,From 20 to 64 years,Percentage
North Macedonia,2022,Females,From 0 to 11 months,11.0,,,ESTAT:LFSA_EGAD(1.0),2017-04-26 11:00:00,Annual,From 20 to 64 years,Percentage
North Macedonia,2023,Females,From 0 to 11 months,10.7,,,ESTAT:LFSA_EGAD(1.0),2017-04-26 11:00:00,Annual,From 20 to 64 years,Percentage
North Macedonia,2024,Females,From 0 to 11 months,10.4,,,ESTAT:LFSA_EGAD(1.0),2017-04-26 11:00:00,Annual,From 20 to 64 years,Percentage
North Macedonia,2025,Females,From 0 to 11 months,8.9,,,ESTAT:LFSA_EGAD(1.0),2017-04-26 11:00:00,Annual,From 20 to 64 years,Percentage
Malta,2016,Females,From 0 to 11 months,14.3,,,ESTAT:LFSA_EGAD(1.0),2017-04-26 11:00:00,Annual,From 20 to 64 years,Percentage
Malta,2017,Females,From 0 to 11 months,15.7,,,ESTAT:LFSA_EGAD(1.0),2017-04-26 11:00:00,Annual,From 20 to 64 years,Percentage
Malta,2018,Females,From 0 to 11 months,17.7,,,ESTAT:LFSA_EGAD(1.0),2017-04-26 11:00:00,Annual,From 20 to 64 years,Percentage
Malta,2019,Females,From 0 to 11 months,14.7,,,ESTAT:LFSA_EGAD(1.0),2017-04-26 11:00:00,Annual,From 20 to 64 years,Percentage
Malta,2020,Females,From 0 to 11 months,11.2,,,ESTAT:LFSA_EGAD(1.0),2017-04-26 11:00:00,Annual,From 20 to 64 years,Percentage
Malta,2021,Females,From 0 to 11 months,14.3,b,,ESTAT:LFSA_EGAD(1.0),2017-04-26 11:00:00,Annual,From 20 to 64 years,Percentage
Malta,2022,Females,From 0 to 11 months,13.2,,,ESTAT:LFSA_EGAD(1.0),2017-04-26 11:00:00,Annual,From 20 to 64 years,Percentage
Malta,2023,Females,From 0 to 11 months,14.2,,,ESTAT:LFSA_EGAD(1.0),2017-04-26 11:00:00,Annual,From 20 to 64 years,Percentage
Malta,2024,Females,From 0 to 11 months,12.9,,,ESTAT:LFSA_EGAD(1.0),2017-04-26 11:00:00,Annual,From 20 to 64 years,Percentage
Malta,2025,Females,From 0 to 11 months,11.4,,,ESTAT:LFSA_EGAD(1.0),2017-04-26 11:00:00,Annual,From 20 to 64 years,Percentage
Netherlands,2016,Females,From 0 to 11 months,14.7,,,ESTAT:LFSA_EGAD(1.0),2017-04-26 11:00:00,Annual,From 20 to 64 years,Percentage
Netherlands,2017,Females,From 0 to 11 months,15.3,,,ESTAT:LFSA_EGAD(1.0),2017-04-26 11:00:00,Annual,From 20 to 64 years,Percentage
Netherlands,2018,Females,From 0 to 11 months,16.2,,,ESTAT:LFSA_EGAD(1.0),2017-04-26 11:00:00,Annual,From 20 to 64 years,Percentage
Netherlands,2019,Females,From 0 to 11 months,16.2,,,ESTAT:LFSA_EGAD(1.0),2017-04-26 11:00:00,Annual,From 20 to 64 years,Percentage
Netherlands,2020,Females,From 0 to 11 months,14.3,,,ESTAT:LFSA_EGAD(1.0),2017-04-26 11:00:00,Annual,From 20 to 64 years,Percentage
Netherlands,2021,Females,From 0 to 11 months,17.2,b,,ESTAT:LFSA_EGAD(1.0),2017-04-26 11:00:00,Annual,From 20 to 64 years,Percentage
Netherlands,2022,Females,From 0 to 11 months,19.6,,,ESTAT:LFSA_EGAD(1.0),2017-04-26 11:00:00,Annual,From 20 to 64 years,Percentage
Netherlands,2023,Females,From 0 to 11 months,18.8,,,ESTAT:LFSA_EGAD(1.0),2017-04-26 11:00:00,Annual,From 20 to 64 years,Percentage
Netherlands,2024,Females,From 0 to 11 months,17.5,,,ESTAT:LFSA_EGAD(1.0),2017-04-26 11:00:00,Annual,From 20 to 64 years,Percentage
Netherlands,2025,Females,From 0 to 11 months,17.0,,,ESTAT:LFSA_EGAD(1.0),2017-04-26 11:00:00,Annual,From 20 to 64 years,Percentage
Norway,2016,Females,From 0 to 11 months,13.6,,,ESTAT:LFSA_EGAD(1.0),2017-04-26 11:00:00,Annual,From 20 to 64 years,Percentage
Norway,2017,Females,From 0 to 11 months,13.7,,,ESTAT:LFSA_EGAD(1.0),2017-04-26 11:00:00,Annual,From 20 to 64 years,Percentage
Norway,2018,Females,From 0 to 11 months,13.6,,,ESTAT:LFSA_EGAD(1.0),2017-04-26 11:00:00,Annual,From 20 to 64 years,Percentage
Norway,2019,Females,From 0 to 11 months,13.9,,,ESTAT:LFSA_EGAD(1.0),2017-04-26 11:00:00,Annual,From 20 to 64 years,Percentage
Norway,2020,Females,From 0 to 11 months,13.7,,,ESTAT:LFSA_EGAD(1.0),2017-04-26 11:00:00,Annual,From 20 to 64 years,Percentage
Norway,2021,Females,From 0 to 11 months,11.3,b,,ESTAT:LFSA_EGAD(1.0),2017-04-26 11:00:00,Annual,From 20 to 64 years,Percentage
Norway,2022,Females,From 0 to 11 months,17.4,,,ESTAT:LFSA_EGAD(1.0),2017-04-26 11:00:00,Annual,From 20 to 64 years,Percentage
Norway,2023,Females,From 0 to 11 months,17.2,,,ESTAT:LFSA_EGAD(1.0),2017-04-26 11:00:00,Annual,From 20 to 64 years,Percentage
Norway,2024,Females,From 0 to 11 months,12.5,,,ESTAT:LFSA_EGAD(1.0),2017-04-26 11:00:00,Annual,From 20 to 64 years,Percentage
Norway,2025,Females,From 0 to 11 months,11.2,,,ESTAT:LFSA_EGAD(1.0),2017-04-26 11:00:00,Annual,From 20 to 64 years,Percentage
Poland,2016,Females,From 0 to 11 months,11.7,,,ESTAT:LFSA_EGAD(1.0),2017-04-26 11:00:00,Annual,From 20 to 64 years,Percentage
Poland,2017,Females,From 0 to 11 months,11.5,,,ESTAT:LFSA_EGAD(1.0),2017-04-26 11:00:00,Annual,From 20 to 64 years,Percentage
Poland,2018,Females,From 0 to 11 months,11.5,,,ESTAT:LFSA_EGAD(1.0),2017-04-26 11:00:00,Annual,From 20 to 64 years,Percentage
Poland,2019,Females,From 0 to 11 months,11.2,b,,ESTAT:LFSA_EGAD(1.0),2017-04-26 11:00:00,Annual,From 20 to 64 years,Percentage
Poland,2020,Females,From 0 to 11 months,9.7,,,ESTAT:LFSA_EGAD(1.0),2017-04-26 11:00:00,Annual,From 20 to 64 years,Percentage
Poland,2021,Females,From 0 to 11 months,9.0,b,,ESTAT:LFSA_EGAD(1.0),2017-04-26 11:00:00,Annual,From 20 to 64 years,Percentage
Poland,2022,Females,From 0 to 11 months,9.4,,,ESTAT:LFSA_EGAD(1.0),2017-04-26 11:00:00,Annual,From 20 to 64 years,Percentage
Poland,2023,Females,From 0 to 11 months,8.8,,,ESTAT:LFSA_EGAD(1.0),2017-04-26 11:00:00,Annual,From 20 to 64 years,Percentage
Poland,2024,Females,From 0 to 11 months,9.1,,,ESTAT:LFSA_EGAD(1.0),2017-04-26 11:00:00,Annual,From 20 to 64 years,Percentage
Poland,2025,Females,From 0 to 11 months,9.1,,,ESTAT:LFSA_EGAD(1.0),2017-04-26 11:00:00,Annual,From 20 to 64 years,Percentage
Portugal,2016,Females,From 0 to 11 months,14.1,,,ESTAT:LFSA_EGAD(1.0),2017-04-26 11:00:00,Annual,From 20 to 64 years,Percentage
Portugal,2017,Females,From 0 to 11 months,14.7,,,ESTAT:LFSA_EGAD(1.0),2017-04-26 11:00:00,Annual,From 20 to 64 years,Percentage
Portugal,2018,Females,From 0 to 11 months,14.9,,,ESTAT:LFSA_EGAD(1.0),2017-04-26 11:00:00,Annual,From 20 to 64 years,Percentage
Portugal,2019,Females,From 0 to 11 months,15.0,,,ESTAT:LFSA_EGAD(1.0),2017-04-26 11:00:00,Annual,From 20 to 64 years,Percentage
Portugal,2020,Females,From 0 to 11 months,12.5,,,ESTAT:LFSA_EGAD(1.0),2017-04-26 11:00:00,Annual,From 20 to 64 years,Percentage
Portugal,2021,Females,From 0 to 11 months,12.0,b,,ESTAT:LFSA_EGAD(1.0),2017-04-26 11:00:00,Annual,From 20 to 64 years,Percentage
Portugal,2022,Females,From 0 to 11 months,13.6,,,ESTAT:LFSA_EGAD(1.0),2017-04-26 11:00:00,Annual,From 20 to 64 years,Percentage
Portugal,2023,Females,From 0 to 11 months,14.5,,,ESTAT:LFSA_EGAD(1.0),2017-04-26 11:00:00,Annual,From 20 to 64 years,Percentage
Portugal,2024,Females,From 0 to 11 months,13.8,,,ESTAT:LFSA_EGAD(1.0),2017-04-26 11:00:00,Annual,From 20 to 64 years,Percentage
Portugal,2025,Females,From 0 to 11 months,13.2,,,ESTAT:LFSA_EGAD(1.0),2017-04-26 11:00:00,Annual,From 20 to 64 years,Percentage
Romania,2016,Females,From 0 to 11 months,4.1,,,ESTAT:LFSA_EGAD(1.0),2017-04-26 11:00:00,Annual,From 20 to 64 years,Percentage
Romania,2017,Females,From 0 to 11 months,5.3,,,ESTAT:LFSA_EGAD(1.0),2017-04-26 11:00:00,Annual,From 20 to 64 years,Percentage
Romania,2018,Females,From 0 to 11 months,4.3,,,ESTAT:LFSA_EGAD(1.0),2017-04-26 11:00:00,Annual,From 20 to 64 years,Percentage
Romania,2019,Females,From 0 to 11 months,4.4,,,ESTAT:LFSA_EGAD(1.0),2017-04-26 11:00:00,Annual,From 20 to 64 years,Percentage
Romania,2020,Females,From 0 to 11 months,3.7,,,ESTAT:LFSA_EGAD(1.0),2017-04-26 11:00:00,Annual,From 20 to 64 years,Percentage
Romania,2021,Females,From 0 to 11 months,4.5,b,,ESTAT:LFSA_EGAD(1.0),2017-04-26 11:00:00,Annual,From 20 to 64 years,Percentage
Romania,2022,Females,From 0 to 11 months,4.9,,,ESTAT:LFSA_EGAD(1.0),2017-04-26 11:00:00,Annual,From 20 to 64 years,Percentage
Romania,2023,Females,From 0 to 11 months,4.6,,,ESTAT:LFSA_EGAD(1.0),2017-04-26 11:00:00,Annual,From 20 to 64 years,Percentage
Romania,2024,Females,From 0 to 11 months,4.6,,,ESTAT:LFSA_EGAD(1.0),2017-04-26 11:00:00,Annual,From 20 to 64 years,Percentage
Romania,2025,Females,From 0 to 11 months,4.0,,,ESTAT:LFSA_EGAD(1.0),2017-04-26 11:00:00,Annual,From 20 to 64 years,Percentage
Serbia,2016,Females,From 0 to 11 months,13.5,,,ESTAT:LFSA_EGAD(1.0),2017-04-26 11:00:00,Annual,From 20 to 64 years,Percentage
Serbia,2017,Females,From 0 to 11 months,13.8,,,ESTAT:LFSA_EGAD(1.0),2017-04-26 11:00:00,Annual,From 20 to 64 years,Percentage
Serbia,2018,Females,From 0 to 11 months,14.0,,,ESTAT:LFSA_EGAD(1.0),2017-04-26 11:00:00,Annual,From 20 to 64 years,Percentage
Serbia,2019,Females,From 0 to 11 months,13.4,,,ESTAT:LFSA_EGAD(1.0),2017-04-26 11:00:00,Annual,From 20 to 64 years,Percentage
Serbia,2020,Females,From 0 to 11 months,12.0,,,ESTAT:LFSA_EGAD(1.0),2017-04-26 11:00:00,Annual,From 20 to 64 years,Percentage
Serbia,2021,Females,From 0 to 11 months,13.1,b,,ESTAT:LFSA_EGAD(1.0),2017-04-26 11:00:00,Annual,From 20 to 64 years,Percentage
Serbia,2022,Females,From 0 to 11 months,12.9,,,ESTAT:LFSA_EGAD(1.0),2017-04-26 11:00:00,Annual,From 20 to 64 years,Percentage
Serbia,2023,Females,From 0 to 11 months,13.0,,,ESTAT:LFSA_EGAD(1.0),2017-04-26 11:00:00,Annual,From 20 to 64 years,Percentage
Serbia,2024,Females,From 0 to 11 months,11.8,,,ESTAT:LFSA_EGAD(1.0),2017-04-26 11:00:00,Annual,From 20 to 64 years,Percentage
Serbia,2025,Females,From 0 to 11 months,10.3,,,ESTAT:LFSA_EGAD(1.0),2017-04-26 11:00:00,Annual,From 20 to 64 years,Percentage
Sweden,2016,Females,From 0 to 11 months,19.6,,,ESTAT:LFSA_EGAD(1.0),2017-04-26 11:00:00,Annual,From 20 to 64 years,Percentage
Sweden,2017,Females,From 0 to 11 months,20.1,,,ESTAT:LFSA_EGAD(1.0),2017-04-26 11:00:00,Annual,From 20 to 64 years,Percentage
Sweden,2018,Females,From 0 to 11 months,20.2,b,,ESTAT:LFSA_EGAD(1.0),2017-04-26 11:00:00,Annual,From 20 to 64 years,Percentage
Sweden,2019,Females,From 0 to 11 months,19.5,,,ESTAT:LFSA_EGAD(1.0),2017-04-26 11:00:00,Annual,From 20 to 64 years,Percentage
Sweden,2020,Females,From 0 to 11 months,17.5,,,ESTAT:LFSA_EGAD(1.0),2017-04-26 11:00:00,Annual,From 20 to 64 years,Percentage
Sweden,2021,Females,From 0 to 11 months,15.9,b,,ESTAT:LFSA_EGAD(1.0),2017-04-26 11:00:00,Annual,From 20 to 64 years,Percentage
Sweden,2022,Females,From 0 to 11 months,18.5,,,ESTAT:LFSA_EGAD(1.0),2017-04-26 11:00:00,Annual,From 20 to 64 years,Percentage
Sweden,2023,Females,From 0 to 11 months,17.4,,,ESTAT:LFSA_EGAD(1.0),2017-04-26 11:00:00,Annual,From 20 to 64 years,Percentage
Sweden,2024,Females,From 0 to 11 months,15.0,,,ESTAT:LFSA_EGAD(1.0),2017-04-26 11:00:00,Annual,From 20 to 64 years,Percentage
Sweden,2025,Females,From 0 to 11 months,13.8,,,ESTAT:LFSA_EGAD(1.0),2017-04-26 11:00:00,Annual,From 20 to 64 years,Percentage
Slovenia,2016,Females,From 0 to 11 months,11.6,,,ESTAT:LFSA_EGAD(1.0),2017-04-26 11:00:00,Annual,From 20 to 64 years,Percentage
Slovenia,2017,Females,From 0 to 11 months,13.7,,,ESTAT:LFSA_EGAD(1.0),2017-04-26 11:00:00,Annual,From 20 to 64 years,Percentage
Slovenia,2018,Females,From 0 to 11 months,11.9,,,ESTAT:LFSA_EGAD(1.0),2017-04-26 11:00:00,Annual,From 20 to 64 years,Percentage
Slovenia,2019,Females,From 0 to 11 months,12.4,,,ESTAT:LFSA_EGAD(1.0),2017-04-26 11:00:00,Annual,From 20 to 64 years,Percentage
Slovenia,2020,Females,From 0 to 11 months,11.3,,,ESTAT:LFSA_EGAD(1.0),2017-04-26 11:00:00,Annual,From 20 to 64 years,Percentage
Slovenia,2021,Females,From 0 to 11 months,12.1,b,,ESTAT:LFSA_EGAD(1.0),2017-04-26 11:00:00,Annual,From 20 to 64 years,Percentage
Slovenia,2022,Females,From 0 to 11 months,11.3,,,ESTAT:LFSA_EGAD(1.0),2017-04-26 11:00:00,Annual,From 20 to 64 years,Percentage
Slovenia,2023,Females,From 0 to 11 months,10.9,,,ESTAT:LFSA_EGAD(1.0),2017-04-26 11:00:00,Annual,From 20 to 64 years,Percentage
Slovenia,2024,Females,From 0 to 11 months,10.1,,,ESTAT:LFSA_EGAD(1.0),2017-04-26 11:00:00,Annual,From 20 to 64 years,Percentage
Slovenia,2025,Females,From 0 to 11 months,9.9,,,ESTAT:LFSA_EGAD(1.0),2017-04-26 11:00:00,Annual,From 20 to 64 years,Percentage
Slovakia,2016,Females,From 0 to 11 months,12.4,,,ESTAT:LFSA_EGAD(1.0),2017-04-26 11:00:00,Annual,From 20 to 64 years,Percentage
Slovakia,2017,Females,From 0 to 11 months,12.9,,,ESTAT:LFSA_EGAD(1.0),2017-04-26 11:00:00,Annual,From 20 to 64 years,Percentage
Slovakia,2018,Females,From 0 to 11 months,11.7,,,ESTAT:LFSA_EGAD(1.0),2017-04-26 11:00:00,Annual,From 20 to 64 years,Percentage
Slovakia,2019,Females,From 0 to 11 months,10.8,,,ESTAT:LFSA_EGAD(1.0),2017-04-26 11:00:00,Annual,From 20 to 64 years,Percentage
Slovakia,2020,Females,From 0 to 11 months,9.1,,,ESTAT:LFSA_EGAD(1.0),2017-04-26 11:00:00,Annual,From 20 to 64 years,Percentage
Slovakia,2021,Females,From 0 to 11 months,7.7,b,,ESTAT:LFSA_EGAD(1.0),2017-04-26 11:00:00,Annual,From 20 to 64 years,Percentage
Slovakia,2022,Females,From 0 to 11 months,7.3,,,ESTAT:LFSA_EGAD(1.0),2017-04-26 11:00:00,Annual,From 20 to 64 years,Percentage
Slovakia,2023,Females,From 0 to 11 months,7.8,,,ESTAT:LFSA_EGAD(1.0),2017-04-26 11:00:00,Annual,From 20 to 64 years,Percentage
Slovakia,2024,Females,From 0 to 11 months,7.4,,,ESTAT:LFSA_EGAD(1.0),2017-04-26 11:00:00,Annual,From 20 to 64 years,Percentage
Slovakia,2025,Females,From 0 to 11 months,6.2,,,ESTAT:LFSA_EGAD(1.0),2017-04-26 11:00:00,Annual,From 20 to 64 years,Percentage
Türkiye,2016,Females,From 0 to 11 months,24.4,,,ESTAT:LFSA_EGAD(1.0),2017-04-26 11:00:00,Annual,From 20 to 64 years,Percentage
Türkiye,2017,Females,From 0 to 11 months,24.9,,,ESTAT:LFSA_EGAD(1.0),2017-04-26 11:00:00,Annual,From 20 to 64 years,Percentage
Türkiye,2018,Females,From 0 to 11 months,26.1,,,ESTAT:LFSA_EGAD(1.0),2017-04-26 11:00:00,Annual,From 20 to 64 years,Percentage
Türkiye,2019,Females,From 0 to 11 months,24.1,,,ESTAT:LFSA_EGAD(1.0),2017-04-26 11:00:00,Annual,From 20 to 64 years,Percentage
Türkiye,2020,Females,From 0 to 11 months,22.4,,,ESTAT:LFSA_EGAD(1.0),2017-04-26 11:00:00,Annual,From 20 to 64 years,Percentage
Türkiye,2021,Females,From 0 to 11 months,23.8,b,,ESTAT:LFSA_EGAD(1.0),2017-04-26 11:00:00,Annual,From 20 to 64 years,Percentage
Türkiye,2022,Females,From 0 to 11 months,26.6,,,ESTAT:LFSA_EGAD(1.0),2017-04-26 11:00:00,Annual,From 20 to 64 years,Percentage
Türkiye,2023,Females,From 0 to 11 months,26.7,,,ESTAT:LFSA_EGAD(1.0),2017-04-26 11:00:00,Annual,From 20 to 64 years,Percentage
Türkiye,2024,Females,From 0 to 11 months,26.4,,,ESTAT:LFSA_EGAD(1.0),2017-04-26 11:00:00,Annual,From 20 to 64 years,Percentage
Türkiye,2025,Females,From 0 to 11 months,26.4,,,ESTAT:LFSA_EGAD(1.0),2017-04-26 11:00:00,Annual,From 20 to 64 years,Percentage
United Kingdom,2016,Females,From 0 to 11 months,15.7,,,ESTAT:LFSA_EGAD(1.0),2017-04-26 11:00:00,Annual,From 20 to 64 years,Percentage
United Kingdom,2017,Females,From 0 to 11 months,15.8,,,ESTAT:LFSA_EGAD(1.0),2017-04-26 11:00:00,Annual,From 20 to 64 years,Percentage
United Kingdom,2018,Females,From 0 to 11 months,15.2,,,ESTAT:LFSA_EGAD(1.0),2017-04-26 11:00:00,Annual,From 20 to 64 years,Percentage
United Kingdom,2019,Females,From 0 to 11 months,15.1,,,ESTAT:LFSA_EGAD(1.0),2017-04-26 11:00:00,Annual,From 20 to 64 years,Percentage
Austria,2016,Males,From 0 to 11 months,13.6,,,ESTAT:LFSA_EGAD(1.0),2017-04-26 11:00:00,Annual,From 20 to 64 years,Percentage
Austria,2017,Males,From 0 to 11 months,14.6,,,ESTAT:LFSA_EGAD(1.0),2017-04-26 11:00:00,Annual,From 20 to 64 years,Percentage
Austria,2018,Males,From 0 to 11 months,14.3,,,ESTAT:LFSA_EGAD(1.0),2017-04-26 11:00:00,Annual,From 20 to 64 years,Percentage
Austria,2019,Males,From 0 to 11 months,15.2,,,ESTAT:LFSA_EGAD(1.0),2017-04-26 11:00:00,Annual,From 20 to 64 years,Percentage
Austria,2020,Males,From 0 to 11 months,12.6,,,ESTAT:LFSA_EGAD(1.0),2017-04-26 11:00:00,Annual,From 20 to 64 years,Percentage
Austria,2021,Males,From 0 to 11 months,13.3,b,,ESTAT:LFSA_EGAD(1.0),2017-04-26 11:00:00,Annual,From 20 to 64 years,Percentage
Austria,2022,Males,From 0 to 11 months,13.6,,,ESTAT:LFSA_EGAD(1.0),2017-04-26 11:00:00,Annual,From 20 to 64 years,Percentage
Austria,2023,Males,From 0 to 11 months,13.5,,,ESTAT:LFSA_EGAD(1.0),2017-04-26 11:00:00,Annual,From 20 to 64 years,Percentage
Austria,2024,Males,From 0 to 11 months,13.0,,,ESTAT:LFSA_EGAD(1.0),2017-04-26 11:00:00,Annual,From 20 to 64 years,Percentage
Austria,2025,Males,From 0 to 11 months,12.7,,,ESTAT:LFSA_EGAD(1.0),2017-04-26 11:00:00,Annual,From 20 to 64 years,Percentage
Bosnia and Herzegovina,2021,Males,From 0 to 11 months,6.3,b,,ESTAT:LFSA_EGAD(1.0),2017-04-26 11:00:00,Annual,From 20 to 64 years,Percentage
Bosnia and Herzegovina,2022,Males,From 0 to 11 months,4.5,,,ESTAT:LFSA_EGAD(1.0),2017-04-26 11:00:00,Annual,From 20 to 64 years,Percentage
Bosnia and Herzegovina,2023,Males,From 0 to 11 months,3.5,,,ESTAT:LFSA_EGAD(1.0),2017-04-26 11:00:00,Annual,From 20 to 64 years,Percentage
Bosnia and Herzegovina,2024,Males,From 0 to 11 months,4.2,,,ESTAT:LFSA_EGAD(1.0),2017-04-26 11:00:00,Annual,From 20 to 64 years,Percentage
Bosnia and Herzegovina,2025,Males,From 0 to 11 months,3.7,,,ESTAT:LFSA_EGAD(1.0),2017-04-26 11:00:00,Annual,From 20 to 64 years,Percentage
Belgium,2016,Males,From 0 to 11 months,11.1,,,ESTAT:LFSA_EGAD(1.0),2017-04-26 11:00:00,Annual,From 20 to 64 years,Percentage
Belgium,2017,Males,From 0 to 11 months,11.5,b,,ESTAT:LFSA_EGAD(1.0),2017-04-26 11:00:00,Annual,From 20 to 64 years,Percentage
Belgium,2018,Males,From 0 to 11 months,10.9,,,ESTAT:LFSA_EGAD(1.0),2017-04-26 11:00:00,Annual,From 20 to 64 years,Percentage
Belgium,2019,Males,From 0 to 11 months,11.2,,,ESTAT:LFSA_EGAD(1.0),2017-04-26 11:00:00,Annual,From 20 to 64 years,Percentage
Belgium,2020,Males,From 0 to 11 months,10.4,,,ESTAT:LFSA_EGAD(1.0),2017-04-26 11:00:00,Annual,From 20 to 64 years,Percentage
Belgium,2021,Males,From 0 to 11 months,11.7,b,,ESTAT:LFSA_EGAD(1.0),2017-04-26 11:00:00,Annual,From 20 to 64 years,Percentage
Belgium,2022,Males,From 0 to 11 months,11.9,,,ESTAT:LFSA_EGAD(1.0),2017-04-26 11:00:00,Annual,From 20 to 64 years,Percentage
Belgium,2023,Males,From 0 to 11 months,11.1,,,ESTAT:LFSA_EGAD(1.0),2017-04-26 11:00:00,Annual,From 20 to 64 years,Percentage
Belgium,2024,Males,From 0 to 11 months,10.8,,,ESTAT:LFSA_EGAD(1.0),2017-04-26 11:00:00,Annual,From 20 to 64 years,Percentage
Belgium,2025,Males,From 0 to 11 months,12.1,,,ESTAT:LFSA_EGAD(1.0),2017-04-26 11:00:00,Annual,From 20 to 64 years,Percentage
Bulgaria,2016,Males,From 0 to 11 months,9.8,,,ESTAT:LFSA_EGAD(1.0),2017-04-26 11:00:00,Annual,From 20 to 64 years,Percentage
Bulgaria,2017,Males,From 0 to 11 months,10.2,,,ESTAT:LFSA_EGAD(1.0),2017-04-26 11:00:00,Annual,From 20 to 64 years,Percentage
Bulgaria,2018,Males,From 0 to 11 months,8.5,,,ESTAT:LFSA_EGAD(1.0),2017-04-26 11:00:00,Annual,From 20 to 64 years,Percentage
Bulgaria,2019,Males,From 0 to 11 months,8.3,b,,ESTAT:LFSA_EGAD(1.0),2017-04-26 11:00:00,Annual,From 20 to 64 years,Percentage
Bulgaria,2020,Males,From 0 to 11 months,6.7,,,ESTAT:LFSA_EGAD(1.0),2017-04-26 11:00:00,Annual,From 20 to 64 years,Percentage
Bulgaria,2021,Males,From 0 to 11 months,7.3,b,,ESTAT:LFSA_EGAD(1.0),2017-04-26 11:00:00,Annual,From 20 to 64 years,Percentage
Bulgaria,2022,Males,From 0 to 11 months,7.5,,,ESTAT:LFSA_EGAD(1.0),2017-04-26 11:00:00,Annual,From 20 to 64 years,Percentage
Bulgaria,2023,Males,From 0 to 11 months,6.9,,,ESTAT:LFSA_EGAD(1.0),2017-04-26 11:00:00,Annual,From 20 to 64 years,Percentage
Bulgaria,2024,Males,From 0 to 11 months,5.9,b,,ESTAT:LFSA_EGAD(1.0),2017-04-26 11:00:00,Annual,From 20 to 64 years,Percentage
Bulgaria,2025,Males,From 0 to 11 months,6.2,,,ESTAT:LFSA_EGAD(1.0),2017-04-26 11:00:00,Annual,From 20 to 64 years,Percentage
Switzerland,2016,Males,From 0 to 11 months,14.2,,,ESTAT:LFSA_EGAD(1.0),2017-04-26 11:00:00,Annual,From 20 to 64 years,Percentage
Switzerland,2017,Males,From 0 to 11 months,14.8,,,ESTAT:LFSA_EGAD(1.0),2017-04-26 11:00:00,Annual,From 20 to 64 years,Percentage
Switzerland,2018,Males,From 0 to 11 months,15.7,,,ESTAT:LFSA_EGAD(1.0),2017-04-26 11:00:00,Annual,From 20 to 64 years,Percentage
Switzerland,2019,Males,From 0 to 11 months,15.6,,,ESTAT:LFSA_EGAD(1.0),2017-04-26 11:00:00,Annual,From 20 to 64 years,Percentage
Switzerland,2020,Males,From 0 to 11 months,15.1,,,ESTAT:LFSA_EGAD(1.0),2017-04-26 11:00:00,Annual,From 20 to 64 years,Percentage
Switzerland,2021,Males,From 0 to 11 months,14.5,b,,ESTAT:LFSA_EGAD(1.0),2017-04-26 11:00:00,Annual,From 20 to 64 years,Percentage
Switzerland,2022,Males,From 0 to 11 months,15.1,,,ESTAT:LFSA_EGAD(1.0),2017-04-26 11:00:00,Annual,From 20 to 64 years,Percentage
Switzerland,2023,Males,From 0 to 11 months,15.6,,,ESTAT:LFSA_EGAD(1.0),2017-04-26 11:00:00,Annual,From 20 to 64 years,Percentage
Switzerland,2024,Males,From 0 to 11 months,15.0,,,ESTAT:LFSA_EGAD(1.0),2017-04-26 11:00:00,Annual,From 20 to 64 years,Percentage
Switzerland,2025,Males,From 0 to 11 months,14.2,,,ESTAT:LFSA_EGAD(1.0),2017-04-26 11:00:00,Annual,From 20 to 64 years,Percentage
Cyprus,2016,Males,From 0 to 11 months,18.5,,,ESTAT:LFSA_EGAD(1.0),2017-04-26 11:00:00,Annual,From 20 to 64 years,Percentage
Cyprus,2017,Males,From 0 to 11 months,18.9,,,ESTAT:LFSA_EGAD(1.0),2017-04-26 11:00:00,Annual,From 20 to 64 years,Percentage
Cyprus,2018,Males,From 0 to 11 months,18.5,,,ESTAT:LFSA_EGAD(1.0),2017-04-26 11:00:00,Annual,From 20 to 64 years,Percentage
Cyprus,2019,Males,From 0 to 11 months,17.1,,,ESTAT:LFSA_EGAD(1.0),2017-04-26 11:00:00,Annual,From 20 to 64 years,Percentage
Cyprus,2020,Males,From 0 to 11 months,15.9,,,ESTAT:LFSA_EGAD(1.0),2017-04-26 11:00:00,Annual,From 20 to 64 years,Percentage
Cyprus,2021,Males,From 0 to 11 months,16.2,b,,ESTAT:LFSA_EGAD(1.0),2017-04-26 11:00:00,Annual,From 20 to 64 years,Percentage
Cyprus,2022,Males,From 0 to 11 months,16.1,,,ESTAT:LFSA_EGAD(1.0),2017-04-26 11:00:00,Annual,From 20 to 64 years,Percentage
Cyprus,2023,Males,From 0 to 11 months,15.8,,,ESTAT:LFSA_EGAD(1.0),2017-04-26 11:00:00,Annual,From 20 to 64 years,Percentage
Cyprus,2024,Males,From 0 to 11 months,15.6,,,ESTAT:LFSA_EGAD(1.0),2017-04-26 11:00:00,Annual,From 20 to 64 years,Percentage
Cyprus,2025,Males,From 0 to 11 months,14.8,,,ESTAT:LFSA_EGAD(1.0),2017-04-26 11:00:00,Annual,From 20 to 64 years,Percentage
Czechia,2016,Males,From 0 to 11 months,8.5,,,ESTAT:LFSA_EGAD(1.0),2017-04-26 11:00:00,Annual,From 20 to 64 years,Percentage
Czechia,2017,Males,From 0 to 11 months,8.6,,,ESTAT:LFSA_EGAD(1.0),2017-04-26 11:00:00,Annual,From 20 to 64 years,Percentage
Czechia,2018,Males,From 0 to 11 months,8.1,,,ESTAT:LFSA_EGAD(1.0),2017-04-26 11:00:00,Annual,From 20 to 64 years,Percentage
Czechia,2019,Males,From 0 to 11 months,7.6,,,ESTAT:LFSA_EGAD(1.0),2017-04-26 11:00:00,Annual,From 20 to 64 years,Percentage
Czechia,2020,Males,From 0 to 11 months,7.2,,,ESTAT:LFSA_EGAD(1.0),2017-04-26 11:00:00,Annual,From 20 to 64 years,Percentage
Czechia,2021,Males,From 0 to 11 months,6.9,b,,ESTAT:LFSA_EGAD(1.0),2017-04-26 11:00:00,Annual,From 20 to 64 years,Percentage
Czechia,2022,Males,From 0 to 11 months,7.4,,,ESTAT:LFSA_EGAD(1.0),2017-04-26 11:00:00,Annual,From 20 to 64 years,Percentage
Czechia,2023,Males,From 0 to 11 months,6.9,,,ESTAT:LFSA_EGAD(1.0),2017-04-26 11:00:00,Annual,From 20 to 64 years,Percentage
Czechia,2024,Males,From 0 to 11 months,6.7,,,ESTAT:LFSA_EGAD(1.0),2017-04-26 11:00:00,Annual,From 20 to 64 years,Percentage
Czechia,2025,Males,From 0 to 11 months,7.1,,,ESTAT:LFSA_EGAD(1.0),2017-04-26 11:00:00,Annual,From 20 to 64 years,Percentage
Germany,2016,Males,From 0 to 11 months,12.0,,,ESTAT:LFSA_EGAD(1.0),2017-04-26 11:00:00,Annual,From 20 to 64 years,Percentage
Germany,2017,Males,From 0 to 11 months,12.1,,,ESTAT:LFSA_EGAD(1.0),2017-04-26 11:00:00,Annual,From 20 to 64 years,Percentage
Germany,2018,Males,From 0 to 11 months,12.5,,,ESTAT:LFSA_EGAD(1.0),2017-04-26 11:00:00,Annual,From 20 to 64 years,Percentage
Germany,2019,Males,From 0 to 11 months,12.2,,,ESTAT:LFSA_EGAD(1.0),2017-04-26 11:00:00,Annual,From 20 to 64 years,Percentage
Germany,2020,Males,From 0 to 11 months,11.2,b,,ESTAT:LFSA_EGAD(1.0),2017-04-26 11:00:00,Annual,From 20 to 64 years,Percentage
Germany,2021,Males,From 0 to 11 months,12.1,b,,ESTAT:LFSA_EGAD(1.0),2017-04-26 11:00:00,Annual,From 20 to 64 years,Percentage
Germany,2022,Males,From 0 to 11 months,14.0,,,ESTAT:LFSA_EGAD(1.0),2017-04-26 11:00:00,Annual,From 20 to 64 years,Percentage
Germany,2023,Males,From 0 to 11 months,13.7,,,ESTAT:LFSA_EGAD(1.0),2017-04-26 11:00:00,Annual,From 20 to 64 years,Percentage
Germany,2024,Males,From 0 to 11 months,13.0,,,ESTAT:LFSA_EGAD(1.0),2017-04-26 11:00:00,Annual,From 20 to 64 years,Percentage
Germany,2025,Males,From 0 to 11 months,12.7,,,ESTAT:LFSA_EGAD(1.0),2017-04-26 11:00:00,Annual,From 20 to 64 years,Percentage
Denmark,2016,Males,From 0 to 11 months,19.9,b,,ESTAT:LFSA_EGAD(1.0),2017-04-26 11:00:00,Annual,From 20 to 64 years,Percentage
Denmark,2017,Males,From 0 to 11 months,20.2,b,,ESTAT:LFSA_EGAD(1.0),2017-04-26 11:00:00,Annual,From 20 to 64 years,Percentage
Denmark,2018,Males,From 0 to 11 months,17.6,,,ESTAT:LFSA_EGAD(1.0),2017-04-26 11:00:00,Annual,From 20 to 64 years,Percentage
Denmark,2019,Males,From 0 to 11 months,17.7,,,ESTAT:LFSA_EGAD(1.0),2017-04-26 11:00:00,Annual,From 20 to 64 years,Percentage
Denmark,2020,Males,From 0 to 11 months,16.6,,,ESTAT:LFSA_EGAD(1.0),2017-04-26 11:00:00,Annual,From 20 to 64 years,Percentage
Denmark,2021,Males,From 0 to 11 months,18.1,b,,ESTAT:LFSA_EGAD(1.0),2017-04-26 11:00:00,Annual,From 20 to 64 years,Percentage
Denmark,2022,Males,From 0 to 11 months,19.5,,,ESTAT:LFSA_EGAD(1.0),2017-04-26 11:00:00,Annual,From 20 to 64 years,Percentage
Denmark,2023,Males,From 0 to 11 months,18.8,b,,ESTAT:LFSA_EGAD(1.0),2017-04-26 11:00:00,Annual,From 20 to 64 years,Percentage
Denmark,2024,Males,From 0 to 11 months,18.7,,,ESTAT:LFSA_EGAD(1.0),2017-04-26 11:00:00,Annual,From 20 to 64 years,Percentage
Denmark,2025,Males,From 0 to 11 months,18.2,,,ESTAT:LFSA_EGAD(1.0),2017-04-26 11:00:00,Annual,From 20 to 64 years,Percentage
Euro area – 21 countries (from 2026),2016,Males,From 0 to 11 months,12.5,,,ESTAT:LFSA_EGAD(1.0),2017-04-26 11:00:00,Annual,From 20 to 64 years,Percentage
Euro area – 21 countries (from 2026),2017,Males,From 0 to 11 months,12.9,,,ESTAT:LFSA_EGAD(1.0),2017-04-26 11:00:00,Annual,From 20 to 64 years,Percentage
Euro area – 21 countries (from 2026),2018,Males,From 0 to 11 months,13.1,,,ESTAT:LFSA_EGAD(1.0),2017-04-26 11:00:00,Annual,From 20 to 64 years,Percentage
Euro area – 21 countries (from 2026),2019,Males,From 0 to 11 months,13.1,,,ESTAT:LFSA_EGAD(1.0),2017-04-26 11:00:00,Annual,From 20 to 64 years,Percentage
Euro area – 21 countries (from 2026),2020,Males,From 0 to 11 months,11.5,,,ESTAT:LFSA_EGAD(1.0),2017-04-26 11:00:00,Annual,From 20 to 64 years,Percentage
Euro area – 21 countries (from 2026),2021,Males,From 0 to 11 months,12.5,b,,ESTAT:LFSA_EGAD(1.0),2017-04-26 11:00:00,Annual,From 20 to 64 years,Percentage
Euro area – 21 countries (from 2026),2022,Males,From 0 to 11 months,13.7,,,ESTAT:LFSA_EGAD(1.0),2017-04-26 11:00:00,Annual,From 20 to 64 years,Percentage
Euro area – 21 countries (from 2026),2023,Males,From 0 to 11 months,13.3,,,ESTAT:LFSA_EGAD(1.0),2017-04-26 11:00:00,Annual,From 20 to 64 years,Percentage
Euro area – 21 countries (from 2026),2024,Males,From 0 to 11 months,12.4,,,ESTAT:LFSA_EGAD(1.0),2017-04-26 11:00:00,Annual,From 20 to 64 years,Percentage
Euro area – 21 countries (from 2026),2025,Males,From 0 to 11 months,11.8,,,ESTAT:LFSA_EGAD(1.0),2017-04-26 11:00:00,Annual,From 20 to 64 years,Percentage
Estonia,2016,Males,From 0 to 11 months,15.2,,,ESTAT:LFSA_EGAD(1.0),2017-04-26 11:00:00,Annual,From 20 to 64 years,Percentage
Estonia,2017,Males,From 0 to 11 months,15.7,,,ESTAT:LFSA_EGAD(1.0),2017-04-26 11:00:00,Annual,From 20 to 64 years,Percentage
Estonia,2018,Males,From 0 to 11 months,16.7,,,ESTAT:LFSA_EGAD(1.0),2017-04-26 11:00:00,Annual,From 20 to 64 years,Percentage
Estonia,2019,Males,From 0 to 11 months,15.4,,,ESTAT:LFSA_EGAD(1.0),2017-04-26 11:00:00,Annual,From 20 to 64 years,Percentage
Estonia,2020,Males,From 0 to 11 months,14.3,,,ESTAT:LFSA_EGAD(1.0),2017-04-26 11:00:00,Annual,From 20 to 64 years,Percentage
Estonia,2021,Males,From 0 to 11 months,14.8,b,,ESTAT:LFSA_EGAD(1.0),2017-04-26 11:00:00,Annual,From 20 to 64 years,Percentage
Estonia,2022,Males,From 0 to 11 months,16.4,,,ESTAT:LFSA_EGAD(1.0),2017-04-26 11:00:00,Annual,From 20 to 64 years,Percentage
Estonia,2023,Males,From 0 to 11 months,14.5,,,ESTAT:LFSA_EGAD(1.0),2017-04-26 11:00:00,Annual,From 20 to 64 years,Percentage
Estonia,2024,Males,From 0 to 11 months,14.9,,,ESTAT:LFSA_EGAD(1.0),2017-04-26 11:00:00,Annual,From 20 to 64 years,Percentage
Estonia,2025,Males,From 0 to 11 months,15.7,,,ESTAT:LFSA_EGAD(1.0),2017-04-26 11:00:00,Annual,From 20 to 64 years,Percentage
Greece,2016,Males,From 0 to 11 months,9.0,,,ESTAT:LFSA_EGAD(1.0),2017-04-26 11:00:00,Annual,From 20 to 64 years,Percentage
Greece,2017,Males,From 0 to 11 months,8.9,,,ESTAT:LFSA_EGAD(1.0),2017-04-26 11:00:00,Annual,From 20 to 64 years,Percentage
Greece,2018,Males,From 0 to 11 months,8.9,,,ESTAT:LFSA_EGAD(1.0),2017-04-26 11:00:00,Annual,From 20 to 64 years,Percentage
Greece,2019,Males,From 0 to 11 months,9.8,,,ESTAT:LFSA_EGAD(1.0),2017-04-26 11:00:00,Annual,From 20 to 64 years,Percentage
Greece,2020,Males,From 0 to 11 months,8.1,,,ESTAT:LFSA_EGAD(1.0),2017-04-26 11:00:00,Annual,From 20 to 64 years,Percentage
Greece,2021,Males,From 0 to 11 months,8.8,b,,ESTAT:LFSA_EGAD(1.0),2017-04-26 11:00:00,Annual,From 20 to 64 years,Percentage
Greece,2022,Males,From 0 to 11 months,8.5,,,ESTAT:LFSA_EGAD(1.0),2017-04-26 11:00:00,Annual,From 20 to 64 years,Percentage
Greece,2023,Males,From 0 to 11 months,8.2,,,ESTAT:LFSA_EGAD(1.0),2017-04-26 11:00:00,Annual,From 20 to 64 years,Percentage
Greece,2024,Males,From 0 to 11 months,7.6,,,ESTAT:LFSA_EGAD(1.0),2017-04-26 11:00:00,Annual,From 20 to 64 years,Percentage
Greece,2025,Males,From 0 to 11 months,7.4,,,ESTAT:LFSA_EGAD(1.0),2017-04-26 11:00:00,Annual,From 20 to 64 years,Percentage
Spain,2016,Males,From 0 to 11 months,16.8,,,ESTAT:LFSA_EGAD(1.0),2017-04-26 11:00:00,Annual,From 20 to 64 years,Percentage
Spain,2017,Males,From 0 to 11 months,16.9,,,ESTAT:LFSA_EGAD(1.0),2017-04-26 11:00:00,Annual,From 20 to 64 years,Percentage
Spain,2018,Males,From 0 to 11 months,17.2,,,ESTAT:LFSA_EGAD(1.0),2017-04-26 11:00:00,Annual,From 20 to 64 years,Percentage
Spain,2019,Males,From 0 to 11 months,16.8,,,ESTAT:LFSA_EGAD(1.0),2017-04-26 11:00:00,Annual,From 20 to 64 years,Percentage
Spain,2020,Males,From 0 to 11 months,14.1,,,ESTAT:LFSA_EGAD(1.0),2017-04-26 11:00:00,Annual,From 20 to 64 years,Percentage
Spain,2021,Males,From 0 to 11 months,15.4,bd,,ESTAT:LFSA_EGAD(1.0),2017-04-26 11:00:00,Annual,From 20 to 64 years,Percentage
Spain,2022,Males,From 0 to 11 months,16.7,d,,ESTAT:LFSA_EGAD(1.0),2017-04-26 11:00:00,Annual,From 20 to 64 years,Percentage
Spain,2023,Males,From 0 to 11 months,16.5,d,,ESTAT:LFSA_EGAD(1.0),2017-04-26 11:00:00,Annual,From 20 to 64 years,Percentage
Spain,2024,Males,From 0 to 11 months,15.9,d,,ESTAT:LFSA_EGAD(1.0),2017-04-26 11:00:00,Annual,From 20 to 64 years,Percentage
Spain,2025,Males,From 0 to 11 months,15.9,d,,ESTAT:LFSA_EGAD(1.0),2017-04-26 11:00:00,Annual,From 20 to 64 years,Percentage
European Union - 27 countries (from 2020),2016,Males,From 0 to 11 months,12.2,,,ESTAT:LFSA_EGAD(1.0),2017-04-26 11:00:00,Annual,From 20 to 64 years,Percentage
European Union - 27 countries (from 2020),2017,Males,From 0 to 11 months,12.5,,,ESTAT:LFSA_EGAD(1.0),2017-04-26 11:00:00,Annual,From 20 to 64 years,Percentage
European Union - 27 countries (from 2020),2018,Males,From 0 to 11 months,12.6,,,ESTAT:LFSA_EGAD(1.0),2017-04-26 11:00:00,Annual,From 20 to 64 years,Percentage
European Union - 27 countries (from 2020),2019,Males,From 0 to 11 months,12.5,,,ESTAT:LFSA_EGAD(1.0),2017-04-26 11:00:00,Annual,From 20 to 64 years,Percentage
European Union - 27 countries (from 2020),2020,Males,From 0 to 11 months,11.0,,,ESTAT:LFSA_EGAD(1.0),2017-04-26 11:00:00,Annual,From 20 to 64 years,Percentage
European Union - 27 countries (from 2020),2021,Males,From 0 to 11 months,11.8,b,,ESTAT:LFSA_EGAD(1.0),2017-04-26 11:00:00,Annual,From 20 to 64 years,Percentage
European Union - 27 countries (from 2020),2022,Males,From 0 to 11 months,12.9,,,ESTAT:LFSA_EGAD(1.0),2017-04-26 11:00:00,Annual,From 20 to 64 years,Percentage
European Union - 27 countries (from 2020),2023,Males,From 0 to 11 months,12.5,,,ESTAT:LFSA_EGAD(1.0),2017-04-26 11:00:00,Annual,From 20 to 64 years,Percentage
European Union - 27 countries (from 2020),2024,Males,From 0 to 11 months,11.7,,,ESTAT:LFSA_EGAD(1.0),2017-04-26 11:00:00,Annual,From 20 to 64 years,Percentage
European Union - 27 countries (from 2020),2025,Males,From 0 to 11 months,11.3,,,ESTAT:LFSA_EGAD(1.0),2017-04-26 11:00:00,Annual,From 20 to 64 years,Percentage
Finland,2016,Males,From 0 to 11 months,16.8,,,ESTAT:LFSA_EGAD(1.0),2017-04-26 11:00:00,Annual,From 20 to 64 years,Percentage
Finland,2017,Males,From 0 to 11 months,17.7,,,ESTAT:LFSA_EGAD(1.0),2017-04-26 11:00:00,Annual,From 20 to 64 years,Percentage
Finland,2018,Males,From 0 to 11 months,18.5,,,ESTAT:LFSA_EGAD(1.0),2017-04-26 11:00:00,Annual,From 20 to 64 years,Percentage
Finland,2019,Males,From 0 to 11 months,18.0,,,ESTAT:LFSA_EGAD(1.0),2017-04-26 11:00:00,Annual,From 20 to 64 years,Percentage
Finland,2020,Males,From 0 to 11 months,16.0,,,ESTAT:LFSA_EGAD(1.0),2017-04-26 11:00:00,Annual,From 20 to 64 years,Percentage
Finland,2021,Males,From 0 to 11 months,17.0,b,,ESTAT:LFSA_EGAD(1.0),2017-04-26 11:00:00,Annual,From 20 to 64 years,Percentage
Finland,2022,Males,From 0 to 11 months,17.9,,,ESTAT:LFSA_EGAD(1.0),2017-04-26 11:00:00,Annual,From 20 to 64 years,Percentage
Finland,2023,Males,From 0 to 11 months,16.7,,,ESTAT:LFSA_EGAD(1.0),2017-04-26 11:00:00,Annual,From 20 to 64 years,Percentage
Finland,2024,Males,From 0 to 11 months,15.3,,,ESTAT:LFSA_EGAD(1.0),2017-04-26 11:00:00,Annual,From 20 to 64 years,Percentage
Finland,2025,Males,From 0 to 11 months,14.6,,,ESTAT:LFSA_EGAD(1.0),2017-04-26 11:00:00,Annual,From 20 to 64 years,Percentage
France,2016,Males,From 0 to 11 months,12.6,,,ESTAT:LFSA_EGAD(1.0),2017-04-26 11:00:00,Annual,From 20 to 64 years,Percentage
France,2017,Males,From 0 to 11 months,13.1,,,ESTAT:LFSA_EGAD(1.0),2017-04-26 11:00:00,Annual,From 20 to 64 years,Percentage
France,2018,Males,From 0 to 11 months,13.8,,,ESTAT:LFSA_EGAD(1.0),2017-04-26 11:00:00,Annual,From 20 to 64 years,Percentage
France,2019,Males,From 0 to 11 months,14.0,,,ESTAT:LFSA_EGAD(1.0),2017-04-26 11:00:00,Annual,From 20 to 64 years,Percentage
France,2020,Males,From 0 to 11 months,12.5,,,ESTAT:LFSA_EGAD(1.0),2017-04-26 11:00:00,Annual,From 20 to 64 years,Percentage
France,2021,Males,From 0 to 11 months,13.9,bd,,ESTAT:LFSA_EGAD(1.0),2017-04-26 11:00:00,Annual,From 20 to 64 years,Percentage
France,2022,Males,From 0 to 11 months,15.1,d,,ESTAT:LFSA_EGAD(1.0),2017-04-26 11:00:00,Annual,From 20 to 64 years,Percentage
France,2023,Males,From 0 to 11 months,14.4,d,,ESTAT:LFSA_EGAD(1.0),2017-04-26 11:00:00,Annual,From 20 to 64 years,Percentage
France,2024,Males,From 0 to 11 months,13.6,d,,ESTAT:LFSA_EGAD(1.0),2017-04-26 11:00:00,Annual,From 20 to 64 years,Percentage
France,2025,Males,From 0 to 11 months,13.0,d,,ESTAT:LFSA_EGAD(1.0),2017-04-26 11:00:00,Annual,From 20 to 64 years,Percentage
Croatia,2016,Males,From 0 to 11 months,14.1,,,ESTAT:LFSA_EGAD(1.0),2017-04-26 11:00:00,Annual,From 20 to 64 years,Percentage
Croatia,2017,Males,From 0 to 11 months,13.6,,,ESTAT:LFSA_EGAD(1.0),2017-04-26 11:00:00,Annual,From 20 to 64 years,Percentage
Croatia,2018,Males,From 0 to 11 months,13.4,,,ESTAT:LFSA_EGAD(1.0),2017-04-26 11:00:00,Annual,From 20 to 64 years,Percentage
Croatia,2019,Males,From 0 to 11 months,10.8,,,ESTAT:LFSA_EGAD(1.0),2017-04-26 11:00:00,Annual,From 20 to 64 years,Percentage
Croatia,2020,Males,From 0 to 11 months,8.3,,,ESTAT:LFSA_EGAD(1.0),2017-04-26 11:00:00,Annual,From 20 to 64 years,Percentage
Croatia,2021,Males,From 0 to 11 months,9.7,b,,ESTAT:LFSA_EGAD(1.0),2017-04-26 11:00:00,Annual,From 20 to 64 years,Percentage
Croatia,2022,Males,From 0 to 11 months,10.7,,,ESTAT:LFSA_EGAD(1.0),2017-04-26 11:00:00,Annual,From 20 to 64 years,Percentage
Croatia,2023,Males,From 0 to 11 months,8.6,,,ESTAT:LFSA_EGAD(1.0),2017-04-26 11:00:00,Annual,From 20 to 64 years,Percentage
Croatia,2024,Males,From 0 to 11 months,8.3,,,ESTAT:LFSA_EGAD(1.0),2017-04-26 11:00:00,Annual,From 20 to 64 years,Percentage
Croatia,2025,Males,From 0 to 11 months,8.3,,,ESTAT:LFSA_EGAD(1.0),2017-04-26 11:00:00,Annual,From 20 to 64 years,Percentage
Hungary,2016,Males,From 0 to 11 months,13.1,,,ESTAT:LFSA_EGAD(1.0),2017-04-26 11:00:00,Annual,From 20 to 64 years,Percentage
Hungary,2017,Males,From 0 to 11 months,12.7,,,ESTAT:LFSA_EGAD(1.0),2017-04-26 11:00:00,Annual,From 20 to 64 years,Percentage
Hungary,2018,Males,From 0 to 11 months,12.1,b,,ESTAT:LFSA_EGAD(1.0),2017-04-26 11:00:00,Annual,From 20 to 64 years,Percentage
Hungary,2019,Males,From 0 to 11 months,12.8,,,ESTAT:LFSA_EGAD(1.0),2017-04-26 11:00:00,Annual,From 20 to 64 years,Percentage
Hungary,2020,Males,From 0 to 11 months,12.3,,,ESTAT:LFSA_EGAD(1.0),2017-04-26 11:00:00,Annual,From 20 to 64 years,Percentage
Hungary,2021,Males,From 0 to 11 months,12.7,b,,ESTAT:LFSA_EGAD(1.0),2017-04-26 11:00:00,Annual,From 20 to 64 years,Percentage
Hungary,2022,Males,From 0 to 11 months,12.7,,,ESTAT:LFSA_EGAD(1.0),2017-04-26 11:00:00,Annual,From 20 to 64 years,Percentage
Hungary,2023,Males,From 0 to 11 months,11.6,,,ESTAT:LFSA_EGAD(1.0),2017-04-26 11:00:00,Annual,From 20 to 64 years,Percentage
Hungary,2024,Males,From 0 to 11 months,11.5,,,ESTAT:LFSA_EGAD(1.0),2017-04-26 11:00:00,Annual,From 20 to 64 years,Percentage
Hungary,2025,Males,From 0 to 11 months,11.2,,,ESTAT:LFSA_EGAD(1.0),2017-04-26 11:00:00,Annual,From 20 to 64 years,Percentage
Ireland,2016,Males,From 0 to 11 months,15.0,,,ESTAT:LFSA_EGAD(1.0),2017-04-26 11:00:00,Annual,From 20 to 64 years,Percentage
Ireland,2017,Males,From 0 to 11 months,14.6,b,,ESTAT:LFSA_EGAD(1.0),2017-04-26 11:00:00,Annual,From 20 to 64 years,Percentage
Ireland,2018,Males,From 0 to 11 months,15.1,,,ESTAT:LFSA_EGAD(1.0),2017-04-26 11:00:00,Annual,From 20 to 64 years,Percentage
Ireland,2019,Males,From 0 to 11 months,14.8,,,ESTAT:LFSA_EGAD(1.0),2017-04-26 11:00:00,Annual,From 20 to 64 years,Percentage
Ireland,2020,Males,From 0 to 11 months,13.1,,,ESTAT:LFSA_EGAD(1.0),2017-04-26 11:00:00,Annual,From 20 to 64 years,Percentage
Ireland,2021,Males,From 0 to 11 months,13.4,b,,ESTAT:LFSA_EGAD(1.0),2017-04-26 11:00:00,Annual,From 20 to 64 years,Percentage
Ireland,2022,Males,From 0 to 11 months,15.3,,,ESTAT:LFSA_EGAD(1.0),2017-04-26 11:00:00,Annual,From 20 to 64 years,Percentage
Ireland,2023,Males,From 0 to 11 months,14.2,,,ESTAT:LFSA_EGAD(1.0),2017-04-26 11:00:00,Annual,From 20 to 64 years,Percentage
Ireland,2024,Males,From 0 to 11 months,13.8,,,ESTAT:LFSA_EGAD(1.0),2017-04-26 11:00:00,Annual,From 20 to 64 years,Percentage
Ireland,2025,Males,From 0 to 11 months,13.8,,,ESTAT:LFSA_EGAD(1.0),2017-04-26 11:00:00,Annual,From 20 to 64 years,Percentage
Iceland,2016,Males,From 0 to 11 months,16.9,,,ESTAT:LFSA_EGAD(1.0),2017-04-26 11:00:00,Annual,From 20 to 64 years,Percentage
Iceland,2017,Males,From 0 to 11 months,17.5,,,ESTAT:LFSA_EGAD(1.0),2017-04-26 11:00:00,Annual,From 20 to 64 years,Percentage
Iceland,2018,Males,From 0 to 11 months,16.9,,,ESTAT:LFSA_EGAD(1.0),2017-04-26 11:00:00,Annual,From 20 to 64 years,Percentage
Iceland,2019,Males,From 0 to 11 months,13.7,,,ESTAT:LFSA_EGAD(1.0),2017-04-26 11:00:00,Annual,From 20 to 64 years,Percentage
Iceland,2020,Males,From 0 to 11 months,12.4,b,,ESTAT:LFSA_EGAD(1.0),2017-04-26 11:00:00,Annual,From 20 to 64 years,Percentage
Iceland,2021,Males,From 0 to 11 months,15.3,b,,ESTAT:LFSA_EGAD(1.0),2017-04-26 11:00:00,Annual,From 20 to 64 years,Percentage
Iceland,2022,Males,From 0 to 11 months,17.8,,,ESTAT:LFSA_EGAD(1.0),2017-04-26 11:00:00,Annual,From 20 to 64 years,Percentage
Iceland,2023,Males,From 0 to 11 months,16.7,,,ESTAT:LFSA_EGAD(1.0),2017-04-26 11:00:00,Annual,From 20 to 64 years,Percentage
Iceland,2024,Males,From 0 to 11 months,17.4,,,ESTAT:LFSA_EGAD(1.0),2017-04-26 11:00:00,Annual,From 20 to 64 years,Percentage
Italy,2016,Males,From 0 to 11 months,9.4,,,ESTAT:LFSA_EGAD(1.0),2017-04-26 11:00:00,Annual,From 20 to 64 years,Percentage
Italy,2017,Males,From 0 to 11 months,10.0,,,ESTAT:LFSA_EGAD(1.0),2017-04-26 11:00:00,Annual,From 20 to 64 years,Percentage
Italy,2018,Males,From 0 to 11 months,9.9,b,,ESTAT:LFSA_EGAD(1.0),2017-04-26 11:00:00,Annual,From 20 to 64 years,Percentage
Italy,2019,Males,From 0 to 11 months,10.3,,,ESTAT:LFSA_EGAD(1.0),2017-04-26 11:00:00,Annual,From 20 to 64 years,Percentage
Italy,2020,Males,From 0 to 11 months,9.2,,,ESTAT:LFSA_EGAD(1.0),2017-04-26 11:00:00,Annual,From 20 to 64 years,Percentage
Italy,2021,Males,From 0 to 11 months,10.1,b,,ESTAT:LFSA_EGAD(1.0),2017-04-26 11:00:00,Annual,From 20 to 64 years,Percentage
Italy,2022,Males,From 0 to 11 months,10.9,,,ESTAT:LFSA_EGAD(1.0),2017-04-26 11:00:00,Annual,From 20 to 64 years,Percentage
Italy,2023,Males,From 0 to 11 months,10.1,,,ESTAT:LFSA_EGAD(1.0),2017-04-26 11:00:00,Annual,From 20 to 64 years,Percentage
Italy,2024,Males,From 0 to 11 months,8.1,,,ESTAT:LFSA_EGAD(1.0),2017-04-26 11:00:00,Annual,From 20 to 64 years,Percentage
Italy,2025,Males,From 0 to 11 months,6.0,,,ESTAT:LFSA_EGAD(1.0),2017-04-26 11:00:00,Annual,From 20 to 64 years,Percentage
Lithuania,2016,Males,From 0 to 11 months,20.3,,,ESTAT:LFSA_EGAD(1.0),2017-04-26 11:00:00,Annual,From 20 to 64 years,Percentage
Lithuania,2017,Males,From 0 to 11 months,19.6,,,ESTAT:LFSA_EGAD(1.0),2017-04-26 11:00:00,Annual,From 20 to 64 years,Percentage
Lithuania,2018,Males,From 0 to 11 months,20.8,,,ESTAT:LFSA_EGAD(1.0),2017-04-26 11:00:00,Annual,From 20 to 64 years,Percentage
Lithuania,2019,Males,From 0 to 11 months,21.2,,,ESTAT:LFSA_EGAD(1.0),2017-04-26 11:00:00,Annual,From 20 to 64 years,Percentage
Lithuania,2020,Males,From 0 to 11 months,20.3,,,ESTAT:LFSA_EGAD(1.0),2017-04-26 11:00:00,Annual,From 20 to 64 years,Percentage
Lithuania,2021,Males,From 0 to 11 months,10.0,b,,ESTAT:LFSA_EGAD(1.0),2017-04-26 11:00:00,Annual,From 20 to 64 years,Percentage
Lithuania,2022,Males,From 0 to 11 months,13.5,,,ESTAT:LFSA_EGAD(1.0),2017-04-26 11:00:00,Annual,From 20 to 64 years,Percentage
Lithuania,2023,Males,From 0 to 11 months,12.1,,,ESTAT:LFSA_EGAD(1.0),2017-04-26 11:00:00,Annual,From 20 to 64 years,Percentage
Lithuania,2024,Males,From 0 to 11 months,13.5,,,ESTAT:LFSA_EGAD(1.0),2017-04-26 11:00:00,Annual,From 20 to 64 years,Percentage
Lithuania,2025,Males,From 0 to 11 months,12.7,,,ESTAT:LFSA_EGAD(1.0),2017-04-26 11:00:00,Annual,From 20 to 64 years,Percentage
Luxembourg,2016,Males,From 0 to 11 months,10.8,b,,ESTAT:LFSA_EGAD(1.0),2017-04-26 11:00:00,Annual,From 20 to 64 years,Percentage
Luxembourg,2017,Males,From 0 to 11 months,12.6,,,ESTAT:LFSA_EGAD(1.0),2017-04-26 11:00:00,Annual,From 20 to 64 years,Percentage
Luxembourg,2018,Males,From 0 to 11 months,12.9,,,ESTAT:LFSA_EGAD(1.0),2017-04-26 11:00:00,Annual,From 20 to 64 years,Percentage
Luxembourg,2019,Males,From 0 to 11 months,12.8,,,ESTAT:LFSA_EGAD(1.0),2017-04-26 11:00:00,Annual,From 20 to 64 years,Percentage
Luxembourg,2020,Males,From 0 to 11 months,11.3,,,ESTAT:LFSA_EGAD(1.0),2017-04-26 11:00:00,Annual,From 20 to 64 years,Percentage
Luxembourg,2021,Males,From 0 to 11 months,11.3,b,,ESTAT:LFSA_EGAD(1.0),2017-04-26 11:00:00,Annual,From 20 to 64 years,Percentage
Luxembourg,2022,Males,From 0 to 11 months,12.0,,,ESTAT:LFSA_EGAD(1.0),2017-04-26 11:00:00,Annual,From 20 to 64 years,Percentage
Luxembourg,2023,Males,From 0 to 11 months,11.0,,,ESTAT:LFSA_EGAD(1.0),2017-04-26 11:00:00,Annual,From 20 to 64 years,Percentage
Luxembourg,2024,Males,From 0 to 11 months,12.5,,,ESTAT:LFSA_EGAD(1.0),2017-04-26 11:00:00,Annual,From 20 to 64 years,Percentage
Luxembourg,2025,Males,From 0 to 11 months,12.2,,,ESTAT:LFSA_EGAD(1.0),2017-04-26 11:00:00,Annual,From 20 to 64 years,Percentage
Latvia,2016,Males,From 0 to 11 months,14.7,,,ESTAT:LFSA_EGAD(1.0),2017-04-26 11:00:00,Annual,From 20 to 64 years,Percentage
Latvia,2017,Males,From 0 to 11 months,15.6,,,ESTAT:LFSA_EGAD(1.0),2017-04-26 11:00:00,Annual,From 20 to 64 years,Percentage
Latvia,2018,Males,From 0 to 11 months,15.7,,,ESTAT:LFSA_EGAD(1.0),2017-04-26 11:00:00,Annual,From 20 to 64 years,Percentage
Latvia,2019,Males,From 0 to 11 months,15.6,,,ESTAT:LFSA_EGAD(1.0),2017-04-26 11:00:00,Annual,From 20 to 64 years,Percentage
Latvia,2020,Males,From 0 to 11 months,13.5,,,ESTAT:LFSA_EGAD(1.0),2017-04-26 11:00:00,Annual,From 20 to 64 years,Percentage
Latvia,2021,Males,From 0 to 11 months,13.2,b,,ESTAT:LFSA_EGAD(1.0),2017-04-26 11:00:00,Annual,From 20 to 64 years,Percentage
Latvia,2022,Males,From 0 to 11 months,11.3,,,ESTAT:LFSA_EGAD(1.0),2017-04-26 11:00:00,Annual,From 20 to 64 years,Percentage
Latvia,2023,Males,From 0 to 11 months,11.0,,,ESTAT:LFSA_EGAD(1.0),2017-04-26 11:00:00,Annual,From 20 to 64 years,Percentage
Latvia,2024,Males,From 0 to 11 months,10.8,,,ESTAT:LFSA_EGAD(1.0),2017-04-26 11:00:00,Annual,From 20 to 64 years,Percentage
Latvia,2025,Males,From 0 to 11 months,12.0,,,ESTAT:LFSA_EGAD(1.0),2017-04-26 11:00:00,Annual,From 20 to 64 years,Percentage
Montenegro,2016,Males,From 0 to 11 months,14.2,,,ESTAT:LFSA_EGAD(1.0),2017-04-26 11:00:00,Annual,From 20 to 64 years,Percentage
Montenegro,2017,Males,From 0 to 11 months,12.9,,,ESTAT:LFSA_EGAD(1.0),2017-04-26 11:00:00,Annual,From 20 to 64 years,Percentage
Montenegro,2018,Males,From 0 to 11 months,13.7,,,ESTAT:LFSA_EGAD(1.0),2017-04-26 11:00:00,Annual,From 20 to 64 years,Percentage
Montenegro,2019,Males,From 0 to 11 months,13.1,,,ESTAT:LFSA_EGAD(1.0),2017-04-26 11:00:00,Annual,From 20 to 64 years,Percentage
Montenegro,2020,Males,From 0 to 11 months,9.6,,,ESTAT:LFSA_EGAD(1.0),2017-04-26 11:00:00,Annual,From 20 to 64 years,Percentage
North Macedonia,2016,Males,From 0 to 11 months,11.8,,,ESTAT:LFSA_EGAD(1.0),2017-04-26 11:00:00,Annual,From 20 to 64 years,Percentage
North Macedonia,2017,Males,From 0 to 11 months,10.3,,,ESTAT:LFSA_EGAD(1.0),2017-04-26 11:00:00,Annual,From 20 to 64 years,Percentage
North Macedonia,2018,Males,From 0 to 11 months,12.1,,,ESTAT:LFSA_EGAD(1.0),2017-04-26 11:00:00,Annual,From 20 to 64 years,Percentage
North Macedonia,2019,Males,From 0 to 11 months,12.0,,,ESTAT:LFSA_EGAD(1.0),2017-04-26 11:00:00,Annual,From 20 to 64 years,Percentage
North Macedonia,2020,Males,From 0 to 11 months,10.4,,,ESTAT:LFSA_EGAD(1.0),2017-04-26 11:00:00,Annual,From 20 to 64 years,Percentage
North Macedonia,2021,Males,From 0 to 11 months,9.7,b,,ESTAT:LFSA_EGAD(1.0),2017-04-26 11:00:00,Annual,From 20 to 64 years,Percentage
North Macedonia,2022,Males,From 0 to 11 months,10.5,,,ESTAT:LFSA_EGAD(1.0),2017-04-26 11:00:00,Annual,From 20 to 64 years,Percentage
North Macedonia,2023,Males,From 0 to 11 months,11.5,,,ESTAT:LFSA_EGAD(1.0),2017-04-26 11:00:00,Annual,From 20 to 64 years,Percentage
North Macedonia,2024,Males,From 0 to 11 months,10.5,,,ESTAT:LFSA_EGAD(1.0),2017-04-26 11:00:00,Annual,From 20 to 64 years,Percentage
North Macedonia,2025,Males,From 0 to 11 months,9.1,,,ESTAT:LFSA_EGAD(1.0),2017-04-26 11:00:00,Annual,From 20 to 64 years,Percentage
Malta,2016,Males,From 0 to 11 months,11.2,,,ESTAT:LFSA_EGAD(1.0),2017-04-26 11:00:00,Annual,From 20 to 64 years,Percentage
Malta,2017,Males,From 0 to 11 months,12.7,,,ESTAT:LFSA_EGAD(1.0),2017-04-26 11:00:00,Annual,From 20 to 64 years,Percentage
Malta,2018,Males,From 0 to 11 months,13.5,,,ESTAT:LFSA_EGAD(1.0),2017-04-26 11:00:00,Annual,From 20 to 64 years,Percentage
Malta,2019,Males,From 0 to 11 months,11.8,,,ESTAT:LFSA_EGAD(1.0),2017-04-26 11:00:00,Annual,From 20 to 64 years,Percentage
Malta,2020,Males,From 0 to 11 months,9.8,,,ESTAT:LFSA_EGAD(1.0),2017-04-26 11:00:00,Annual,From 20 to 64 years,Percentage
Malta,2021,Males,From 0 to 11 months,11.5,b,,ESTAT:LFSA_EGAD(1.0),2017-04-26 11:00:00,Annual,From 20 to 64 years,Percentage
Malta,2022,Males,From 0 to 11 months,12.7,,,ESTAT:LFSA_EGAD(1.0),2017-04-26 11:00:00,Annual,From 20 to 64 years,Percentage
Malta,2023,Males,From 0 to 11 months,13.6,,,ESTAT:LFSA_EGAD(1.0),2017-04-26 11:00:00,Annual,From 20 to 64 years,Percentage
Malta,2024,Males,From 0 to 11 months,11.9,,,ESTAT:LFSA_EGAD(1.0),2017-04-26 11:00:00,Annual,From 20 to 64 years,Percentage
Malta,2025,Males,From 0 to 11 months,10.8,,,ESTAT:LFSA_EGAD(1.0),2017-04-26 11:00:00,Annual,From 20 to 64 years,Percentage
Netherlands,2016,Males,From 0 to 11 months,13.2,,,ESTAT:LFSA_EGAD(1.0),2017-04-26 11:00:00,Annual,From 20 to 64 years,Percentage
Netherlands,2017,Males,From 0 to 11 months,13.9,,,ESTAT:LFSA_EGAD(1.0),2017-04-26 11:00:00,Annual,From 20 to 64 years,Percentage
Netherlands,2018,Males,From 0 to 11 months,14.3,,,ESTAT:LFSA_EGAD(1.0),2017-04-26 11:00:00,Annual,From 20 to 64 years,Percentage
Netherlands,2019,Males,From 0 to 11 months,14.1,,,ESTAT:LFSA_EGAD(1.0),2017-04-26 11:00:00,Annual,From 20 to 64 years,Percentage
Netherlands,2020,Males,From 0 to 11 months,12.3,,,ESTAT:LFSA_EGAD(1.0),2017-04-26 11:00:00,Annual,From 20 to 64 years,Percentage
Netherlands,2021,Males,From 0 to 11 months,14.7,b,,ESTAT:LFSA_EGAD(1.0),2017-04-26 11:00:00,Annual,From 20 to 64 years,Percentage
Netherlands,2022,Males,From 0 to 11 months,16.9,,,ESTAT:LFSA_EGAD(1.0),2017-04-26 11:00:00,Annual,From 20 to 64 years,Percentage
Netherlands,2023,Males,From 0 to 11 months,16.5,,,ESTAT:LFSA_EGAD(1.0),2017-04-26 11:00:00,Annual,From 20 to 64 years,Percentage
Netherlands,2024,Males,From 0 to 11 months,15.2,,,ESTAT:LFSA_EGAD(1.0),2017-04-26 11:00:00,Annual,From 20 to 64 years,Percentage
Netherlands,2025,Males,From 0 to 11 months,14.8,,,ESTAT:LFSA_EGAD(1.0),2017-04-26 11:00:00,Annual,From 20 to 64 years,Percentage
Norway,2016,Males,From 0 to 11 months,12.3,,,ESTAT:LFSA_EGAD(1.0),2017-04-26 11:00:00,Annual,From 20 to 64 years,Percentage
Norway,2017,Males,From 0 to 11 months,12.8,,,ESTAT:LFSA_EGAD(1.0),2017-04-26 11:00:00,Annual,From 20 to 64 years,Percentage
Norway,2018,Males,From 0 to 11 months,13.8,,,ESTAT:LFSA_EGAD(1.0),2017-04-26 11:00:00,Annual,From 20 to 64 years,Percentage
Norway,2019,Males,From 0 to 11 months,13.3,,,ESTAT:LFSA_EGAD(1.0),2017-04-26 11:00:00,Annual,From 20 to 64 years,Percentage
Norway,2020,Males,From 0 to 11 months,13.2,,,ESTAT:LFSA_EGAD(1.0),2017-04-26 11:00:00,Annual,From 20 to 64 years,Percentage
Norway,2021,Males,From 0 to 11 months,10.4,b,,ESTAT:LFSA_EGAD(1.0),2017-04-26 11:00:00,Annual,From 20 to 64 years,Percentage
Norway,2022,Males,From 0 to 11 months,16.9,,,ESTAT:LFSA_EGAD(1.0),2017-04-26 11:00:00,Annual,From 20 to 64 years,Percentage
Norway,2023,Males,From 0 to 11 months,16.8,,,ESTAT:LFSA_EGAD(1.0),2017-04-26 11:00:00,Annual,From 20 to 64 years,Percentage
Norway,2024,Males,From 0 to 11 months,11.3,,,ESTAT:LFSA_EGAD(1.0),2017-04-26 11:00:00,Annual,From 20 to 64 years,Percentage
Norway,2025,Males,From 0 to 11 months,10.6,,,ESTAT:LFSA_EGAD(1.0),2017-04-26 11:00:00,Annual,From 20 to 64 years,Percentage
Poland,2016,Males,From 0 to 11 months,11.2,,,ESTAT:LFSA_EGAD(1.0),2017-04-26 11:00:00,Annual,From 20 to 64 years,Percentage
Poland,2017,Males,From 0 to 11 months,11.1,,,ESTAT:LFSA_EGAD(1.0),2017-04-26 11:00:00,Annual,From 20 to 64 years,Percentage
Poland,2018,Males,From 0 to 11 months,10.9,,,ESTAT:LFSA_EGAD(1.0),2017-04-26 11:00:00,Annual,From 20 to 64 years,Percentage
Poland,2019,Males,From 0 to 11 months,10.1,b,,ESTAT:LFSA_EGAD(1.0),2017-04-26 11:00:00,Annual,From 20 to 64 years,Percentage
Poland,2020,Males,From 0 to 11 months,8.1,,,ESTAT:LFSA_EGAD(1.0),2017-04-26 11:00:00,Annual,From 20 to 64 years,Percentage
Poland,2021,Males,From 0 to 11 months,8.2,b,,ESTAT:LFSA_EGAD(1.0),2017-04-26 11:00:00,Annual,From 20 to 64 years,Percentage
Poland,2022,Males,From 0 to 11 months,8.3,,,ESTAT:LFSA_EGAD(1.0),2017-04-26 11:00:00,Annual,From 20 to 64 years,Percentage
Poland,2023,Males,From 0 to 11 months,7.9,,,ESTAT:LFSA_EGAD(1.0),2017-04-26 11:00:00,Annual,From 20 to 64 years,Percentage
Poland,2024,Males,From 0 to 11 months,8.2,,,ESTAT:LFSA_EGAD(1.0),2017-04-26 11:00:00,Annual,From 20 to 64 years,Percentage
Poland,2025,Males,From 0 to 11 months,8.2,,,ESTAT:LFSA_EGAD(1.0),2017-04-26 11:00:00,Annual,From 20 to 64 years,Percentage
Portugal,2016,Males,From 0 to 11 months,14.7,,,ESTAT:LFSA_EGAD(1.0),2017-04-26 11:00:00,Annual,From 20 to 64 years,Percentage
Portugal,2017,Males,From 0 to 11 months,14.8,,,ESTAT:LFSA_EGAD(1.0),2017-04-26 11:00:00,Annual,From 20 to 64 years,Percentage
Portugal,2018,Males,From 0 to 11 months,15.5,,,ESTAT:LFSA_EGAD(1.0),2017-04-26 11:00:00,Annual,From 20 to 64 years,Percentage
Portugal,2019,Males,From 0 to 11 months,15.1,,,ESTAT:LFSA_EGAD(1.0),2017-04-26 11:00:00,Annual,From 20 to 64 years,Percentage
Portugal,2020,Males,From 0 to 11 months,12.5,,,ESTAT:LFSA_EGAD(1.0),2017-04-26 11:00:00,Annual,From 20 to 64 years,Percentage
Portugal,2021,Males,From 0 to 11 months,11.8,b,,ESTAT:LFSA_EGAD(1.0),2017-04-26 11:00:00,Annual,From 20 to 64 years,Percentage
Portugal,2022,Males,From 0 to 11 months,13.0,,,ESTAT:LFSA_EGAD(1.0),2017-04-26 11:00:00,Annual,From 20 to 64 years,Percentage
Portugal,2023,Males,From 0 to 11 months,14.1,,,ESTAT:LFSA_EGAD(1.0),2017-04-26 11:00:00,Annual,From 20 to 64 years,Percentage
Portugal,2024,Males,From 0 to 11 months,13.0,,,ESTAT:LFSA_EGAD(1.0),2017-04-26 11:00:00,Annual,From 20 to 64 years,Percentage
Portugal,2025,Males,From 0 to 11 months,12.7,,,ESTAT:LFSA_EGAD(1.0),2017-04-26 11:00:00,Annual,From 20 to 64 years,Percentage
Romania,2016,Males,From 0 to 11 months,5.5,,,ESTAT:LFSA_EGAD(1.0),2017-04-26 11:00:00,Annual,From 20 to 64 years,Percentage
Romania,2017,Males,From 0 to 11 months,6.1,,,ESTAT:LFSA_EGAD(1.0),2017-04-26 11:00:00,Annual,From 20 to 64 years,Percentage
Romania,2018,Males,From 0 to 11 months,5.3,,,ESTAT:LFSA_EGAD(1.0),2017-04-26 11:00:00,Annual,From 20 to 64 years,Percentage
Romania,2019,Males,From 0 to 11 months,5.2,,,ESTAT:LFSA_EGAD(1.0),2017-04-26 11:00:00,Annual,From 20 to 64 years,Percentage
Romania,2020,Males,From 0 to 11 months,4.9,,,ESTAT:LFSA_EGAD(1.0),2017-04-26 11:00:00,Annual,From 20 to 64 years,Percentage
Romania,2021,Males,From 0 to 11 months,6.6,b,,ESTAT:LFSA_EGAD(1.0),2017-04-26 11:00:00,Annual,From 20 to 64 years,Percentage
Romania,2022,Males,From 0 to 11 months,5.9,,,ESTAT:LFSA_EGAD(1.0),2017-04-26 11:00:00,Annual,From 20 to 64 years,Percentage
Romania,2023,Males,From 0 to 11 months,6.5,,,ESTAT:LFSA_EGAD(1.0),2017-04-26 11:00:00,Annual,From 20 to 64 years,Percentage
Romania,2024,Males,From 0 to 11 months,5.9,,,ESTAT:LFSA_EGAD(1.0),2017-04-26 11:00:00,Annual,From 20 to 64 years,Percentage
Romania,2025,Males,From 0 to 11 months,4.9,,,ESTAT:LFSA_EGAD(1.0),2017-04-26 11:00:00,Annual,From 20 to 64 years,Percentage
Serbia,2016,Males,From 0 to 11 months,13.9,,,ESTAT:LFSA_EGAD(1.0),2017-04-26 11:00:00,Annual,From 20 to 64 years,Percentage
Serbia,2017,Males,From 0 to 11 months,15.5,,,ESTAT:LFSA_EGAD(1.0),2017-04-26 11:00:00,Annual,From 20 to 64 years,Percentage
Serbia,2018,Males,From 0 to 11 months,15.5,,,ESTAT:LFSA_EGAD(1.0),2017-04-26 11:00:00,Annual,From 20 to 64 years,Percentage
Serbia,2019,Males,From 0 to 11 months,14.6,,,ESTAT:LFSA_EGAD(1.0),2017-04-26 11:00:00,Annual,From 20 to 64 years,Percentage
Serbia,2020,Males,From 0 to 11 months,13.0,,,ESTAT:LFSA_EGAD(1.0),2017-04-26 11:00:00,Annual,From 20 to 64 years,Percentage
Serbia,2021,Males,From 0 to 11 months,13.5,b,,ESTAT:LFSA_EGAD(1.0),2017-04-26 11:00:00,Annual,From 20 to 64 years,Percentage
Serbia,2022,Males,From 0 to 11 months,13.8,,,ESTAT:LFSA_EGAD(1.0),2017-04-26 11:00:00,Annual,From 20 to 64 years,Percentage
Serbia,2023,Males,From 0 to 11 months,13.7,,,ESTAT:LFSA_EGAD(1.0),2017-04-26 11:00:00,Annual,From 20 to 64 years,Percentage
Serbia,2024,Males,From 0 to 11 months,12.7,,,ESTAT:LFSA_EGAD(1.0),2017-04-26 11:00:00,Annual,From 20 to 64 years,Percentage
Serbia,2025,Males,From 0 to 11 months,11.0,,,ESTAT:LFSA_EGAD(1.0),2017-04-26 11:00:00,Annual,From 20 to 64 years,Percentage
Sweden,2016,Males,From 0 to 11 months,18.3,,,ESTAT:LFSA_EGAD(1.0),2017-04-26 11:00:00,Annual,From 20 to 64 years,Percentage
Sweden,2017,Males,From 0 to 11 months,19.0,,,ESTAT:LFSA_EGAD(1.0),2017-04-26 11:00:00,Annual,From 20 to 64 years,Percentage
Sweden,2018,Males,From 0 to 11 months,18.5,b,,ESTAT:LFSA_EGAD(1.0),2017-04-26 11:00:00,Annual,From 20 to 64 years,Percentage
Sweden,2019,Males,From 0 to 11 months,18.6,,,ESTAT:LFSA_EGAD(1.0),2017-04-26 11:00:00,Annual,From 20 to 64 years,Percentage
Sweden,2020,Males,From 0 to 11 months,16.1,,,ESTAT:LFSA_EGAD(1.0),2017-04-26 11:00:00,Annual,From 20 to 64 years,Percentage
Sweden,2021,Males,From 0 to 11 months,14.8,b,,ESTAT:LFSA_EGAD(1.0),2017-04-26 11:00:00,Annual,From 20 to 64 years,Percentage
Sweden,2022,Males,From 0 to 11 months,17.4,,,ESTAT:LFSA_EGAD(1.0),2017-04-26 11:00:00,Annual,From 20 to 64 years,Percentage
Sweden,2023,Males,From 0 to 11 months,16.3,,,ESTAT:LFSA_EGAD(1.0),2017-04-26 11:00:00,Annual,From 20 to 64 years,Percentage
Sweden,2024,Males,From 0 to 11 months,14.6,,,ESTAT:LFSA_EGAD(1.0),2017-04-26 11:00:00,Annual,From 20 to 64 years,Percentage
Sweden,2025,Males,From 0 to 11 months,14.0,,,ESTAT:LFSA_EGAD(1.0),2017-04-26 11:00:00,Annual,From 20 to 64 years,Percentage
Slovenia,2016,Males,From 0 to 11 months,10.3,,,ESTAT:LFSA_EGAD(1.0),2017-04-26 11:00:00,Annual,From 20 to 64 years,Percentage
Slovenia,2017,Males,From 0 to 11 months,13.2,,,ESTAT:LFSA_EGAD(1.0),2017-04-26 11:00:00,Annual,From 20 to 64 years,Percentage
Slovenia,2018,Males,From 0 to 11 months,10.8,,,ESTAT:LFSA_EGAD(1.0),2017-04-26 11:00:00,Annual,From 20 to 64 years,Percentage
Slovenia,2019,Males,From 0 to 11 months,10.7,,,ESTAT:LFSA_EGAD(1.0),2017-04-26 11:00:00,Annual,From 20 to 64 years,Percentage
Slovenia,2020,Males,From 0 to 11 months,10.2,,,ESTAT:LFSA_EGAD(1.0),2017-04-26 11:00:00,Annual,From 20 to 64 years,Percentage
Slovenia,2021,Males,From 0 to 11 months,10.1,b,,ESTAT:LFSA_EGAD(1.0),2017-04-26 11:00:00,Annual,From 20 to 64 years,Percentage
Slovenia,2022,Males,From 0 to 11 months,9.3,,,ESTAT:LFSA_EGAD(1.0),2017-04-26 11:00:00,Annual,From 20 to 64 years,Percentage
Slovenia,2023,Males,From 0 to 11 months,8.9,,,ESTAT:LFSA_EGAD(1.0),2017-04-26 11:00:00,Annual,From 20 to 64 years,Percentage
Slovenia,2024,Males,From 0 to 11 months,9.2,,,ESTAT:LFSA_EGAD(1.0),2017-04-26 11:00:00,Annual,From 20 to 64 years,Percentage
Slovenia,2025,Males,From 0 to 11 months,8.4,,,ESTAT:LFSA_EGAD(1.0),2017-04-26 11:00:00,Annual,From 20 to 64 years,Percentage
Slovakia,2016,Males,From 0 to 11 months,11.7,,,ESTAT:LFSA_EGAD(1.0),2017-04-26 11:00:00,Annual,From 20 to 64 years,Percentage
Slovakia,2017,Males,From 0 to 11 months,11.8,,,ESTAT:LFSA_EGAD(1.0),2017-04-26 11:00:00,Annual,From 20 to 64 years,Percentage
Slovakia,2018,Males,From 0 to 11 months,10.3,,,ESTAT:LFSA_EGAD(1.0),2017-04-26 11:00:00,Annual,From 20 to 64 years,Percentage
Slovakia,2019,Males,From 0 to 11 months,9.0,,,ESTAT:LFSA_EGAD(1.0),2017-04-26 11:00:00,Annual,From 20 to 64 years,Percentage
Slovakia,2020,Males,From 0 to 11 months,8.2,,,ESTAT:LFSA_EGAD(1.0),2017-04-26 11:00:00,Annual,From 20 to 64 years,Percentage
Slovakia,2021,Males,From 0 to 11 months,7.2,b,,ESTAT:LFSA_EGAD(1.0),2017-04-26 11:00:00,Annual,From 20 to 64 years,Percentage
Slovakia,2022,Males,From 0 to 11 months,7.1,,,ESTAT:LFSA_EGAD(1.0),2017-04-26 11:00:00,Annual,From 20 to 64 years,Percentage
Slovakia,2023,Males,From 0 to 11 months,6.6,,,ESTAT:LFSA_EGAD(1.0),2017-04-26 11:00:00,Annual,From 20 to 64 years,Percentage
Slovakia,2024,Males,From 0 to 11 months,6.6,,,ESTAT:LFSA_EGAD(1.0),2017-04-26 11:00:00,Annual,From 20 to 64 years,Percentage
Slovakia,2025,Males,From 0 to 11 months,6.0,,,ESTAT:LFSA_EGAD(1.0),2017-04-26 11:00:00,Annual,From 20 to 64 years,Percentage
Türkiye,2016,Males,From 0 to 11 months,24.9,,,ESTAT:LFSA_EGAD(1.0),2017-04-26 11:00:00,Annual,From 20 to 64 years,Percentage
Türkiye,2017,Males,From 0 to 11 months,24.9,,,ESTAT:LFSA_EGAD(1.0),2017-04-26 11:00:00,Annual,From 20 to 64 years,Percentage
Türkiye,2018,Males,From 0 to 11 months,26.0,,,ESTAT:LFSA_EGAD(1.0),2017-04-26 11:00:00,Annual,From 20 to 64 years,Percentage
Türkiye,2019,Males,From 0 to 11 months,23.5,,,ESTAT:LFSA_EGAD(1.0),2017-04-26 11:00:00,Annual,From 20 to 64 years,Percentage
Türkiye,2020,Males,From 0 to 11 months,22.2,,,ESTAT:LFSA_EGAD(1.0),2017-04-26 11:00:00,Annual,From 20 to 64 years,Percentage
Türkiye,2021,Males,From 0 to 11 months,24.2,b,,ESTAT:LFSA_EGAD(1.0),2017-04-26 11:00:00,Annual,From 20 to 64 years,Percentage
Türkiye,2022,Males,From 0 to 11 months,25.0,,,ESTAT:LFSA_EGAD(1.0),2017-04-26 11:00:00,Annual,From 20 to 64 years,Percentage
Türkiye,2023,Males,From 0 to 11 months,25.2,,,ESTAT:LFSA_EGAD(1.0),2017-04-26 11:00:00,Annual,From 20 to 64 years,Percentage
Türkiye,2024,Males,From 0 to 11 months,25.6,,,ESTAT:LFSA_EGAD(1.0),2017-04-26 11:00:00,Annual,From 20 to 64 years,Percentage
Türkiye,2025,Males,From 0 to 11 months,24.7,,,ESTAT:LFSA_EGAD(1.0),2017-04-26 11:00:00,Annual,From 20 to 64 years,Percentage
United Kingdom,2016,Males,From 0 to 11 months,14.3,,,ESTAT:LFSA_EGAD(1.0),2017-04-26 11:00:00,Annual,From 20 to 64 years,Percentage
United Kingdom,2017,Males,From 0 to 11 months,14.3,,,ESTAT:LFSA_EGAD(1.0),2017-04-26 11:00:00,Annual,From 20 to 64 years,Percentage
United Kingdom,2018,Males,From 0 to 11 months,14.0,,,ESTAT:LFSA_EGAD(1.0),2017-04-26 11:00:00,Annual,From 20 to 64 years,Percentage
United Kingdom,2019,Males,From 0 to 11 months,13.7,,,ESTAT:LFSA_EGAD(1.0),2017-04-26 11:00:00,Annual,From 20 to 64 years,Percentage
Austria,2016,Females,From 12 to 23 months,10.2,,,ESTAT:LFSA_EGAD(1.0),2017-04-26 11:00:00,Annual,From 20 to 64 years,Percentage
Austria,2017,Females,From 12 to 23 months,10.3,,,ESTAT:LFSA_EGAD(1.0),2017-04-26 11:00:00,Annual,From 20 to 64 years,Percentage
Austria,2018,Females,From 12 to 23 months,10.4,,,ESTAT:LFSA_EGAD(1.0),2017-04-26 11:00:00,Annual,From 20 to 64 years,Percentage
Austria,2019,Females,From 12 to 23 months,10.7,,,ESTAT:LFSA_EGAD(1.0),2017-04-26 11:00:00,Annual,From 20 to 64 years,Percentage
Austria,2020,Females,From 12 to 23 months,10.8,,,ESTAT:LFSA_EGAD(1.0),2017-04-26 11:00:00,Annual,From 20 to 64 years,Percentage
Austria,2021,Females,From 12 to 23 months,10.0,b,,ESTAT:LFSA_EGAD(1.0),2017-04-26 11:00:00,Annual,From 20 to 64 years,Percentage
Austria,2022,Females,From 12 to 23 months,9.6,,,ESTAT:LFSA_EGAD(1.0),2017-04-26 11:00:00,Annual,From 20 to 64 years,Percentage
Austria,2023,Females,From 12 to 23 months,11.0,,,ESTAT:LFSA_EGAD(1.0),2017-04-26 11:00:00,Annual,From 20 to 64 years,Percentage
Austria,2024,Females,From 12 to 23 months,11.2,,,ESTAT:LFSA_EGAD(1.0),2017-04-26 11:00:00,Annual,From 20 to 64 years,Percentage
Austria,2025,Females,From 12 to 23 months,10.0,,,ESTAT:LFSA_EGAD(1.0),2017-04-26 11:00:00,Annual,From 20 to 64 years,Percentage
Bosnia and Herzegovina,2021,Females,From 12 to 23 months,7.8,b,,ESTAT:LFSA_EGAD(1.0),2017-04-26 11:00:00,Annual,From 20 to 64 years,Percentage
Bosnia and Herzegovina,2022,Females,From 12 to 23 months,8.1,,,ESTAT:LFSA_EGAD(1.0),2017-04-26 11:00:00,Annual,From 20 to 64 years,Percentage
Bosnia and Herzegovina,2023,Females,From 12 to 23 months,8.8,,,ESTAT:LFSA_EGAD(1.0),2017-04-26 11:00:00,Annual,From 20 to 64 years,Percentage
Bosnia and Herzegovina,2024,Females,From 12 to 23 months,7.6,,,ESTAT:LFSA_EGAD(1.0),2017-04-26 11:00:00,Annual,From 20 to 64 years,Percentage
Bosnia and Herzegovina,2025,Females,From 12 to 23 months,8.5,,,ESTAT:LFSA_EGAD(1.0),2017-04-26 11:00:00,Annual,From 20 to 64 years,Percentage
Belgium,2016,Females,From 12 to 23 months,8.0,,,ESTAT:LFSA_EGAD(1.0),2017-04-26 11:00:00,Annual,From 20 to 64 years,Percentage
Belgium,2017,Females,From 12 to 23 months,8.5,b,,ESTAT:LFSA_EGAD(1.0),2017-04-26 11:00:00,Annual,From 20 to 64 years,Percentage
Belgium,2018,Females,From 12 to 23 months,8.7,,,ESTAT:LFSA_EGAD(1.0),2017-04-26 11:00:00,Annual,From 20 to 64 years,Percentage
Belgium,2019,Females,From 12 to 23 months,9.0,,,ESTAT:LFSA_EGAD(1.0),2017-04-26 11:00:00,Annual,From 20 to 64 years,Percentage
Belgium,2020,Females,From 12 to 23 months,9.2,,,ESTAT:LFSA_EGAD(1.0),2017-04-26 11:00:00,Annual,From 20 to 64 years,Percentage
Belgium,2021,Females,From 12 to 23 months,8.3,b,,ESTAT:LFSA_EGAD(1.0),2017-04-26 11:00:00,Annual,From 20 to 64 years,Percentage
Belgium,2022,Females,From 12 to 23 months,8.2,,,ESTAT:LFSA_EGAD(1.0),2017-04-26 11:00:00,Annual,From 20 to 64 years,Percentage
Belgium,2023,Females,From 12 to 23 months,8.9,,,ESTAT:LFSA_EGAD(1.0),2017-04-26 11:00:00,Annual,From 20 to 64 years,Percentage
Belgium,2024,Females,From 12 to 23 months,9.2,,,ESTAT:LFSA_EGAD(1.0),2017-04-26 11:00:00,Annual,From 20 to 64 years,Percentage
Belgium,2025,Females,From 12 to 23 months,9.2,,,ESTAT:LFSA_EGAD(1.0),2017-04-26 11:00:00,Annual,From 20 to 64 years,Percentage
Bulgaria,2016,Females,From 12 to 23 months,7.1,,,ESTAT:LFSA_EGAD(1.0),2017-04-26 11:00:00,Annual,From 20 to 64 years,Percentage
Bulgaria,2017,Females,From 12 to 23 months,7.2,,,ESTAT:LFSA_EGAD(1.0),2017-04-26 11:00:00,Annual,From 20 to 64 years,Percentage
Bulgaria,2018,Females,From 12 to 23 months,7.5,,,ESTAT:LFSA_EGAD(1.0),2017-04-26 11:00:00,Annual,From 20 to 64 years,Percentage
Bulgaria,2019,Females,From 12 to 23 months,6.2,b,,ESTAT:LFSA_EGAD(1.0),2017-04-26 11:00:00,Annual,From 20 to 64 years,Percentage
Bulgaria,2020,Females,From 12 to 23 months,6.1,,,ESTAT:LFSA_EGAD(1.0),2017-04-26 11:00:00,Annual,From 20 to 64 years,Percentage
Bulgaria,2021,Females,From 12 to 23 months,4.9,b,,ESTAT:LFSA_EGAD(1.0),2017-04-26 11:00:00,Annual,From 20 to 64 years,Percentage
Bulgaria,2022,Females,From 12 to 23 months,4.9,,,ESTAT:LFSA_EGAD(1.0),2017-04-26 11:00:00,Annual,From 20 to 64 years,Percentage
Bulgaria,2023,Females,From 12 to 23 months,5.6,,,ESTAT:LFSA_EGAD(1.0),2017-04-26 11:00:00,Annual,From 20 to 64 years,Percentage
Bulgaria,2024,Females,From 12 to 23 months,5.9,b,,ESTAT:LFSA_EGAD(1.0),2017-04-26 11:00:00,Annual,From 20 to 64 years,Percentage
Bulgaria,2025,Females,From 12 to 23 months,5.9,,,ESTAT:LFSA_EGAD(1.0),2017-04-26 11:00:00,Annual,From 20 to 64 years,Percentage
Switzerland,2016,Females,From 12 to 23 months,12.3,,,ESTAT:LFSA_EGAD(1.0),2017-04-26 11:00:00,Annual,From 20 to 64 years,Percentage
Switzerland,2017,Females,From 12 to 23 months,11.7,,,ESTAT:LFSA_EGAD(1.0),2017-04-26 11:00:00,Annual,From 20 to 64 years,Percentage
Switzerland,2018,Females,From 12 to 23 months,12.1,,,ESTAT:LFSA_EGAD(1.0),2017-04-26 11:00:00,Annual,From 20 to 64 years,Percentage
Switzerland,2019,Females,From 12 to 23 months,12.2,,,ESTAT:LFSA_EGAD(1.0),2017-04-26 11:00:00,Annual,From 20 to 64 years,Percentage
Switzerland,2020,Females,From 12 to 23 months,12.3,,,ESTAT:LFSA_EGAD(1.0),2017-04-26 11:00:00,Annual,From 20 to 64 years,Percentage
Switzerland,2021,Females,From 12 to 23 months,11.9,b,,ESTAT:LFSA_EGAD(1.0),2017-04-26 11:00:00,Annual,From 20 to 64 years,Percentage
Switzerland,2022,Females,From 12 to 23 months,11.6,,,ESTAT:LFSA_EGAD(1.0),2017-04-26 11:00:00,Annual,From 20 to 64 years,Percentage
Switzerland,2023,Females,From 12 to 23 months,13.0,,,ESTAT:LFSA_EGAD(1.0),2017-04-26 11:00:00,Annual,From 20 to 64 years,Percentage
Switzerland,2024,Females,From 12 to 23 months,13.4,,,ESTAT:LFSA_EGAD(1.0),2017-04-26 11:00:00,Annual,From 20 to 64 years,Percentage
Switzerland,2025,Females,From 12 to 23 months,12.4,,,ESTAT:LFSA_EGAD(1.0),2017-04-26 11:00:00,Annual,From 20 to 64 years,Percentage
Cyprus,2016,Females,From 12 to 23 months,10.1,,,ESTAT:LFSA_EGAD(1.0),2017-04-26 11:00:00,Annual,From 20 to 64 years,Percentage
Cyprus,2017,Females,From 12 to 23 months,10.8,,,ESTAT:LFSA_EGAD(1.0),2017-04-26 11:00:00,Annual,From 20 to 64 years,Percentage
Cyprus,2018,Females,From 12 to 23 months,11.6,,,ESTAT:LFSA_EGAD(1.0),2017-04-26 11:00:00,Annual,From 20 to 64 years,Percentage
Cyprus,2019,Females,From 12 to 23 months,12.2,,,ESTAT:LFSA_EGAD(1.0),2017-04-26 11:00:00,Annual,From 20 to 64 years,Percentage
Cyprus,2020,Females,From 12 to 23 months,11.9,,,ESTAT:LFSA_EGAD(1.0),2017-04-26 11:00:00,Annual,From 20 to 64 years,Percentage
Cyprus,2021,Females,From 12 to 23 months,11.6,b,,ESTAT:LFSA_EGAD(1.0),2017-04-26 11:00:00,Annual,From 20 to 64 years,Percentage
Cyprus,2022,Females,From 12 to 23 months,9.4,,,ESTAT:LFSA_EGAD(1.0),2017-04-26 11:00:00,Annual,From 20 to 64 years,Percentage
Cyprus,2023,Females,From 12 to 23 months,11.8,,,ESTAT:LFSA_EGAD(1.0),2017-04-26 11:00:00,Annual,From 20 to 64 years,Percentage
Cyprus,2024,Females,From 12 to 23 months,12.0,,,ESTAT:LFSA_EGAD(1.0),2017-04-26 11:00:00,Annual,From 20 to 64 years,Percentage
Cyprus,2025,Females,From 12 to 23 months,11.2,,,ESTAT:LFSA_EGAD(1.0),2017-04-26 11:00:00,Annual,From 20 to 64 years,Percentage
Czechia,2016,Females,From 12 to 23 months,9.6,,,ESTAT:LFSA_EGAD(1.0),2017-04-26 11:00:00,Annual,From 20 to 64 years,Percentage
Czechia,2017,Females,From 12 to 23 months,9.2,,,ESTAT:LFSA_EGAD(1.0),2017-04-26 11:00:00,Annual,From 20 to 64 years,Percentage
Czechia,2018,Females,From 12 to 23 months,10.0,,,ESTAT:LFSA_EGAD(1.0),2017-04-26 11:00:00,Annual,From 20 to 64 years,Percentage
Czechia,2019,Females,From 12 to 23 months,9.8,,,ESTAT:LFSA_EGAD(1.0),2017-04-26 11:00:00,Annual,From 20 to 64 years,Percentage
Czechia,2020,Females,From 12 to 23 months,8.8,,,ESTAT:LFSA_EGAD(1.0),2017-04-26 11:00:00,Annual,From 20 to 64 years,Percentage
Czechia,2021,Females,From 12 to 23 months,8.2,b,,ESTAT:LFSA_EGAD(1.0),2017-04-26 11:00:00,Annual,From 20 to 64 years,Percentage
Czechia,2022,Females,From 12 to 23 months,7.2,,,ESTAT:LFSA_EGAD(1.0),2017-04-26 11:00:00,Annual,From 20 to 64 years,Percentage
Czechia,2023,Females,From 12 to 23 months,8.9,,,ESTAT:LFSA_EGAD(1.0),2017-04-26 11:00:00,Annual,From 20 to 64 years,Percentage
Czechia,2024,Females,From 12 to 23 months,8.1,,,ESTAT:LFSA_EGAD(1.0),2017-04-26 11:00:00,Annual,From 20 to 64 years,Percentage
Czechia,2025,Females,From 12 to 23 months,7.8,,,ESTAT:LFSA_EGAD(1.0),2017-04-26 11:00:00,Annual,From 20 to 64 years,Percentage
Germany,2016,Females,From 12 to 23 months,9.3,,,ESTAT:LFSA_EGAD(1.0),2017-04-26 11:00:00,Annual,From 20 to 64 years,Percentage
Germany,2017,Females,From 12 to 23 months,9.9,,,ESTAT:LFSA_EGAD(1.0),2017-04-26 11:00:00,Annual,From 20 to 64 years,Percentage
Germany,2018,Females,From 12 to 23 months,9.9,,,ESTAT:LFSA_EGAD(1.0),2017-04-26 11:00:00,Annual,From 20 to 64 years,Percentage
Germany,2019,Females,From 12 to 23 months,9.9,,,ESTAT:LFSA_EGAD(1.0),2017-04-26 11:00:00,Annual,From 20 to 64 years,Percentage
Germany,2020,Females,From 12 to 23 months,10.0,b,,ESTAT:LFSA_EGAD(1.0),2017-04-26 11:00:00,Annual,From 20 to 64 years,Percentage
Germany,2021,Females,From 12 to 23 months,9.6,b,,ESTAT:LFSA_EGAD(1.0),2017-04-26 11:00:00,Annual,From 20 to 64 years,Percentage
Germany,2022,Females,From 12 to 23 months,9.2,,,ESTAT:LFSA_EGAD(1.0),2017-04-26 11:00:00,Annual,From 20 to 64 years,Percentage
Germany,2023,Females,From 12 to 23 months,10.5,,,ESTAT:LFSA_EGAD(1.0),2017-04-26 11:00:00,Annual,From 20 to 64 years,Percentage
Germany,2024,Females,From 12 to 23 months,10.9,,,ESTAT:LFSA_EGAD(1.0),2017-04-26 11:00:00,Annual,From 20 to 64 years,Percentage
Germany,2025,Females,From 12 to 23 months,10.7,,,ESTAT:LFSA_EGAD(1.0),2017-04-26 11:00:00,Annual,From 20 to 64 years,Percentage
Denmark,2016,Females,From 12 to 23 months,11.8,b,,ESTAT:LFSA_EGAD(1.0),2017-04-26 11:00:00,Annual,From 20 to 64 years,Percentage
Denmark,2017,Females,From 12 to 23 months,13.0,b,,ESTAT:LFSA_EGAD(1.0),2017-04-26 11:00:00,Annual,From 20 to 64 years,Percentage
Denmark,2018,Females,From 12 to 23 months,14.0,,,ESTAT:LFSA_EGAD(1.0),2017-04-26 11:00:00,Annual,From 20 to 64 years,Percentage
Denmark,2019,Females,From 12 to 23 months,13.9,,,ESTAT:LFSA_EGAD(1.0),2017-04-26 11:00:00,Annual,From 20 to 64 years,Percentage
Denmark,2020,Females,From 12 to 23 months,13.5,,,ESTAT:LFSA_EGAD(1.0),2017-04-26 11:00:00,Annual,From 20 to 64 years,Percentage
Denmark,2021,Females,From 12 to 23 months,13.4,b,,ESTAT:LFSA_EGAD(1.0),2017-04-26 11:00:00,Annual,From 20 to 64 years,Percentage
Denmark,2022,Females,From 12 to 23 months,13.2,,,ESTAT:LFSA_EGAD(1.0),2017-04-26 11:00:00,Annual,From 20 to 64 years,Percentage
Denmark,2023,Females,From 12 to 23 months,15.3,b,,ESTAT:LFSA_EGAD(1.0),2017-04-26 11:00:00,Annual,From 20 to 64 years,Percentage
Denmark,2024,Females,From 12 to 23 months,13.3,,,ESTAT:LFSA_EGAD(1.0),2017-04-26 11:00:00,Annual,From 20 to 64 years,Percentage
Denmark,2025,Females,From 12 to 23 months,13.9,,,ESTAT:LFSA_EGAD(1.0),2017-04-26 11:00:00,Annual,From 20 to 64 years,Percentage
Euro area – 21 countries (from 2026),2016,Females,From 12 to 23 months,8.4,,,ESTAT:LFSA_EGAD(1.0),2017-04-26 11:00:00,Annual,From 20 to 64 years,Percentage
Euro area – 21 countries (from 2026),2017,Females,From 12 to 23 months,8.9,,,ESTAT:LFSA_EGAD(1.0),2017-04-26 11:00:00,Annual,From 20 to 64 years,Percentage
Euro area – 21 countries (from 2026),2018,Females,From 12 to 23 months,9.1,,,ESTAT:LFSA_EGAD(1.0),2017-04-26 11:00:00,Annual,From 20 to 64 years,Percentage
Euro area – 21 countries (from 2026),2019,Females,From 12 to 23 months,9.2,,,ESTAT:LFSA_EGAD(1.0),2017-04-26 11:00:00,Annual,From 20 to 64 years,Percentage
Euro area – 21 countries (from 2026),2020,Females,From 12 to 23 months,9.3,,,ESTAT:LFSA_EGAD(1.0),2017-04-26 11:00:00,Annual,From 20 to 64 years,Percentage
Euro area – 21 countries (from 2026),2021,Females,From 12 to 23 months,8.7,b,,ESTAT:LFSA_EGAD(1.0),2017-04-26 11:00:00,Annual,From 20 to 64 years,Percentage
Euro area – 21 countries (from 2026),2022,Females,From 12 to 23 months,8.7,,,ESTAT:LFSA_EGAD(1.0),2017-04-26 11:00:00,Annual,From 20 to 64 years,Percentage
Euro area – 21 countries (from 2026),2023,Females,From 12 to 23 months,10.1,,,ESTAT:LFSA_EGAD(1.0),2017-04-26 11:00:00,Annual,From 20 to 64 years,Percentage
Euro area – 21 countries (from 2026),2024,Females,From 12 to 23 months,10.3,,,ESTAT:LFSA_EGAD(1.0),2017-04-26 11:00:00,Annual,From 20 to 64 years,Percentage
Euro area – 21 countries (from 2026),2025,Females,From 12 to 23 months,10.0,,,ESTAT:LFSA_EGAD(1.0),2017-04-26 11:00:00,Annual,From 20 to 64 years,Percentage
Estonia,2016,Females,From 12 to 23 months,11.2,,,ESTAT:LFSA_EGAD(1.0),2017-04-26 11:00:00,Annual,From 20 to 64 years,Percentage
Estonia,2017,Females,From 12 to 23 months,11.2,,,ESTAT:LFSA_EGAD(1.0),2017-04-26 11:00:00,Annual,From 20 to 64 years,Percentage
Estonia,2018,Females,From 12 to 23 months,12.6,,,ESTAT:LFSA_EGAD(1.0),2017-04-26 11:00:00,Annual,From 20 to 64 years,Percentage
Estonia,2019,Females,From 12 to 23 months,13.0,,,ESTAT:LFSA_EGAD(1.0),2017-04-26 11:00:00,Annual,From 20 to 64 years,Percentage
Estonia,2020,Females,From 12 to 23 months,13.1,,,ESTAT:LFSA_EGAD(1.0),2017-04-26 11:00:00,Annual,From 20 to 64 years,Percentage
Estonia,2021,Females,From 12 to 23 months,11.1,b,,ESTAT:LFSA_EGAD(1.0),2017-04-26 11:00:00,Annual,From 20 to 64 years,Percentage
Estonia,2022,Females,From 12 to 23 months,11.3,,,ESTAT:LFSA_EGAD(1.0),2017-04-26 11:00:00,Annual,From 20 to 64 years,Percentage
Estonia,2023,Females,From 12 to 23 months,13.4,,,ESTAT:LFSA_EGAD(1.0),2017-04-26 11:00:00,Annual,From 20 to 64 years,Percentage
Estonia,2024,Females,From 12 to 23 months,11.7,,,ESTAT:LFSA_EGAD(1.0),2017-04-26 11:00:00,Annual,From 20 to 64 years,Percentage
Estonia,2025,Females,From 12 to 23 months,11.0,,,ESTAT:LFSA_EGAD(1.0),2017-04-26 11:00:00,Annual,From 20 to 64 years,Percentage
Greece,2016,Females,From 12 to 23 months,7.3,,,ESTAT:LFSA_EGAD(1.0),2017-04-26 11:00:00,Annual,From 20 to 64 years,Percentage
Greece,2017,Females,From 12 to 23 months,7.4,,,ESTAT:LFSA_EGAD(1.0),2017-04-26 11:00:00,Annual,From 20 to 64 years,Percentage
Greece,2018,Females,From 12 to 23 months,7.5,,,ESTAT:LFSA_EGAD(1.0),2017-04-26 11:00:00,Annual,From 20 to 64 years,Percentage
Greece,2019,Females,From 12 to 23 months,8.2,,,ESTAT:LFSA_EGAD(1.0),2017-04-26 11:00:00,Annual,From 20 to 64 years,Percentage
Greece,2020,Females,From 12 to 23 months,8.2,,,ESTAT:LFSA_EGAD(1.0),2017-04-26 11:00:00,Annual,From 20 to 64 years,Percentage
Greece,2021,Females,From 12 to 23 months,7.7,b,,ESTAT:LFSA_EGAD(1.0),2017-04-26 11:00:00,Annual,From 20 to 64 years,Percentage
Greece,2022,Females,From 12 to 23 months,7.8,,,ESTAT:LFSA_EGAD(1.0),2017-04-26 11:00:00,Annual,From 20 to 64 years,Percentage
Greece,2023,Females,From 12 to 23 months,9.4,,,ESTAT:LFSA_EGAD(1.0),2017-04-26 11:00:00,Annual,From 20 to 64 years,Percentage
Greece,2024,Females,From 12 to 23 months,8.5,,,ESTAT:LFSA_EGAD(1.0),2017-04-26 11:00:00,Annual,From 20 to 64 years,Percentage
Greece,2025,Females,From 12 to 23 months,8.4,,,ESTAT:LFSA_EGAD(1.0),2017-04-26 11:00:00,Annual,From 20 to 64 years,Percentage
Spain,2016,Females,From 12 to 23 months,8.4,,,ESTAT:LFSA_EGAD(1.0),2017-04-26 11:00:00,Annual,From 20 to 64 years,Percentage
Spain,2017,Females,From 12 to 23 months,8.7,,,ESTAT:LFSA_EGAD(1.0),2017-04-26 11:00:00,Annual,From 20 to 64 years,Percentage
Spain,2018,Females,From 12 to 23 months,9.4,,,ESTAT:LFSA_EGAD(1.0),2017-04-26 11:00:00,Annual,From 20 to 64 years,Percentage
Spain,2019,Females,From 12 to 23 months,9.2,,,ESTAT:LFSA_EGAD(1.0),2017-04-26 11:00:00,Annual,From 20 to 64 years,Percentage
Spain,2020,Females,From 12 to 23 months,9.2,,,ESTAT:LFSA_EGAD(1.0),2017-04-26 11:00:00,Annual,From 20 to 64 years,Percentage
Spain,2021,Females,From 12 to 23 months,8.4,bd,,ESTAT:LFSA_EGAD(1.0),2017-04-26 11:00:00,Annual,From 20 to 64 years,Percentage
Spain,2022,Females,From 12 to 23 months,8.3,d,,ESTAT:LFSA_EGAD(1.0),2017-04-26 11:00:00,Annual,From 20 to 64 years,Percentage
Spain,2023,Females,From 12 to 23 months,10.1,d,,ESTAT:LFSA_EGAD(1.0),2017-04-26 11:00:00,Annual,From 20 to 64 years,Percentage
Spain,2024,Females,From 12 to 23 months,10.5,d,,ESTAT:LFSA_EGAD(1.0),2017-04-26 11:00:00,Annual,From 20 to 64 years,Percentage
Spain,2025,Females,From 12 to 23 months,10.3,d,,ESTAT:LFSA_EGAD(1.0),2017-04-26 11:00:00,Annual,From 20 to 64 years,Percentage
European Union - 27 countries (from 2020),2016,Females,From 12 to 23 months,8.6,,,ESTAT:LFSA_EGAD(1.0),2017-04-26 11:00:00,Annual,From 20 to 64 years,Percentage
European Union - 27 countries (from 2020),2017,Females,From 12 to 23 months,9.1,,,ESTAT:LFSA_EGAD(1.0),2017-04-26 11:00:00,Annual,From 20 to 64 years,Percentage
European Union - 27 countries (from 2020),2018,Females,From 12 to 23 months,9.3,,,ESTAT:LFSA_EGAD(1.0),2017-04-26 11:00:00,Annual,From 20 to 64 years,Percentage
European Union - 27 countries (from 2020),2019,Females,From 12 to 23 months,9.4,,,ESTAT:LFSA_EGAD(1.0),2017-04-26 11:00:00,Annual,From 20 to 64 years,Percentage
European Union - 27 countries (from 2020),2020,Females,From 12 to 23 months,9.4,,,ESTAT:LFSA_EGAD(1.0),2017-04-26 11:00:00,Annual,From 20 to 64 years,Percentage
European Union - 27 countries (from 2020),2021,Females,From 12 to 23 months,8.7,b,,ESTAT:LFSA_EGAD(1.0),2017-04-26 11:00:00,Annual,From 20 to 64 years,Percentage
European Union - 27 countries (from 2020),2022,Females,From 12 to 23 months,8.6,,,ESTAT:LFSA_EGAD(1.0),2017-04-26 11:00:00,Annual,From 20 to 64 years,Percentage
European Union - 27 countries (from 2020),2023,Females,From 12 to 23 months,10.0,,,ESTAT:LFSA_EGAD(1.0),2017-04-26 11:00:00,Annual,From 20 to 64 years,Percentage
European Union - 27 countries (from 2020),2024,Females,From 12 to 23 months,10.0,,,ESTAT:LFSA_EGAD(1.0),2017-04-26 11:00:00,Annual,From 20 to 64 years,Percentage
European Union - 27 countries (from 2020),2025,Females,From 12 to 23 months,9.7,,,ESTAT:LFSA_EGAD(1.0),2017-04-26 11:00:00,Annual,From 20 to 64 years,Percentage
Finland,2016,Females,From 12 to 23 months,8.8,,,ESTAT:LFSA_EGAD(1.0),2017-04-26 11:00:00,Annual,From 20 to 64 years,Percentage
Finland,2017,Females,From 12 to 23 months,9.2,,,ESTAT:LFSA_EGAD(1.0),2017-04-26 11:00:00,Annual,From 20 to 64 years,Percentage
Finland,2018,Females,From 12 to 23 months,10.0,,,ESTAT:LFSA_EGAD(1.0),2017-04-26 11:00:00,Annual,From 20 to 64 years,Percentage
Finland,2019,Females,From 12 to 23 months,11.0,,,ESTAT:LFSA_EGAD(1.0),2017-04-26 11:00:00,Annual,From 20 to 64 years,Percentage
Finland,2020,Females,From 12 to 23 months,11.0,,,ESTAT:LFSA_EGAD(1.0),2017-04-26 11:00:00,Annual,From 20 to 64 years,Percentage
Finland,2021,Females,From 12 to 23 months,10.8,b,,ESTAT:LFSA_EGAD(1.0),2017-04-26 11:00:00,Annual,From 20 to 64 years,Percentage
Finland,2022,Females,From 12 to 23 months,10.4,,,ESTAT:LFSA_EGAD(1.0),2017-04-26 11:00:00,Annual,From 20 to 64 years,Percentage
Finland,2023,Females,From 12 to 23 months,12.1,,,ESTAT:LFSA_EGAD(1.0),2017-04-26 11:00:00,Annual,From 20 to 64 years,Percentage
Finland,2024,Females,From 12 to 23 months,12.7,,,ESTAT:LFSA_EGAD(1.0),2017-04-26 11:00:00,Annual,From 20 to 64 years,Percentage
Finland,2025,Females,From 12 to 23 months,10.3,,,ESTAT:LFSA_EGAD(1.0),2017-04-26 11:00:00,Annual,From 20 to 64 years,Percentage
France,2016,Females,From 12 to 23 months,7.7,,,ESTAT:LFSA_EGAD(1.0),2017-04-26 11:00:00,Annual,From 20 to 64 years,Percentage
France,2017,Females,From 12 to 23 months,8.3,,,ESTAT:LFSA_EGAD(1.0),2017-04-26 11:00:00,Annual,From 20 to 64 years,Percentage
France,2018,Females,From 12 to 23 months,8.7,,,ESTAT:LFSA_EGAD(1.0),2017-04-26 11:00:00,Annual,From 20 to 64 years,Percentage
France,2019,Females,From 12 to 23 months,8.8,,,ESTAT:LFSA_EGAD(1.0),2017-04-26 11:00:00,Annual,From 20 to 64 years,Percentage
France,2020,Females,From 12 to 23 months,9.0,,,ESTAT:LFSA_EGAD(1.0),2017-04-26 11:00:00,Annual,From 20 to 64 years,Percentage
France,2021,Females,From 12 to 23 months,9.0,bd,,ESTAT:LFSA_EGAD(1.0),2017-04-26 11:00:00,Annual,From 20 to 64 years,Percentage
France,2022,Females,From 12 to 23 months,9.2,d,,ESTAT:LFSA_EGAD(1.0),2017-04-26 11:00:00,Annual,From 20 to 64 years,Percentage
France,2023,Females,From 12 to 23 months,10.5,d,,ESTAT:LFSA_EGAD(1.0),2017-04-26 11:00:00,Annual,From 20 to 64 years,Percentage
France,2024,Females,From 12 to 23 months,10.6,d,,ESTAT:LFSA_EGAD(1.0),2017-04-26 11:00:00,Annual,From 20 to 64 years,Percentage
France,2025,Females,From 12 to 23 months,10.1,d,,ESTAT:LFSA_EGAD(1.0),2017-04-26 11:00:00,Annual,From 20 to 64 years,Percentage
Croatia,2016,Females,From 12 to 23 months,8.5,,,ESTAT:LFSA_EGAD(1.0),2017-04-26 11:00:00,Annual,From 20 to 64 years,Percentage
Croatia,2017,Females,From 12 to 23 months,8.2,,,ESTAT:LFSA_EGAD(1.0),2017-04-26 11:00:00,Annual,From 20 to 64 years,Percentage
Croatia,2018,Females,From 12 to 23 months,9.9,,,ESTAT:LFSA_EGAD(1.0),2017-04-26 11:00:00,Annual,From 20 to 64 years,Percentage
Croatia,2019,Females,From 12 to 23 months,10.5,,,ESTAT:LFSA_EGAD(1.0),2017-04-26 11:00:00,Annual,From 20 to 64 years,Percentage
Croatia,2020,Females,From 12 to 23 months,9.4,,,ESTAT:LFSA_EGAD(1.0),2017-04-26 11:00:00,Annual,From 20 to 64 years,Percentage
Croatia,2021,Females,From 12 to 23 months,8.5,b,,ESTAT:LFSA_EGAD(1.0),2017-04-26 11:00:00,Annual,From 20 to 64 years,Percentage
Croatia,2022,Females,From 12 to 23 months,8.3,,,ESTAT:LFSA_EGAD(1.0),2017-04-26 11:00:00,Annual,From 20 to 64 years,Percentage
Croatia,2023,Females,From 12 to 23 months,9.1,,,ESTAT:LFSA_EGAD(1.0),2017-04-26 11:00:00,Annual,From 20 to 64 years,Percentage
Croatia,2024,Females,From 12 to 23 months,7.8,,,ESTAT:LFSA_EGAD(1.0),2017-04-26 11:00:00,Annual,From 20 to 64 years,Percentage
Croatia,2025,Females,From 12 to 23 months,9.4,,,ESTAT:LFSA_EGAD(1.0),2017-04-26 11:00:00,Annual,From 20 to 64 years,Percentage
Hungary,2016,Females,From 12 to 23 months,9.8,,,ESTAT:LFSA_EGAD(1.0),2017-04-26 11:00:00,Annual,From 20 to 64 years,Percentage
Hungary,2017,Females,From 12 to 23 months,10.6,,,ESTAT:LFSA_EGAD(1.0),2017-04-26 11:00:00,Annual,From 20 to 64 years,Percentage
Hungary,2018,Females,From 12 to 23 months,10.3,b,,ESTAT:LFSA_EGAD(1.0),2017-04-26 11:00:00,Annual,From 20 to 64 years,Percentage
Hungary,2019,Females,From 12 to 23 months,10.8,,,ESTAT:LFSA_EGAD(1.0),2017-04-26 11:00:00,Annual,From 20 to 64 years,Percentage
Hungary,2020,Females,From 12 to 23 months,10.9,,,ESTAT:LFSA_EGAD(1.0),2017-04-26 11:00:00,Annual,From 20 to 64 years,Percentage
Hungary,2021,Females,From 12 to 23 months,9.7,b,,ESTAT:LFSA_EGAD(1.0),2017-04-26 11:00:00,Annual,From 20 to 64 years,Percentage
Hungary,2022,Females,From 12 to 23 months,10.2,,,ESTAT:LFSA_EGAD(1.0),2017-04-26 11:00:00,Annual,From 20 to 64 years,Percentage
Hungary,2023,Females,From 12 to 23 months,10.3,,,ESTAT:LFSA_EGAD(1.0),2017-04-26 11:00:00,Annual,From 20 to 64 years,Percentage
Hungary,2024,Females,From 12 to 23 months,11.0,,,ESTAT:LFSA_EGAD(1.0),2017-04-26 11:00:00,Annual,From 20 to 64 years,Percentage
Hungary,2025,Females,From 12 to 23 months,10.0,,,ESTAT:LFSA_EGAD(1.0),2017-04-26 11:00:00,Annual,From 20 to 64 years,Percentage
Ireland,2016,Females,From 12 to 23 months,9.8,,,ESTAT:LFSA_EGAD(1.0),2017-04-26 11:00:00,Annual,From 20 to 64 years,Percentage
Ireland,2017,Females,From 12 to 23 months,10.3,b,,ESTAT:LFSA_EGAD(1.0),2017-04-26 11:00:00,Annual,From 20 to 64 years,Percentage
Ireland,2018,Females,From 12 to 23 months,10.3,,,ESTAT:LFSA_EGAD(1.0),2017-04-26 11:00:00,Annual,From 20 to 64 years,Percentage
Ireland,2019,Females,From 12 to 23 months,10.1,,,ESTAT:LFSA_EGAD(1.0),2017-04-26 11:00:00,Annual,From 20 to 64 years,Percentage
Ireland,2020,Females,From 12 to 23 months,10.6,,,ESTAT:LFSA_EGAD(1.0),2017-04-26 11:00:00,Annual,From 20 to 64 years,Percentage
Ireland,2021,Females,From 12 to 23 months,9.1,b,,ESTAT:LFSA_EGAD(1.0),2017-04-26 11:00:00,Annual,From 20 to 64 years,Percentage
Ireland,2022,Females,From 12 to 23 months,9.1,,,ESTAT:LFSA_EGAD(1.0),2017-04-26 11:00:00,Annual,From 20 to 64 years,Percentage
Ireland,2023,Females,From 12 to 23 months,11.3,,,ESTAT:LFSA_EGAD(1.0),2017-04-26 11:00:00,Annual,From 20 to 64 years,Percentage
Ireland,2024,Females,From 12 to 23 months,11.2,,,ESTAT:LFSA_EGAD(1.0),2017-04-26 11:00:00,Annual,From 20 to 64 years,Percentage
Ireland,2025,Females,From 12 to 23 months,10.8,,,ESTAT:LFSA_EGAD(1.0),2017-04-26 11:00:00,Annual,From 20 to 64 years,Percentage
Iceland,2016,Females,From 12 to 23 months,11.9,,,ESTAT:LFSA_EGAD(1.0),2017-04-26 11:00:00,Annual,From 20 to 64 years,Percentage
Iceland,2017,Females,From 12 to 23 months,12.8,,,ESTAT:LFSA_EGAD(1.0),2017-04-26 11:00:00,Annual,From 20 to 64 years,Percentage
Iceland,2018,Females,From 12 to 23 months,13.6,,,ESTAT:LFSA_EGAD(1.0),2017-04-26 11:00:00,Annual,From 20 to 64 years,Percentage
Iceland,2019,Females,From 12 to 23 months,13.5,,,ESTAT:LFSA_EGAD(1.0),2017-04-26 11:00:00,Annual,From 20 to 64 years,Percentage
Iceland,2020,Females,From 12 to 23 months,12.0,b,,ESTAT:LFSA_EGAD(1.0),2017-04-26 11:00:00,Annual,From 20 to 64 years,Percentage
Iceland,2021,Females,From 12 to 23 months,10.9,b,,ESTAT:LFSA_EGAD(1.0),2017-04-26 11:00:00,Annual,From 20 to 64 years,Percentage
Iceland,2022,Females,From 12 to 23 months,11.4,,,ESTAT:LFSA_EGAD(1.0),2017-04-26 11:00:00,Annual,From 20 to 64 years,Percentage
Iceland,2023,Females,From 12 to 23 months,14.3,,,ESTAT:LFSA_EGAD(1.0),2017-04-26 11:00:00,Annual,From 20 to 64 years,Percentage
Iceland,2024,Females,From 12 to 23 months,14.7,,,ESTAT:LFSA_EGAD(1.0),2017-04-26 11:00:00,Annual,From 20 to 64 years,Percentage
Italy,2016,Females,From 12 to 23 months,7.3,,,ESTAT:LFSA_EGAD(1.0),2017-04-26 11:00:00,Annual,From 20 to 64 years,Percentage
Italy,2017,Females,From 12 to 23 months,7.6,,,ESTAT:LFSA_EGAD(1.0),2017-04-26 11:00:00,Annual,From 20 to 64 years,Percentage
Italy,2018,Females,From 12 to 23 months,7.5,b,,ESTAT:LFSA_EGAD(1.0),2017-04-26 11:00:00,Annual,From 20 to 64 years,Percentage
Italy,2019,Females,From 12 to 23 months,7.5,,,ESTAT:LFSA_EGAD(1.0),2017-04-26 11:00:00,Annual,From 20 to 64 years,Percentage
Italy,2020,Females,From 12 to 23 months,7.6,,,ESTAT:LFSA_EGAD(1.0),2017-04-26 11:00:00,Annual,From 20 to 64 years,Percentage
Italy,2021,Females,From 12 to 23 months,6.7,b,,ESTAT:LFSA_EGAD(1.0),2017-04-26 11:00:00,Annual,From 20 to 64 years,Percentage
Italy,2022,Females,From 12 to 23 months,7.8,,,ESTAT:LFSA_EGAD(1.0),2017-04-26 11:00:00,Annual,From 20 to 64 years,Percentage
Italy,2023,Females,From 12 to 23 months,8.7,,,ESTAT:LFSA_EGAD(1.0),2017-04-26 11:00:00,Annual,From 20 to 64 years,Percentage
Italy,2024,Females,From 12 to 23 months,9.0,,,ESTAT:LFSA_EGAD(1.0),2017-04-26 11:00:00,Annual,From 20 to 64 years,Percentage
Italy,2025,Females,From 12 to 23 months,8.7,,,ESTAT:LFSA_EGAD(1.0),2017-04-26 11:00:00,Annual,From 20 to 64 years,Percentage
Lithuania,2016,Females,From 12 to 23 months,10.2,,,ESTAT:LFSA_EGAD(1.0),2017-04-26 11:00:00,Annual,From 20 to 64 years,Percentage
Lithuania,2017,Females,From 12 to 23 months,12.4,,,ESTAT:LFSA_EGAD(1.0),2017-04-26 11:00:00,Annual,From 20 to 64 years,Percentage
Lithuania,2018,Females,From 12 to 23 months,10.4,,,ESTAT:LFSA_EGAD(1.0),2017-04-26 11:00:00,Annual,From 20 to 64 years,Percentage
Lithuania,2019,Females,From 12 to 23 months,12.5,,,ESTAT:LFSA_EGAD(1.0),2017-04-26 11:00:00,Annual,From 20 to 64 years,Percentage
Lithuania,2020,Females,From 12 to 23 months,11.9,,,ESTAT:LFSA_EGAD(1.0),2017-04-26 11:00:00,Annual,From 20 to 64 years,Percentage
Lithuania,2021,Females,From 12 to 23 months,10.2,b,,ESTAT:LFSA_EGAD(1.0),2017-04-26 11:00:00,Annual,From 20 to 64 years,Percentage
Lithuania,2022,Females,From 12 to 23 months,9.2,,,ESTAT:LFSA_EGAD(1.0),2017-04-26 11:00:00,Annual,From 20 to 64 years,Percentage
Lithuania,2023,Females,From 12 to 23 months,10.0,,,ESTAT:LFSA_EGAD(1.0),2017-04-26 11:00:00,Annual,From 20 to 64 years,Percentage
Lithuania,2024,Females,From 12 to 23 months,10.7,,,ESTAT:LFSA_EGAD(1.0),2017-04-26 11:00:00,Annual,From 20 to 64 years,Percentage
Lithuania,2025,Females,From 12 to 23 months,11.2,,,ESTAT:LFSA_EGAD(1.0),2017-04-26 11:00:00,Annual,From 20 to 64 years,Percentage
Luxembourg,2016,Females,From 12 to 23 months,10.1,b,,ESTAT:LFSA_EGAD(1.0),2017-04-26 11:00:00,Annual,From 20 to 64 years,Percentage
Luxembourg,2017,Females,From 12 to 23 months,10.9,,,ESTAT:LFSA_EGAD(1.0),2017-04-26 11:00:00,Annual,From 20 to 64 years,Percentage
Luxembourg,2018,Females,From 12 to 23 months,12.0,,,ESTAT:LFSA_EGAD(1.0),2017-04-26 11:00:00,Annual,From 20 to 64 years,Percentage
Luxembourg,2019,Females,From 12 to 23 months,11.5,,,ESTAT:LFSA_EGAD(1.0),2017-04-26 11:00:00,Annual,From 20 to 64 years,Percentage
Luxembourg,2020,Females,From 12 to 23 months,12.4,,,ESTAT:LFSA_EGAD(1.0),2017-04-26 11:00:00,Annual,From 20 to 64 years,Percentage
Luxembourg,2021,Females,From 12 to 23 months,8.0,b,,ESTAT:LFSA_EGAD(1.0),2017-04-26 11:00:00,Annual,From 20 to 64 years,Percentage
Luxembourg,2022,Females,From 12 to 23 months,7.9,,,ESTAT:LFSA_EGAD(1.0),2017-04-26 11:00:00,Annual,From 20 to 64 years,Percentage
Luxembourg,2023,Females,From 12 to 23 months,10.3,,,ESTAT:LFSA_EGAD(1.0),2017-04-26 11:00:00,Annual,From 20 to 64 years,Percentage
Luxembourg,2024,Females,From 12 to 23 months,10.0,,,ESTAT:LFSA_EGAD(1.0),2017-04-26 11:00:00,Annual,From 20 to 64 years,Percentage
Luxembourg,2025,Females,From 12 to 23 months,9.7,,,ESTAT:LFSA_EGAD(1.0),2017-04-26 11:00:00,Annual,From 20 to 64 years,Percentage
Latvia,2016,Females,From 12 to 23 months,10.7,,,ESTAT:LFSA_EGAD(1.0),2017-04-26 11:00:00,Annual,From 20 to 64 years,Percentage
Latvia,2017,Females,From 12 to 23 months,10.1,,,ESTAT:LFSA_EGAD(1.0),2017-04-26 11:00:00,Annual,From 20 to 64 years,Percentage
Latvia,2018,Females,From 12 to 23 months,9.9,,,ESTAT:LFSA_EGAD(1.0),2017-04-26 11:00:00,Annual,From 20 to 64 years,Percentage
Latvia,2019,Females,From 12 to 23 months,9.1,,,ESTAT:LFSA_EGAD(1.0),2017-04-26 11:00:00,Annual,From 20 to 64 years,Percentage
Latvia,2020,Females,From 12 to 23 months,10.5,,,ESTAT:LFSA_EGAD(1.0),2017-04-26 11:00:00,Annual,From 20 to 64 years,Percentage
Latvia,2021,Females,From 12 to 23 months,9.9,b,,ESTAT:LFSA_EGAD(1.0),2017-04-26 11:00:00,Annual,From 20 to 64 years,Percentage
Latvia,2022,Females,From 12 to 23 months,10.8,,,ESTAT:LFSA_EGAD(1.0),2017-04-26 11:00:00,Annual,From 20 to 64 years,Percentage
Latvia,2023,Females,From 12 to 23 months,11.1,,,ESTAT:LFSA_EGAD(1.0),2017-04-26 11:00:00,Annual,From 20 to 64 years,Percentage
Latvia,2024,Females,From 12 to 23 months,10.3,,,ESTAT:LFSA_EGAD(1.0),2017-04-26 11:00:00,Annual,From 20 to 64 years,Percentage
Latvia,2025,Females,From 12 to 23 months,9.8,,,ESTAT:LFSA_EGAD(1.0),2017-04-26 11:00:00,Annual,From 20 to 64 years,Percentage
Montenegro,2016,Females,From 12 to 23 months,8.5,,,ESTAT:LFSA_EGAD(1.0),2017-04-26 11:00:00,Annual,From 20 to 64 years,Percentage
Montenegro,2017,Females,From 12 to 23 months,9.2,,,ESTAT:LFSA_EGAD(1.0),2017-04-26 11:00:00,Annual,From 20 to 64 years,Percentage
Montenegro,2018,Females,From 12 to 23 months,6.9,,,ESTAT:LFSA_EGAD(1.0),2017-04-26 11:00:00,Annual,From 20 to 64 years,Percentage
Montenegro,2019,Females,From 12 to 23 months,10.1,,,ESTAT:LFSA_EGAD(1.0),2017-04-26 11:00:00,Annual,From 20 to 64 years,Percentage
Montenegro,2020,Females,From 12 to 23 months,10.0,,,ESTAT:LFSA_EGAD(1.0),2017-04-26 11:00:00,Annual,From 20 to 64 years,Percentage
North Macedonia,2016,Females,From 12 to 23 months,9.1,,,ESTAT:LFSA_EGAD(1.0),2017-04-26 11:00:00,Annual,From 20 to 64 years,Percentage
North Macedonia,2017,Females,From 12 to 23 months,8.7,,,ESTAT:LFSA_EGAD(1.0),2017-04-26 11:00:00,Annual,From 20 to 64 years,Percentage
North Macedonia,2018,Females,From 12 to 23 months,11.6,,,ESTAT:LFSA_EGAD(1.0),2017-04-26 11:00:00,Annual,From 20 to 64 years,Percentage
North Macedonia,2019,Females,From 12 to 23 months,11.2,,,ESTAT:LFSA_EGAD(1.0),2017-04-26 11:00:00,Annual,From 20 to 64 years,Percentage
North Macedonia,2020,Females,From 12 to 23 months,10.9,,,ESTAT:LFSA_EGAD(1.0),2017-04-26 11:00:00,Annual,From 20 to 64 years,Percentage
North Macedonia,2021,Females,From 12 to 23 months,9.4,b,,ESTAT:LFSA_EGAD(1.0),2017-04-26 11:00:00,Annual,From 20 to 64 years,Percentage
North Macedonia,2022,Females,From 12 to 23 months,8.8,,,ESTAT:LFSA_EGAD(1.0),2017-04-26 11:00:00,Annual,From 20 to 64 years,Percentage
North Macedonia,2023,Females,From 12 to 23 months,9.6,,,ESTAT:LFSA_EGAD(1.0),2017-04-26 11:00:00,Annual,From 20 to 64 years,Percentage
North Macedonia,2024,Females,From 12 to 23 months,8.4,,,ESTAT:LFSA_EGAD(1.0),2017-04-26 11:00:00,Annual,From 20 to 64 years,Percentage
North Macedonia,2025,Females,From 12 to 23 months,7.5,,,ESTAT:LFSA_EGAD(1.0),2017-04-26 11:00:00,Annual,From 20 to 64 years,Percentage
Malta,2016,Females,From 12 to 23 months,13.7,,,ESTAT:LFSA_EGAD(1.0),2017-04-26 11:00:00,Annual,From 20 to 64 years,Percentage
Malta,2017,Females,From 12 to 23 months,12.7,,,ESTAT:LFSA_EGAD(1.0),2017-04-26 11:00:00,Annual,From 20 to 64 years,Percentage
Malta,2018,Females,From 12 to 23 months,15.0,,,ESTAT:LFSA_EGAD(1.0),2017-04-26 11:00:00,Annual,From 20 to 64 years,Percentage
Malta,2019,Females,From 12 to 23 months,14.8,,,ESTAT:LFSA_EGAD(1.0),2017-04-26 11:00:00,Annual,From 20 to 64 years,Percentage
Malta,2020,Females,From 12 to 23 months,14.5,,,ESTAT:LFSA_EGAD(1.0),2017-04-26 11:00:00,Annual,From 20 to 64 years,Percentage
Malta,2021,Females,From 12 to 23 months,11.5,b,,ESTAT:LFSA_EGAD(1.0),2017-04-26 11:00:00,Annual,From 20 to 64 years,Percentage
Malta,2022,Females,From 12 to 23 months,11.8,,,ESTAT:LFSA_EGAD(1.0),2017-04-26 11:00:00,Annual,From 20 to 64 years,Percentage
Malta,2023,Females,From 12 to 23 months,14.0,,,ESTAT:LFSA_EGAD(1.0),2017-04-26 11:00:00,Annual,From 20 to 64 years,Percentage
Malta,2024,Females,From 12 to 23 months,13.7,,,ESTAT:LFSA_EGAD(1.0),2017-04-26 11:00:00,Annual,From 20 to 64 years,Percentage
Malta,2025,Females,From 12 to 23 months,14.5,,,ESTAT:LFSA_EGAD(1.0),2017-04-26 11:00:00,Annual,From 20 to 64 years,Percentage
Netherlands,2016,Females,From 12 to 23 months,8.7,,,ESTAT:LFSA_EGAD(1.0),2017-04-26 11:00:00,Annual,From 20 to 64 years,Percentage
Netherlands,2017,Females,From 12 to 23 months,9.7,,,ESTAT:LFSA_EGAD(1.0),2017-04-26 11:00:00,Annual,From 20 to 64 years,Percentage
Netherlands,2018,Females,From 12 to 23 months,10.0,,,ESTAT:LFSA_EGAD(1.0),2017-04-26 11:00:00,Annual,From 20 to 64 years,Percentage
Netherlands,2019,Females,From 12 to 23 months,10.9,,,ESTAT:LFSA_EGAD(1.0),2017-04-26 11:00:00,Annual,From 20 to 64 years,Percentage
Netherlands,2020,Females,From 12 to 23 months,11.4,,,ESTAT:LFSA_EGAD(1.0),2017-04-26 11:00:00,Annual,From 20 to 64 years,Percentage
Netherlands,2021,Females,From 12 to 23 months,10.8,b,,ESTAT:LFSA_EGAD(1.0),2017-04-26 11:00:00,Annual,From 20 to 64 years,Percentage
Netherlands,2022,Females,From 12 to 23 months,10.7,,,ESTAT:LFSA_EGAD(1.0),2017-04-26 11:00:00,Annual,From 20 to 64 years,Percentage
Netherlands,2023,Females,From 12 to 23 months,12.7,,,ESTAT:LFSA_EGAD(1.0),2017-04-26 11:00:00,Annual,From 20 to 64 years,Percentage
Netherlands,2024,Females,From 12 to 23 months,12.9,,,ESTAT:LFSA_EGAD(1.0),2017-04-26 11:00:00,Annual,From 20 to 64 years,Percentage
Netherlands,2025,Females,From 12 to 23 months,11.8,,,ESTAT:LFSA_EGAD(1.0),2017-04-26 11:00:00,Annual,From 20 to 64 years,Percentage
Norway,2016,Females,From 12 to 23 months,7.9,,,ESTAT:LFSA_EGAD(1.0),2017-04-26 11:00:00,Annual,From 20 to 64 years,Percentage
Norway,2017,Females,From 12 to 23 months,8.0,,,ESTAT:LFSA_EGAD(1.0),2017-04-26 11:00:00,Annual,From 20 to 64 years,Percentage
Norway,2018,Females,From 12 to 23 months,8.6,,,ESTAT:LFSA_EGAD(1.0),2017-04-26 11:00:00,Annual,From 20 to 64 years,Percentage
Norway,2019,Females,From 12 to 23 months,8.9,,,ESTAT:LFSA_EGAD(1.0),2017-04-26 11:00:00,Annual,From 20 to 64 years,Percentage
Norway,2020,Females,From 12 to 23 months,8.5,,,ESTAT:LFSA_EGAD(1.0),2017-04-26 11:00:00,Annual,From 20 to 64 years,Percentage
Norway,2021,Females,From 12 to 23 months,11.6,b,,ESTAT:LFSA_EGAD(1.0),2017-04-26 11:00:00,Annual,From 20 to 64 years,Percentage
Norway,2022,Females,From 12 to 23 months,10.2,,,ESTAT:LFSA_EGAD(1.0),2017-04-26 11:00:00,Annual,From 20 to 64 years,Percentage
Norway,2023,Females,From 12 to 23 months,11.8,,,ESTAT:LFSA_EGAD(1.0),2017-04-26 11:00:00,Annual,From 20 to 64 years,Percentage
Norway,2024,Females,From 12 to 23 months,13.5,,,ESTAT:LFSA_EGAD(1.0),2017-04-26 11:00:00,Annual,From 20 to 64 years,Percentage
Norway,2025,Females,From 12 to 23 months,12.5,,,ESTAT:LFSA_EGAD(1.0),2017-04-26 11:00:00,Annual,From 20 to 64 years,Percentage
Poland,2016,Females,From 12 to 23 months,9.9,,,ESTAT:LFSA_EGAD(1.0),2017-04-26 11:00:00,Annual,From 20 to 64 years,Percentage
Poland,2017,Females,From 12 to 23 months,10.1,,,ESTAT:LFSA_EGAD(1.0),2017-04-26 11:00:00,Annual,From 20 to 64 years,Percentage
Poland,2018,Females,From 12 to 23 months,10.1,,,ESTAT:LFSA_EGAD(1.0),2017-04-26 11:00:00,Annual,From 20 to 64 years,Percentage
Poland,2019,Females,From 12 to 23 months,10.8,b,,ESTAT:LFSA_EGAD(1.0),2017-04-26 11:00:00,Annual,From 20 to 64 years,Percentage
Poland,2020,Females,From 12 to 23 months,10.3,,,ESTAT:LFSA_EGAD(1.0),2017-04-26 11:00:00,Annual,From 20 to 64 years,Percentage
Poland,2021,Females,From 12 to 23 months,8.7,b,,ESTAT:LFSA_EGAD(1.0),2017-04-26 11:00:00,Annual,From 20 to 64 years,Percentage
Poland,2022,Females,From 12 to 23 months,8.0,,,ESTAT:LFSA_EGAD(1.0),2017-04-26 11:00:00,Annual,From 20 to 64 years,Percentage
Poland,2023,Females,From 12 to 23 months,9.3,,,ESTAT:LFSA_EGAD(1.0),2017-04-26 11:00:00,Annual,From 20 to 64 years,Percentage
Poland,2024,Females,From 12 to 23 months,8.6,,,ESTAT:LFSA_EGAD(1.0),2017-04-26 11:00:00,Annual,From 20 to 64 years,Percentage
Poland,2025,Females,From 12 to 23 months,8.4,,,ESTAT:LFSA_EGAD(1.0),2017-04-26 11:00:00,Annual,From 20 to 64 years,Percentage
Portugal,2016,Females,From 12 to 23 months,7.5,,,ESTAT:LFSA_EGAD(1.0),2017-04-26 11:00:00,Annual,From 20 to 64 years,Percentage
Portugal,2017,Females,From 12 to 23 months,7.4,,,ESTAT:LFSA_EGAD(1.0),2017-04-26 11:00:00,Annual,From 20 to 64 years,Percentage
Portugal,2018,Females,From 12 to 23 months,7.9,,,ESTAT:LFSA_EGAD(1.0),2017-04-26 11:00:00,Annual,From 20 to 64 years,Percentage
Portugal,2019,Females,From 12 to 23 months,8.4,,,ESTAT:LFSA_EGAD(1.0),2017-04-26 11:00:00,Annual,From 20 to 64 years,Percentage
Portugal,2020,Females,From 12 to 23 months,8.1,,,ESTAT:LFSA_EGAD(1.0),2017-04-26 11:00:00,Annual,From 20 to 64 years,Percentage
Portugal,2021,Females,From 12 to 23 months,7.1,b,,ESTAT:LFSA_EGAD(1.0),2017-04-26 11:00:00,Annual,From 20 to 64 years,Percentage
Portugal,2022,Females,From 12 to 23 months,6.9,,,ESTAT:LFSA_EGAD(1.0),2017-04-26 11:00:00,Annual,From 20 to 64 years,Percentage
Portugal,2023,Females,From 12 to 23 months,8.2,,,ESTAT:LFSA_EGAD(1.0),2017-04-26 11:00:00,Annual,From 20 to 64 years,Percentage
Portugal,2024,Females,From 12 to 23 months,8.8,,,ESTAT:LFSA_EGAD(1.0),2017-04-26 11:00:00,Annual,From 20 to 64 years,Percentage
Portugal,2025,Females,From 12 to 23 months,8.6,,,ESTAT:LFSA_EGAD(1.0),2017-04-26 11:00:00,Annual,From 20 to 64 years,Percentage
Romania,2016,Females,From 12 to 23 months,6.1,,,ESTAT:LFSA_EGAD(1.0),2017-04-26 11:00:00,Annual,From 20 to 64 years,Percentage
Romania,2017,Females,From 12 to 23 months,6.9,,,ESTAT:LFSA_EGAD(1.0),2017-04-26 11:00:00,Annual,From 20 to 64 years,Percentage
Romania,2018,Females,From 12 to 23 months,6.8,,,ESTAT:LFSA_EGAD(1.0),2017-04-26 11:00:00,Annual,From 20 to 64 years,Percentage
Romania,2019,Females,From 12 to 23 months,6.2,,,ESTAT:LFSA_EGAD(1.0),2017-04-26 11:00:00,Annual,From 20 to 64 years,Percentage
Romania,2020,Females,From 12 to 23 months,5.6,,,ESTAT:LFSA_EGAD(1.0),2017-04-26 11:00:00,Annual,From 20 to 64 years,Percentage
Romania,2021,Females,From 12 to 23 months,4.7,b,,ESTAT:LFSA_EGAD(1.0),2017-04-26 11:00:00,Annual,From 20 to 64 years,Percentage
Romania,2022,Females,From 12 to 23 months,4.3,,,ESTAT:LFSA_EGAD(1.0),2017-04-26 11:00:00,Annual,From 20 to 64 years,Percentage
Romania,2023,Females,From 12 to 23 months,4.7,,,ESTAT:LFSA_EGAD(1.0),2017-04-26 11:00:00,Annual,From 20 to 64 years,Percentage
Romania,2024,Females,From 12 to 23 months,4.4,,,ESTAT:LFSA_EGAD(1.0),2017-04-26 11:00:00,Annual,From 20 to 64 years,Percentage
Romania,2025,Females,From 12 to 23 months,4.7,,,ESTAT:LFSA_EGAD(1.0),2017-04-26 11:00:00,Annual,From 20 to 64 years,Percentage
Serbia,2016,Females,From 12 to 23 months,7.0,,,ESTAT:LFSA_EGAD(1.0),2017-04-26 11:00:00,Annual,From 20 to 64 years,Percentage
Serbia,2017,Females,From 12 to 23 months,8.2,,,ESTAT:LFSA_EGAD(1.0),2017-04-26 11:00:00,Annual,From 20 to 64 years,Percentage
Serbia,2018,Females,From 12 to 23 months,9.1,,,ESTAT:LFSA_EGAD(1.0),2017-04-26 11:00:00,Annual,From 20 to 64 years,Percentage
Serbia,2019,Females,From 12 to 23 months,9.1,,,ESTAT:LFSA_EGAD(1.0),2017-04-26 11:00:00,Annual,From 20 to 64 years,Percentage
Serbia,2020,Females,From 12 to 23 months,9.3,,,ESTAT:LFSA_EGAD(1.0),2017-04-26 11:00:00,Annual,From 20 to 64 years,Percentage
Serbia,2021,Females,From 12 to 23 months,8.6,b,,ESTAT:LFSA_EGAD(1.0),2017-04-26 11:00:00,Annual,From 20 to 64 years,Percentage
Serbia,2022,Females,From 12 to 23 months,8.4,,,ESTAT:LFSA_EGAD(1.0),2017-04-26 11:00:00,Annual,From 20 to 64 years,Percentage
Serbia,2023,Females,From 12 to 23 months,9.1,,,ESTAT:LFSA_EGAD(1.0),2017-04-26 11:00:00,Annual,From 20 to 64 years,Percentage
Serbia,2024,Females,From 12 to 23 months,8.9,,,ESTAT:LFSA_EGAD(1.0),2017-04-26 11:00:00,Annual,From 20 to 64 years,Percentage
Serbia,2025,Females,From 12 to 23 months,8.4,,,ESTAT:LFSA_EGAD(1.0),2017-04-26 11:00:00,Annual,From 20 to 64 years,Percentage
Sweden,2016,Females,From 12 to 23 months,10.8,,,ESTAT:LFSA_EGAD(1.0),2017-04-26 11:00:00,Annual,From 20 to 64 years,Percentage
Sweden,2017,Females,From 12 to 23 months,11.7,,,ESTAT:LFSA_EGAD(1.0),2017-04-26 11:00:00,Annual,From 20 to 64 years,Percentage
Sweden,2018,Females,From 12 to 23 months,12.5,b,,ESTAT:LFSA_EGAD(1.0),2017-04-26 11:00:00,Annual,From 20 to 64 years,Percentage
Sweden,2019,Females,From 12 to 23 months,12.1,,,ESTAT:LFSA_EGAD(1.0),2017-04-26 11:00:00,Annual,From 20 to 64 years,Percentage
Sweden,2020,Females,From 12 to 23 months,11.8,,,ESTAT:LFSA_EGAD(1.0),2017-04-26 11:00:00,Annual,From 20 to 64 years,Percentage
Sweden,2021,Females,From 12 to 23 months,10.4,b,,ESTAT:LFSA_EGAD(1.0),2017-04-26 11:00:00,Annual,From 20 to 64 years,Percentage
Sweden,2022,Females,From 12 to 23 months,10.0,,,ESTAT:LFSA_EGAD(1.0),2017-04-26 11:00:00,Annual,From 20 to 64 years,Percentage
Sweden,2023,Females,From 12 to 23 months,13.0,,,ESTAT:LFSA_EGAD(1.0),2017-04-26 11:00:00,Annual,From 20 to 64 years,Percentage
Sweden,2024,Females,From 12 to 23 months,12.2,,,ESTAT:LFSA_EGAD(1.0),2017-04-26 11:00:00,Annual,From 20 to 64 years,Percentage
Sweden,2025,Females,From 12 to 23 months,10.1,,,ESTAT:LFSA_EGAD(1.0),2017-04-26 11:00:00,Annual,From 20 to 64 years,Percentage
Slovenia,2016,Females,From 12 to 23 months,8.3,,,ESTAT:LFSA_EGAD(1.0),2017-04-26 11:00:00,Annual,From 20 to 64 years,Percentage
Slovenia,2017,Females,From 12 to 23 months,7.8,,,ESTAT:LFSA_EGAD(1.0),2017-04-26 11:00:00,Annual,From 20 to 64 years,Percentage
Slovenia,2018,Females,From 12 to 23 months,8.9,,,ESTAT:LFSA_EGAD(1.0),2017-04-26 11:00:00,Annual,From 20 to 64 years,Percentage
Slovenia,2019,Females,From 12 to 23 months,9.5,,,ESTAT:LFSA_EGAD(1.0),2017-04-26 11:00:00,Annual,From 20 to 64 years,Percentage
Slovenia,2020,Females,From 12 to 23 months,9.4,,,ESTAT:LFSA_EGAD(1.0),2017-04-26 11:00:00,Annual,From 20 to 64 years,Percentage
Slovenia,2021,Females,From 12 to 23 months,6.7,b,,ESTAT:LFSA_EGAD(1.0),2017-04-26 11:00:00,Annual,From 20 to 64 years,Percentage
Slovenia,2022,Females,From 12 to 23 months,7.9,,,ESTAT:LFSA_EGAD(1.0),2017-04-26 11:00:00,Annual,From 20 to 64 years,Percentage
Slovenia,2023,Females,From 12 to 23 months,9.4,,,ESTAT:LFSA_EGAD(1.0),2017-04-26 11:00:00,Annual,From 20 to 64 years,Percentage
Slovenia,2024,Females,From 12 to 23 months,8.8,,,ESTAT:LFSA_EGAD(1.0),2017-04-26 11:00:00,Annual,From 20 to 64 years,Percentage
Slovenia,2025,Females,From 12 to 23 months,7.6,,,ESTAT:LFSA_EGAD(1.0),2017-04-26 11:00:00,Annual,From 20 to 64 years,Percentage
Slovakia,2016,Females,From 12 to 23 months,8.7,,,ESTAT:LFSA_EGAD(1.0),2017-04-26 11:00:00,Annual,From 20 to 64 years,Percentage
Slovakia,2017,Females,From 12 to 23 months,9.5,,,ESTAT:LFSA_EGAD(1.0),2017-04-26 11:00:00,Annual,From 20 to 64 years,Percentage
Slovakia,2018,Females,From 12 to 23 months,9.3,,,ESTAT:LFSA_EGAD(1.0),2017-04-26 11:00:00,Annual,From 20 to 64 years,Percentage
Slovakia,2019,Females,From 12 to 23 months,9.5,,,ESTAT:LFSA_EGAD(1.0),2017-04-26 11:00:00,Annual,From 20 to 64 years,Percentage
Slovakia,2020,Females,From 12 to 23 months,8.7,,,ESTAT:LFSA_EGAD(1.0),2017-04-26 11:00:00,Annual,From 20 to 64 years,Percentage
Slovakia,2021,Females,From 12 to 23 months,7.0,b,,ESTAT:LFSA_EGAD(1.0),2017-04-26 11:00:00,Annual,From 20 to 64 years,Percentage
Slovakia,2022,Females,From 12 to 23 months,6.6,,,ESTAT:LFSA_EGAD(1.0),2017-04-26 11:00:00,Annual,From 20 to 64 years,Percentage
Slovakia,2023,Females,From 12 to 23 months,7.0,,,ESTAT:LFSA_EGAD(1.0),2017-04-26 11:00:00,Annual,From 20 to 64 years,Percentage
Slovakia,2024,Females,From 12 to 23 months,7.7,,,ESTAT:LFSA_EGAD(1.0),2017-04-26 11:00:00,Annual,From 20 to 64 years,Percentage
Slovakia,2025,Females,From 12 to 23 months,7.8,,,ESTAT:LFSA_EGAD(1.0),2017-04-26 11:00:00,Annual,From 20 to 64 years,Percentage
Türkiye,2016,Females,From 12 to 23 months,10.2,,,ESTAT:LFSA_EGAD(1.0),2017-04-26 11:00:00,Annual,From 20 to 64 years,Percentage
Türkiye,2017,Females,From 12 to 23 months,9.3,,,ESTAT:LFSA_EGAD(1.0),2017-04-26 11:00:00,Annual,From 20 to 64 years,Percentage
Türkiye,2018,Females,From 12 to 23 months,9.6,,,ESTAT:LFSA_EGAD(1.0),2017-04-26 11:00:00,Annual,From 20 to 64 years,Percentage
Türkiye,2019,Females,From 12 to 23 months,10.8,,,ESTAT:LFSA_EGAD(1.0),2017-04-26 11:00:00,Annual,From 20 to 64 years,Percentage
Türkiye,2020,Females,From 12 to 23 months,10.2,,,ESTAT:LFSA_EGAD(1.0),2017-04-26 11:00:00,Annual,From 20 to 64 years,Percentage
Türkiye,2021,Females,From 12 to 23 months,10.3,b,,ESTAT:LFSA_EGAD(1.0),2017-04-26 11:00:00,Annual,From 20 to 64 years,Percentage
Türkiye,2022,Females,From 12 to 23 months,10.0,,,ESTAT:LFSA_EGAD(1.0),2017-04-26 11:00:00,Annual,From 20 to 64 years,Percentage
Türkiye,2023,Females,From 12 to 23 months,11.6,,,ESTAT:LFSA_EGAD(1.0),2017-04-26 11:00:00,Annual,From 20 to 64 years,Percentage
Türkiye,2024,Females,From 12 to 23 months,11.9,,,ESTAT:LFSA_EGAD(1.0),2017-04-26 11:00:00,Annual,From 20 to 64 years,Percentage
Türkiye,2025,Females,From 12 to 23 months,11.3,,,ESTAT:LFSA_EGAD(1.0),2017-04-26 11:00:00,Annual,From 20 to 64 years,Percentage
United Kingdom,2016,Females,From 12 to 23 months,11.8,,,ESTAT:LFSA_EGAD(1.0),2017-04-26 11:00:00,Annual,From 20 to 64 years,Percentage
United Kingdom,2017,Females,From 12 to 23 months,11.9,,,ESTAT:LFSA_EGAD(1.0),2017-04-26 11:00:00,Annual,From 20 to 64 years,Percentage
United Kingdom,2018,Females,From 12 to 23 months,11.9,,,ESTAT:LFSA_EGAD(1.0),2017-04-26 11:00:00,Annual,From 20 to 64 years,Percentage
United Kingdom,2019,Females,From 12 to 23 months,12.3,,,ESTAT:LFSA_EGAD(1.0),2017-04-26 11:00:00,Annual,From 20 to 64 years,Percentage
Austria,2016,Males,From 12 to 23 months,8.9,,,ESTAT:LFSA_EGAD(1.0),2017-04-26 11:00:00,Annual,From 20 to 64 years,Percentage
Austria,2017,Males,From 12 to 23 months,9.0,,,ESTAT:LFSA_EGAD(1.0),2017-04-26 11:00:00,Annual,From 20 to 64 years,Percentage
Austria,2018,Males,From 12 to 23 months,9.3,,,ESTAT:LFSA_EGAD(1.0),2017-04-26 11:00:00,Annual,From 20 to 64 years,Percentage
Austria,2019,Males,From 12 to 23 months,9.4,,,ESTAT:LFSA_EGAD(1.0),2017-04-26 11:00:00,Annual,From 20 to 64 years,Percentage
Austria,2020,Males,From 12 to 23 months,9.5,,,ESTAT:LFSA_EGAD(1.0),2017-04-26 11:00:00,Annual,From 20 to 64 years,Percentage
Austria,2021,Males,From 12 to 23 months,8.3,b,,ESTAT:LFSA_EGAD(1.0),2017-04-26 11:00:00,Annual,From 20 to 64 years,Percentage
Austria,2022,Males,From 12 to 23 months,8.9,,,ESTAT:LFSA_EGAD(1.0),2017-04-26 11:00:00,Annual,From 20 to 64 years,Percentage
Austria,2023,Males,From 12 to 23 months,9.7,,,ESTAT:LFSA_EGAD(1.0),2017-04-26 11:00:00,Annual,From 20 to 64 years,Percentage
Austria,2024,Males,From 12 to 23 months,9.6,,,ESTAT:LFSA_EGAD(1.0),2017-04-26 11:00:00,Annual,From 20 to 64 years,Percentage
Austria,2025,Males,From 12 to 23 months,8.9,,,ESTAT:LFSA_EGAD(1.0),2017-04-26 11:00:00,Annual,From 20 to 64 years,Percentage
Bosnia and Herzegovina,2021,Males,From 12 to 23 months,6.9,b,,ESTAT:LFSA_EGAD(1.0),2017-04-26 11:00:00,Annual,From 20 to 64 years,Percentage
Bosnia and Herzegovina,2022,Males,From 12 to 23 months,6.1,,,ESTAT:LFSA_EGAD(1.0),2017-04-26 11:00:00,Annual,From 20 to 64 years,Percentage
Bosnia and Herzegovina,2023,Males,From 12 to 23 months,6.8,,,ESTAT:LFSA_EGAD(1.0),2017-04-26 11:00:00,Annual,From 20 to 64 years,Percentage
Bosnia and Herzegovina,2024,Males,From 12 to 23 months,5.8,,,ESTAT:LFSA_EGAD(1.0),2017-04-26 11:00:00,Annual,From 20 to 64 years,Percentage
Bosnia and Herzegovina,2025,Males,From 12 to 23 months,6.5,,,ESTAT:LFSA_EGAD(1.0),2017-04-26 11:00:00,Annual,From 20 to 64 years,Percentage
Belgium,2016,Males,From 12 to 23 months,8.1,,,ESTAT:LFSA_EGAD(1.0),2017-04-26 11:00:00,Annual,From 20 to 64 years,Percentage
Belgium,2017,Males,From 12 to 23 months,8.5,b,,ESTAT:LFSA_EGAD(1.0),2017-04-26 11:00:00,Annual,From 20 to 64 years,Percentage
Belgium,2018,Males,From 12 to 23 months,8.9,,,ESTAT:LFSA_EGAD(1.0),2017-04-26 11:00:00,Annual,From 20 to 64 years,Percentage
Belgium,2019,Males,From 12 to 23 months,9.6,,,ESTAT:LFSA_EGAD(1.0),2017-04-26 11:00:00,Annual,From 20 to 64 years,Percentage
Belgium,2020,Males,From 12 to 23 months,9.3,,,ESTAT:LFSA_EGAD(1.0),2017-04-26 11:00:00,Annual,From 20 to 64 years,Percentage
Belgium,2021,Males,From 12 to 23 months,8.3,b,,ESTAT:LFSA_EGAD(1.0),2017-04-26 11:00:00,Annual,From 20 to 64 years,Percentage
Belgium,2022,Males,From 12 to 23 months,8.1,,,ESTAT:LFSA_EGAD(1.0),2017-04-26 11:00:00,Annual,From 20 to 64 years,Percentage
Belgium,2023,Males,From 12 to 23 months,9.0,,,ESTAT:LFSA_EGAD(1.0),2017-04-26 11:00:00,Annual,From 20 to 64 years,Percentage
Belgium,2024,Males,From 12 to 23 months,8.7,,,ESTAT:LFSA_EGAD(1.0),2017-04-26 11:00:00,Annual,From 20 to 64 years,Percentage
Belgium,2025,Males,From 12 to 23 months,8.2,,,ESTAT:LFSA_EGAD(1.0),2017-04-26 11:00:00,Annual,From 20 to 64 years,Percentage
Bulgaria,2016,Males,From 12 to 23 months,7.2,,,ESTAT:LFSA_EGAD(1.0),2017-04-26 11:00:00,Annual,From 20 to 64 years,Percentage
Bulgaria,2017,Males,From 12 to 23 months,7.3,,,ESTAT:LFSA_EGAD(1.0),2017-04-26 11:00:00,Annual,From 20 to 64 years,Percentage
Bulgaria,2018,Males,From 12 to 23 months,6.8,,,ESTAT:LFSA_EGAD(1.0),2017-04-26 11:00:00,Annual,From 20 to 64 years,Percentage
Bulgaria,2019,Males,From 12 to 23 months,6.0,b,,ESTAT:LFSA_EGAD(1.0),2017-04-26 11:00:00,Annual,From 20 to 64 years,Percentage
Bulgaria,2020,Males,From 12 to 23 months,5.9,,,ESTAT:LFSA_EGAD(1.0),2017-04-26 11:00:00,Annual,From 20 to 64 years,Percentage
Bulgaria,2021,Males,From 12 to 23 months,4.8,b,,ESTAT:LFSA_EGAD(1.0),2017-04-26 11:00:00,Annual,From 20 to 64 years,Percentage
Bulgaria,2022,Males,From 12 to 23 months,5.0,,,ESTAT:LFSA_EGAD(1.0),2017-04-26 11:00:00,Annual,From 20 to 64 years,Percentage
Bulgaria,2023,Males,From 12 to 23 months,5.3,,,ESTAT:LFSA_EGAD(1.0),2017-04-26 11:00:00,Annual,From 20 to 64 years,Percentage
Bulgaria,2024,Males,From 12 to 23 months,5.6,b,,ESTAT:LFSA_EGAD(1.0),2017-04-26 11:00:00,Annual,From 20 to 64 years,Percentage
Bulgaria,2025,Males,From 12 to 23 months,5.5,,,ESTAT:LFSA_EGAD(1.0),2017-04-26 11:00:00,Annual,From 20 to 64 years,Percentage
Switzerland,2016,Males,From 12 to 23 months,10.8,,,ESTAT:LFSA_EGAD(1.0),2017-04-26 11:00:00,Annual,From 20 to 64 years,Percentage
Switzerland,2017,Males,From 12 to 23 months,10.8,,,ESTAT:LFSA_EGAD(1.0),2017-04-26 11:00:00,Annual,From 20 to 64 years,Percentage
Switzerland,2018,Males,From 12 to 23 months,10.8,,,ESTAT:LFSA_EGAD(1.0),2017-04-26 11:00:00,Annual,From 20 to 64 years,Percentage
Switzerland,2019,Males,From 12 to 23 months,11.4,,,ESTAT:LFSA_EGAD(1.0),2017-04-26 11:00:00,Annual,From 20 to 64 years,Percentage
Switzerland,2020,Males,From 12 to 23 months,11.2,,,ESTAT:LFSA_EGAD(1.0),2017-04-26 11:00:00,Annual,From 20 to 64 years,Percentage
Switzerland,2021,Males,From 12 to 23 months,11.4,b,,ESTAT:LFSA_EGAD(1.0),2017-04-26 11:00:00,Annual,From 20 to 64 years,Percentage
Switzerland,2022,Males,From 12 to 23 months,10.6,,,ESTAT:LFSA_EGAD(1.0),2017-04-26 11:00:00,Annual,From 20 to 64 years,Percentage
Switzerland,2023,Males,From 12 to 23 months,11.7,,,ESTAT:LFSA_EGAD(1.0),2017-04-26 11:00:00,Annual,From 20 to 64 years,Percentage
Switzerland,2024,Males,From 12 to 23 months,12.1,,,ESTAT:LFSA_EGAD(1.0),2017-04-26 11:00:00,Annual,From 20 to 64 years,Percentage
Switzerland,2025,Males,From 12 to 23 months,11.5,,,ESTAT:LFSA_EGAD(1.0),2017-04-26 11:00:00,Annual,From 20 to 64 years,Percentage
Cyprus,2016,Males,From 12 to 23 months,9.4,,,ESTAT:LFSA_EGAD(1.0),2017-04-26 11:00:00,Annual,From 20 to 64 years,Percentage
Cyprus,2017,Males,From 12 to 23 months,9.7,,,ESTAT:LFSA_EGAD(1.0),2017-04-26 11:00:00,Annual,From 20 to 64 years,Percentage
Cyprus,2018,Males,From 12 to 23 months,11.0,,,ESTAT:LFSA_EGAD(1.0),2017-04-26 11:00:00,Annual,From 20 to 64 years,Percentage
Cyprus,2019,Males,From 12 to 23 months,11.8,,,ESTAT:LFSA_EGAD(1.0),2017-04-26 11:00:00,Annual,From 20 to 64 years,Percentage
Cyprus,2020,Males,From 12 to 23 months,12.5,,,ESTAT:LFSA_EGAD(1.0),2017-04-26 11:00:00,Annual,From 20 to 64 years,Percentage
Cyprus,2021,Males,From 12 to 23 months,10.5,b,,ESTAT:LFSA_EGAD(1.0),2017-04-26 11:00:00,Annual,From 20 to 64 years,Percentage
Cyprus,2022,Males,From 12 to 23 months,10.0,,,ESTAT:LFSA_EGAD(1.0),2017-04-26 11:00:00,Annual,From 20 to 64 years,Percentage
Cyprus,2023,Males,From 12 to 23 months,11.0,,,ESTAT:LFSA_EGAD(1.0),2017-04-26 11:00:00,Annual,From 20 to 64 years,Percentage
Cyprus,2024,Males,From 12 to 23 months,11.3,,,ESTAT:LFSA_EGAD(1.0),2017-04-26 11:00:00,Annual,From 20 to 64 years,Percentage
Cyprus,2025,Males,From 12 to 23 months,10.9,,,ESTAT:LFSA_EGAD(1.0),2017-04-26 11:00:00,Annual,From 20 to 64 years,Percentage
Czechia,2016,Males,From 12 to 23 months,7.6,,,ESTAT:LFSA_EGAD(1.0),2017-04-26 11:00:00,Annual,From 20 to 64 years,Percentage
Czechia,2017,Males,From 12 to 23 months,7.3,,,ESTAT:LFSA_EGAD(1.0),2017-04-26 11:00:00,Annual,From 20 to 64 years,Percentage
Czechia,2018,Males,From 12 to 23 months,7.5,,,ESTAT:LFSA_EGAD(1.0),2017-04-26 11:00:00,Annual,From 20 to 64 years,Percentage
Czechia,2019,Males,From 12 to 23 months,7.2,,,ESTAT:LFSA_EGAD(1.0),2017-04-26 11:00:00,Annual,From 20 to 64 years,Percentage
Czechia,2020,Males,From 12 to 23 months,6.8,,,ESTAT:LFSA_EGAD(1.0),2017-04-26 11:00:00,Annual,From 20 to 64 years,Percentage
Czechia,2021,Males,From 12 to 23 months,6.4,b,,ESTAT:LFSA_EGAD(1.0),2017-04-26 11:00:00,Annual,From 20 to 64 years,Percentage
Czechia,2022,Males,From 12 to 23 months,5.7,,,ESTAT:LFSA_EGAD(1.0),2017-04-26 11:00:00,Annual,From 20 to 64 years,Percentage
Czechia,2023,Males,From 12 to 23 months,6.6,,,ESTAT:LFSA_EGAD(1.0),2017-04-26 11:00:00,Annual,From 20 to 64 years,Percentage
Czechia,2024,Males,From 12 to 23 months,6.5,,,ESTAT:LFSA_EGAD(1.0),2017-04-26 11:00:00,Annual,From 20 to 64 years,Percentage
Czechia,2025,Males,From 12 to 23 months,6.2,,,ESTAT:LFSA_EGAD(1.0),2017-04-26 11:00:00,Annual,From 20 to 64 years,Percentage
Germany,2016,Males,From 12 to 23 months,8.7,,,ESTAT:LFSA_EGAD(1.0),2017-04-26 11:00:00,Annual,From 20 to 64 years,Percentage
Germany,2017,Males,From 12 to 23 months,9.1,,,ESTAT:LFSA_EGAD(1.0),2017-04-26 11:00:00,Annual,From 20 to 64 years,Percentage
Germany,2018,Males,From 12 to 23 months,9.2,,,ESTAT:LFSA_EGAD(1.0),2017-04-26 11:00:00,Annual,From 20 to 64 years,Percentage
Germany,2019,Males,From 12 to 23 months,9.6,,,ESTAT:LFSA_EGAD(1.0),2017-04-26 11:00:00,Annual,From 20 to 64 years,Percentage
Germany,2020,Males,From 12 to 23 months,9.2,b,,ESTAT:LFSA_EGAD(1.0),2017-04-26 11:00:00,Annual,From 20 to 64 years,Percentage
Germany,2021,Males,From 12 to 23 months,8.8,b,,ESTAT:LFSA_EGAD(1.0),2017-04-26 11:00:00,Annual,From 20 to 64 years,Percentage
Germany,2022,Males,From 12 to 23 months,8.4,,,ESTAT:LFSA_EGAD(1.0),2017-04-26 11:00:00,Annual,From 20 to 64 years,Percentage
Germany,2023,Males,From 12 to 23 months,10.0,,,ESTAT:LFSA_EGAD(1.0),2017-04-26 11:00:00,Annual,From 20 to 64 years,Percentage
Germany,2024,Males,From 12 to 23 months,10.1,,,ESTAT:LFSA_EGAD(1.0),2017-04-26 11:00:00,Annual,From 20 to 64 years,Percentage
Germany,2025,Males,From 12 to 23 months,10.0,,,ESTAT:LFSA_EGAD(1.0),2017-04-26 11:00:00,Annual,From 20 to 64 years,Percentage
Denmark,2016,Males,From 12 to 23 months,12.5,b,,ESTAT:LFSA_EGAD(1.0),2017-04-26 11:00:00,Annual,From 20 to 64 years,Percentage
Denmark,2017,Males,From 12 to 23 months,12.9,b,,ESTAT:LFSA_EGAD(1.0),2017-04-26 11:00:00,Annual,From 20 to 64 years,Percentage
Denmark,2018,Males,From 12 to 23 months,13.9,,,ESTAT:LFSA_EGAD(1.0),2017-04-26 11:00:00,Annual,From 20 to 64 years,Percentage
Denmark,2019,Males,From 12 to 23 months,13.4,,,ESTAT:LFSA_EGAD(1.0),2017-04-26 11:00:00,Annual,From 20 to 64 years,Percentage
Denmark,2020,Males,From 12 to 23 months,13.3,,,ESTAT:LFSA_EGAD(1.0),2017-04-26 11:00:00,Annual,From 20 to 64 years,Percentage
Denmark,2021,Males,From 12 to 23 months,12.7,b,,ESTAT:LFSA_EGAD(1.0),2017-04-26 11:00:00,Annual,From 20 to 64 years,Percentage
Denmark,2022,Males,From 12 to 23 months,13.1,,,ESTAT:LFSA_EGAD(1.0),2017-04-26 11:00:00,Annual,From 20 to 64 years,Percentage
Denmark,2023,Males,From 12 to 23 months,13.5,b,,ESTAT:LFSA_EGAD(1.0),2017-04-26 11:00:00,Annual,From 20 to 64 years,Percentage
Denmark,2024,Males,From 12 to 23 months,12.8,,,ESTAT:LFSA_EGAD(1.0),2017-04-26 11:00:00,Annual,From 20 to 64 years,Percentage
Denmark,2025,Males,From 12 to 23 months,13.4,,,ESTAT:LFSA_EGAD(1.0),2017-04-26 11:00:00,Annual,From 20 to 64 years,Percentage
Euro area – 21 countries (from 2026),2016,Males,From 12 to 23 months,8.1,,,ESTAT:LFSA_EGAD(1.0),2017-04-26 11:00:00,Annual,From 20 to 64 years,Percentage
Euro area – 21 countries (from 2026),2017,Males,From 12 to 23 months,8.4,,,ESTAT:LFSA_EGAD(1.0),2017-04-26 11:00:00,Annual,From 20 to 64 years,Percentage
Euro area – 21 countries (from 2026),2018,Males,From 12 to 23 months,8.6,,,ESTAT:LFSA_EGAD(1.0),2017-04-26 11:00:00,Annual,From 20 to 64 years,Percentage
Euro area – 21 countries (from 2026),2019,Males,From 12 to 23 months,9.0,,,ESTAT:LFSA_EGAD(1.0),2017-04-26 11:00:00,Annual,From 20 to 64 years,Percentage
Euro area – 21 countries (from 2026),2020,Males,From 12 to 23 months,8.9,,,ESTAT:LFSA_EGAD(1.0),2017-04-26 11:00:00,Annual,From 20 to 64 years,Percentage
Euro area – 21 countries (from 2026),2021,Males,From 12 to 23 months,8.1,b,,ESTAT:LFSA_EGAD(1.0),2017-04-26 11:00:00,Annual,From 20 to 64 years,Percentage
Euro area – 21 countries (from 2026),2022,Males,From 12 to 23 months,8.1,,,ESTAT:LFSA_EGAD(1.0),2017-04-26 11:00:00,Annual,From 20 to 64 years,Percentage
Euro area – 21 countries (from 2026),2023,Males,From 12 to 23 months,9.3,,,ESTAT:LFSA_EGAD(1.0),2017-04-26 11:00:00,Annual,From 20 to 64 years,Percentage
Euro area – 21 countries (from 2026),2024,Males,From 12 to 23 months,9.5,,,ESTAT:LFSA_EGAD(1.0),2017-04-26 11:00:00,Annual,From 20 to 64 years,Percentage
Euro area – 21 countries (from 2026),2025,Males,From 12 to 23 months,9.1,,,ESTAT:LFSA_EGAD(1.0),2017-04-26 11:00:00,Annual,From 20 to 64 years,Percentage
Estonia,2016,Males,From 12 to 23 months,11.6,,,ESTAT:LFSA_EGAD(1.0),2017-04-26 11:00:00,Annual,From 20 to 64 years,Percentage
Estonia,2017,Males,From 12 to 23 months,11.6,,,ESTAT:LFSA_EGAD(1.0),2017-04-26 11:00:00,Annual,From 20 to 64 years,Percentage
Estonia,2018,Males,From 12 to 23 months,12.6,,,ESTAT:LFSA_EGAD(1.0),2017-04-26 11:00:00,Annual,From 20 to 64 years,Percentage
Estonia,2019,Males,From 12 to 23 months,12.6,,,ESTAT:LFSA_EGAD(1.0),2017-04-26 11:00:00,Annual,From 20 to 64 years,Percentage
Estonia,2020,Males,From 12 to 23 months,11.3,,,ESTAT:LFSA_EGAD(1.0),2017-04-26 11:00:00,Annual,From 20 to 64 years,Percentage
Estonia,2021,Males,From 12 to 23 months,10.5,b,,ESTAT:LFSA_EGAD(1.0),2017-04-26 11:00:00,Annual,From 20 to 64 years,Percentage
Estonia,2022,Males,From 12 to 23 months,9.7,,,ESTAT:LFSA_EGAD(1.0),2017-04-26 11:00:00,Annual,From 20 to 64 years,Percentage
Estonia,2023,Males,From 12 to 23 months,11.3,,,ESTAT:LFSA_EGAD(1.0),2017-04-26 11:00:00,Annual,From 20 to 64 years,Percentage
Estonia,2024,Males,From 12 to 23 months,11.9,,,ESTAT:LFSA_EGAD(1.0),2017-04-26 11:00:00,Annual,From 20 to 64 years,Percentage
Estonia,2025,Males,From 12 to 23 months,9.5,,,ESTAT:LFSA_EGAD(1.0),2017-04-26 11:00:00,Annual,From 20 to 64 years,Percentage
Greece,2016,Males,From 12 to 23 months,7.0,,,ESTAT:LFSA_EGAD(1.0),2017-04-26 11:00:00,Annual,From 20 to 64 years,Percentage
Greece,2017,Males,From 12 to 23 months,7.0,,,ESTAT:LFSA_EGAD(1.0),2017-04-26 11:00:00,Annual,From 20 to 64 years,Percentage
Greece,2018,Males,From 12 to 23 months,6.6,,,ESTAT:LFSA_EGAD(1.0),2017-04-26 11:00:00,Annual,From 20 to 64 years,Percentage
Greece,2019,Males,From 12 to 23 months,6.8,,,ESTAT:LFSA_EGAD(1.0),2017-04-26 11:00:00,Annual,From 20 to 64 years,Percentage
Greece,2020,Males,From 12 to 23 months,6.7,,,ESTAT:LFSA_EGAD(1.0),2017-04-26 11:00:00,Annual,From 20 to 64 years,Percentage
Greece,2021,Males,From 12 to 23 months,6.5,b,,ESTAT:LFSA_EGAD(1.0),2017-04-26 11:00:00,Annual,From 20 to 64 years,Percentage
Greece,2022,Males,From 12 to 23 months,5.8,,,ESTAT:LFSA_EGAD(1.0),2017-04-26 11:00:00,Annual,From 20 to 64 years,Percentage
Greece,2023,Males,From 12 to 23 months,6.9,,,ESTAT:LFSA_EGAD(1.0),2017-04-26 11:00:00,Annual,From 20 to 64 years,Percentage
Greece,2024,Males,From 12 to 23 months,6.4,,,ESTAT:LFSA_EGAD(1.0),2017-04-26 11:00:00,Annual,From 20 to 64 years,Percentage
Greece,2025,Males,From 12 to 23 months,6.2,,,ESTAT:LFSA_EGAD(1.0),2017-04-26 11:00:00,Annual,From 20 to 64 years,Percentage
Spain,2016,Males,From 12 to 23 months,8.3,,,ESTAT:LFSA_EGAD(1.0),2017-04-26 11:00:00,Annual,From 20 to 64 years,Percentage
Spain,2017,Males,From 12 to 23 months,8.7,,,ESTAT:LFSA_EGAD(1.0),2017-04-26 11:00:00,Annual,From 20 to 64 years,Percentage
Spain,2018,Males,From 12 to 23 months,8.7,,,ESTAT:LFSA_EGAD(1.0),2017-04-26 11:00:00,Annual,From 20 to 64 years,Percentage
Spain,2019,Males,From 12 to 23 months,9.0,,,ESTAT:LFSA_EGAD(1.0),2017-04-26 11:00:00,Annual,From 20 to 64 years,Percentage
Spain,2020,Males,From 12 to 23 months,9.1,,,ESTAT:LFSA_EGAD(1.0),2017-04-26 11:00:00,Annual,From 20 to 64 years,Percentage
Spain,2021,Males,From 12 to 23 months,7.8,bd,,ESTAT:LFSA_EGAD(1.0),2017-04-26 11:00:00,Annual,From 20 to 64 years,Percentage
Spain,2022,Males,From 12 to 23 months,7.9,d,,ESTAT:LFSA_EGAD(1.0),2017-04-26 11:00:00,Annual,From 20 to 64 years,Percentage
Spain,2023,Males,From 12 to 23 months,9.3,d,,ESTAT:LFSA_EGAD(1.0),2017-04-26 11:00:00,Annual,From 20 to 64 years,Percentage
Spain,2024,Males,From 12 to 23 months,9.8,d,,ESTAT:LFSA_EGAD(1.0),2017-04-26 11:00:00,Annual,From 20 to 64 years,Percentage
Spain,2025,Males,From 12 to 23 months,9.6,d,,ESTAT:LFSA_EGAD(1.0),2017-04-26 11:00:00,Annual,From 20 to 64 years,Percentage
European Union - 27 countries (from 2020),2016,Males,From 12 to 23 months,8.3,,,ESTAT:LFSA_EGAD(1.0),2017-04-26 11:00:00,Annual,From 20 to 64 years,Percentage
European Union - 27 countries (from 2020),2017,Males,From 12 to 23 months,8.6,,,ESTAT:LFSA_EGAD(1.0),2017-04-26 11:00:00,Annual,From 20 to 64 years,Percentage
European Union - 27 countries (from 2020),2018,Males,From 12 to 23 months,8.8,,,ESTAT:LFSA_EGAD(1.0),2017-04-26 11:00:00,Annual,From 20 to 64 years,Percentage
European Union - 27 countries (from 2020),2019,Males,From 12 to 23 months,9.1,,,ESTAT:LFSA_EGAD(1.0),2017-04-26 11:00:00,Annual,From 20 to 64 years,Percentage
European Union - 27 countries (from 2020),2020,Males,From 12 to 23 months,8.9,,,ESTAT:LFSA_EGAD(1.0),2017-04-26 11:00:00,Annual,From 20 to 64 years,Percentage
European Union - 27 countries (from 2020),2021,Males,From 12 to 23 months,8.0,b,,ESTAT:LFSA_EGAD(1.0),2017-04-26 11:00:00,Annual,From 20 to 64 years,Percentage
European Union - 27 countries (from 2020),2022,Males,From 12 to 23 months,8.0,,,ESTAT:LFSA_EGAD(1.0),2017-04-26 11:00:00,Annual,From 20 to 64 years,Percentage
European Union - 27 countries (from 2020),2023,Males,From 12 to 23 months,9.1,,,ESTAT:LFSA_EGAD(1.0),2017-04-26 11:00:00,Annual,From 20 to 64 years,Percentage
European Union - 27 countries (from 2020),2024,Males,From 12 to 23 months,9.2,,,ESTAT:LFSA_EGAD(1.0),2017-04-26 11:00:00,Annual,From 20 to 64 years,Percentage
European Union - 27 countries (from 2020),2025,Males,From 12 to 23 months,8.8,,,ESTAT:LFSA_EGAD(1.0),2017-04-26 11:00:00,Annual,From 20 to 64 years,Percentage
Finland,2016,Males,From 12 to 23 months,8.4,,,ESTAT:LFSA_EGAD(1.0),2017-04-26 11:00:00,Annual,From 20 to 64 years,Percentage
Finland,2017,Males,From 12 to 23 months,9.4,,,ESTAT:LFSA_EGAD(1.0),2017-04-26 11:00:00,Annual,From 20 to 64 years,Percentage
Finland,2018,Males,From 12 to 23 months,10.2,,,ESTAT:LFSA_EGAD(1.0),2017-04-26 11:00:00,Annual,From 20 to 64 years,Percentage
Finland,2019,Males,From 12 to 23 months,11.1,,,ESTAT:LFSA_EGAD(1.0),2017-04-26 11:00:00,Annual,From 20 to 64 years,Percentage
Finland,2020,Males,From 12 to 23 months,10.9,,,ESTAT:LFSA_EGAD(1.0),2017-04-26 11:00:00,Annual,From 20 to 64 years,Percentage
Finland,2021,Males,From 12 to 23 months,9.3,b,,ESTAT:LFSA_EGAD(1.0),2017-04-26 11:00:00,Annual,From 20 to 64 years,Percentage
Finland,2022,Males,From 12 to 23 months,8.9,,,ESTAT:LFSA_EGAD(1.0),2017-04-26 11:00:00,Annual,From 20 to 64 years,Percentage
Finland,2023,Males,From 12 to 23 months,11.0,,,ESTAT:LFSA_EGAD(1.0),2017-04-26 11:00:00,Annual,From 20 to 64 years,Percentage
Finland,2024,Males,From 12 to 23 months,10.2,,,ESTAT:LFSA_EGAD(1.0),2017-04-26 11:00:00,Annual,From 20 to 64 years,Percentage
Finland,2025,Males,From 12 to 23 months,9.8,,,ESTAT:LFSA_EGAD(1.0),2017-04-26 11:00:00,Annual,From 20 to 64 years,Percentage
France,2016,Males,From 12 to 23 months,7.5,,,ESTAT:LFSA_EGAD(1.0),2017-04-26 11:00:00,Annual,From 20 to 64 years,Percentage
France,2017,Males,From 12 to 23 months,8.2,,,ESTAT:LFSA_EGAD(1.0),2017-04-26 11:00:00,Annual,From 20 to 64 years,Percentage
France,2018,Males,From 12 to 23 months,8.7,,,ESTAT:LFSA_EGAD(1.0),2017-04-26 11:00:00,Annual,From 20 to 64 years,Percentage
France,2019,Males,From 12 to 23 months,9.3,,,ESTAT:LFSA_EGAD(1.0),2017-04-26 11:00:00,Annual,From 20 to 64 years,Percentage
France,2020,Males,From 12 to 23 months,9.7,,,ESTAT:LFSA_EGAD(1.0),2017-04-26 11:00:00,Annual,From 20 to 64 years,Percentage
France,2021,Males,From 12 to 23 months,8.7,bd,,ESTAT:LFSA_EGAD(1.0),2017-04-26 11:00:00,Annual,From 20 to 64 years,Percentage
France,2022,Males,From 12 to 23 months,9.1,d,,ESTAT:LFSA_EGAD(1.0),2017-04-26 11:00:00,Annual,From 20 to 64 years,Percentage
France,2023,Males,From 12 to 23 months,9.9,d,,ESTAT:LFSA_EGAD(1.0),2017-04-26 11:00:00,Annual,From 20 to 64 years,Percentage
France,2024,Males,From 12 to 23 months,10.4,d,,ESTAT:LFSA_EGAD(1.0),2017-04-26 11:00:00,Annual,From 20 to 64 years,Percentage
France,2025,Males,From 12 to 23 months,9.9,d,,ESTAT:LFSA_EGAD(1.0),2017-04-26 11:00:00,Annual,From 20 to 64 years,Percentage
Croatia,2016,Males,From 12 to 23 months,8.8,,,ESTAT:LFSA_EGAD(1.0),2017-04-26 11:00:00,Annual,From 20 to 64 years,Percentage
Croatia,2017,Males,From 12 to 23 months,9.6,,,ESTAT:LFSA_EGAD(1.0),2017-04-26 11:00:00,Annual,From 20 to 64 years,Percentage
Croatia,2018,Males,From 12 to 23 months,9.0,,,ESTAT:LFSA_EGAD(1.0),2017-04-26 11:00:00,Annual,From 20 to 64 years,Percentage
Croatia,2019,Males,From 12 to 23 months,9.9,,,ESTAT:LFSA_EGAD(1.0),2017-04-26 11:00:00,Annual,From 20 to 64 years,Percentage
Croatia,2020,Males,From 12 to 23 months,10.4,,,ESTAT:LFSA_EGAD(1.0),2017-04-26 11:00:00,Annual,From 20 to 64 years,Percentage
Croatia,2021,Males,From 12 to 23 months,6.4,b,,ESTAT:LFSA_EGAD(1.0),2017-04-26 11:00:00,Annual,From 20 to 64 years,Percentage
Croatia,2022,Males,From 12 to 23 months,7.5,,,ESTAT:LFSA_EGAD(1.0),2017-04-26 11:00:00,Annual,From 20 to 64 years,Percentage
Croatia,2023,Males,From 12 to 23 months,8.6,,,ESTAT:LFSA_EGAD(1.0),2017-04-26 11:00:00,Annual,From 20 to 64 years,Percentage
Croatia,2024,Males,From 12 to 23 months,7.9,,,ESTAT:LFSA_EGAD(1.0),2017-04-26 11:00:00,Annual,From 20 to 64 years,Percentage
Croatia,2025,Males,From 12 to 23 months,8.3,,,ESTAT:LFSA_EGAD(1.0),2017-04-26 11:00:00,Annual,From 20 to 64 years,Percentage
Hungary,2016,Males,From 12 to 23 months,9.2,,,ESTAT:LFSA_EGAD(1.0),2017-04-26 11:00:00,Annual,From 20 to 64 years,Percentage
Hungary,2017,Males,From 12 to 23 months,10.1,,,ESTAT:LFSA_EGAD(1.0),2017-04-26 11:00:00,Annual,From 20 to 64 years,Percentage
Hungary,2018,Males,From 12 to 23 months,10.4,b,,ESTAT:LFSA_EGAD(1.0),2017-04-26 11:00:00,Annual,From 20 to 64 years,Percentage
Hungary,2019,Males,From 12 to 23 months,9.9,,,ESTAT:LFSA_EGAD(1.0),2017-04-26 11:00:00,Annual,From 20 to 64 years,Percentage
Hungary,2020,Males,From 12 to 23 months,10.4,,,ESTAT:LFSA_EGAD(1.0),2017-04-26 11:00:00,Annual,From 20 to 64 years,Percentage
Hungary,2021,Males,From 12 to 23 months,9.4,b,,ESTAT:LFSA_EGAD(1.0),2017-04-26 11:00:00,Annual,From 20 to 64 years,Percentage
Hungary,2022,Males,From 12 to 23 months,10.1,,,ESTAT:LFSA_EGAD(1.0),2017-04-26 11:00:00,Annual,From 20 to 64 years,Percentage
Hungary,2023,Males,From 12 to 23 months,10.4,,,ESTAT:LFSA_EGAD(1.0),2017-04-26 11:00:00,Annual,From 20 to 64 years,Percentage
Hungary,2024,Males,From 12 to 23 months,10.2,,,ESTAT:LFSA_EGAD(1.0),2017-04-26 11:00:00,Annual,From 20 to 64 years,Percentage
Hungary,2025,Males,From 12 to 23 months,9.3,,,ESTAT:LFSA_EGAD(1.0),2017-04-26 11:00:00,Annual,From 20 to 64 years,Percentage
Ireland,2016,Males,From 12 to 23 months,9.9,,,ESTAT:LFSA_EGAD(1.0),2017-04-26 11:00:00,Annual,From 20 to 64 years,Percentage
Ireland,2017,Males,From 12 to 23 months,10.0,b,,ESTAT:LFSA_EGAD(1.0),2017-04-26 11:00:00,Annual,From 20 to 64 years,Percentage
Ireland,2018,Males,From 12 to 23 months,9.6,,,ESTAT:LFSA_EGAD(1.0),2017-04-26 11:00:00,Annual,From 20 to 64 years,Percentage
Ireland,2019,Males,From 12 to 23 months,10.5,,,ESTAT:LFSA_EGAD(1.0),2017-04-26 11:00:00,Annual,From 20 to 64 years,Percentage
Ireland,2020,Males,From 12 to 23 months,9.9,,,ESTAT:LFSA_EGAD(1.0),2017-04-26 11:00:00,Annual,From 20 to 64 years,Percentage
Ireland,2021,Males,From 12 to 23 months,8.7,b,,ESTAT:LFSA_EGAD(1.0),2017-04-26 11:00:00,Annual,From 20 to 64 years,Percentage
Ireland,2022,Males,From 12 to 23 months,8.3,,,ESTAT:LFSA_EGAD(1.0),2017-04-26 11:00:00,Annual,From 20 to 64 years,Percentage
Ireland,2023,Males,From 12 to 23 months,10.4,,,ESTAT:LFSA_EGAD(1.0),2017-04-26 11:00:00,Annual,From 20 to 64 years,Percentage
Ireland,2024,Males,From 12 to 23 months,9.8,,,ESTAT:LFSA_EGAD(1.0),2017-04-26 11:00:00,Annual,From 20 to 64 years,Percentage
Ireland,2025,Males,From 12 to 23 months,9.4,,,ESTAT:LFSA_EGAD(1.0),2017-04-26 11:00:00,Annual,From 20 to 64 years,Percentage
Iceland,2016,Males,From 12 to 23 months,10.6,,,ESTAT:LFSA_EGAD(1.0),2017-04-26 11:00:00,Annual,From 20 to 64 years,Percentage
Iceland,2017,Males,From 12 to 23 months,11.9,,,ESTAT:LFSA_EGAD(1.0),2017-04-26 11:00:00,Annual,From 20 to 64 years,Percentage
Iceland,2018,Males,From 12 to 23 months,12.8,,,ESTAT:LFSA_EGAD(1.0),2017-04-26 11:00:00,Annual,From 20 to 64 years,Percentage
Iceland,2019,Males,From 12 to 23 months,12.7,,,ESTAT:LFSA_EGAD(1.0),2017-04-26 11:00:00,Annual,From 20 to 64 years,Percentage
Iceland,2020,Males,From 12 to 23 months,11.2,b,,ESTAT:LFSA_EGAD(1.0),2017-04-26 11:00:00,Annual,From 20 to 64 years,Percentage
Iceland,2021,Males,From 12 to 23 months,9.7,b,,ESTAT:LFSA_EGAD(1.0),2017-04-26 11:00:00,Annual,From 20 to 64 years,Percentage
Iceland,2022,Males,From 12 to 23 months,9.4,,,ESTAT:LFSA_EGAD(1.0),2017-04-26 11:00:00,Annual,From 20 to 64 years,Percentage
Iceland,2023,Males,From 12 to 23 months,12.2,,,ESTAT:LFSA_EGAD(1.0),2017-04-26 11:00:00,Annual,From 20 to 64 years,Percentage
Iceland,2024,Males,From 12 to 23 months,11.4,,,ESTAT:LFSA_EGAD(1.0),2017-04-26 11:00:00,Annual,From 20 to 64 years,Percentage
Italy,2016,Males,From 12 to 23 months,6.8,,,ESTAT:LFSA_EGAD(1.0),2017-04-26 11:00:00,Annual,From 20 to 64 years,Percentage
Italy,2017,Males,From 12 to 23 months,6.6,,,ESTAT:LFSA_EGAD(1.0),2017-04-26 11:00:00,Annual,From 20 to 64 years,Percentage
Italy,2018,Males,From 12 to 23 months,6.8,b,,ESTAT:LFSA_EGAD(1.0),2017-04-26 11:00:00,Annual,From 20 to 64 years,Percentage
Italy,2019,Males,From 12 to 23 months,7.1,,,ESTAT:LFSA_EGAD(1.0),2017-04-26 11:00:00,Annual,From 20 to 64 years,Percentage
Italy,2020,Males,From 12 to 23 months,7.2,,,ESTAT:LFSA_EGAD(1.0),2017-04-26 11:00:00,Annual,From 20 to 64 years,Percentage
Italy,2021,Males,From 12 to 23 months,6.2,b,,ESTAT:LFSA_EGAD(1.0),2017-04-26 11:00:00,Annual,From 20 to 64 years,Percentage
Italy,2022,Males,From 12 to 23 months,6.9,,,ESTAT:LFSA_EGAD(1.0),2017-04-26 11:00:00,Annual,From 20 to 64 years,Percentage
Italy,2023,Males,From 12 to 23 months,8.0,,,ESTAT:LFSA_EGAD(1.0),2017-04-26 11:00:00,Annual,From 20 to 64 years,Percentage
Italy,2024,Males,From 12 to 23 months,8.0,,,ESTAT:LFSA_EGAD(1.0),2017-04-26 11:00:00,Annual,From 20 to 64 years,Percentage
Italy,2025,Males,From 12 to 23 months,7.1,,,ESTAT:LFSA_EGAD(1.0),2017-04-26 11:00:00,Annual,From 20 to 64 years,Percentage
Lithuania,2016,Males,From 12 to 23 months,11.8,,,ESTAT:LFSA_EGAD(1.0),2017-04-26 11:00:00,Annual,From 20 to 64 years,Percentage
Lithuania,2017,Males,From 12 to 23 months,12.5,,,ESTAT:LFSA_EGAD(1.0),2017-04-26 11:00:00,Annual,From 20 to 64 years,Percentage
Lithuania,2018,Males,From 12 to 23 months,11.9,,,ESTAT:LFSA_EGAD(1.0),2017-04-26 11:00:00,Annual,From 20 to 64 years,Percentage
Lithuania,2019,Males,From 12 to 23 months,13.1,,,ESTAT:LFSA_EGAD(1.0),2017-04-26 11:00:00,Annual,From 20 to 64 years,Percentage
Lithuania,2020,Males,From 12 to 23 months,13.4,,,ESTAT:LFSA_EGAD(1.0),2017-04-26 11:00:00,Annual,From 20 to 64 years,Percentage
Lithuania,2021,Males,From 12 to 23 months,12.1,b,,ESTAT:LFSA_EGAD(1.0),2017-04-26 11:00:00,Annual,From 20 to 64 years,Percentage
Lithuania,2022,Males,From 12 to 23 months,9.5,,,ESTAT:LFSA_EGAD(1.0),2017-04-26 11:00:00,Annual,From 20 to 64 years,Percentage
Lithuania,2023,Males,From 12 to 23 months,9.6,,,ESTAT:LFSA_EGAD(1.0),2017-04-26 11:00:00,Annual,From 20 to 64 years,Percentage
Lithuania,2024,Males,From 12 to 23 months,11.2,,,ESTAT:LFSA_EGAD(1.0),2017-04-26 11:00:00,Annual,From 20 to 64 years,Percentage
Lithuania,2025,Males,From 12 to 23 months,11.3,,,ESTAT:LFSA_EGAD(1.0),2017-04-26 11:00:00,Annual,From 20 to 64 years,Percentage
Luxembourg,2016,Males,From 12 to 23 months,10.0,b,,ESTAT:LFSA_EGAD(1.0),2017-04-26 11:00:00,Annual,From 20 to 64 years,Percentage
Luxembourg,2017,Males,From 12 to 23 months,10.3,,,ESTAT:LFSA_EGAD(1.0),2017-04-26 11:00:00,Annual,From 20 to 64 years,Percentage
Luxembourg,2018,Males,From 12 to 23 months,10.4,,,ESTAT:LFSA_EGAD(1.0),2017-04-26 11:00:00,Annual,From 20 to 64 years,Percentage
Luxembourg,2019,Males,From 12 to 23 months,12.4,,,ESTAT:LFSA_EGAD(1.0),2017-04-26 11:00:00,Annual,From 20 to 64 years,Percentage
Luxembourg,2020,Males,From 12 to 23 months,10.8,,,ESTAT:LFSA_EGAD(1.0),2017-04-26 11:00:00,Annual,From 20 to 64 years,Percentage
Luxembourg,2021,Males,From 12 to 23 months,8.2,b,,ESTAT:LFSA_EGAD(1.0),2017-04-26 11:00:00,Annual,From 20 to 64 years,Percentage
Luxembourg,2022,Males,From 12 to 23 months,7.7,,,ESTAT:LFSA_EGAD(1.0),2017-04-26 11:00:00,Annual,From 20 to 64 years,Percentage
Luxembourg,2023,Males,From 12 to 23 months,8.5,,,ESTAT:LFSA_EGAD(1.0),2017-04-26 11:00:00,Annual,From 20 to 64 years,Percentage
Luxembourg,2024,Males,From 12 to 23 months,10.6,,,ESTAT:LFSA_EGAD(1.0),2017-04-26 11:00:00,Annual,From 20 to 64 years,Percentage
Luxembourg,2025,Males,From 12 to 23 months,9.7,,,ESTAT:LFSA_EGAD(1.0),2017-04-26 11:00:00,Annual,From 20 to 64 years,Percentage
Latvia,2016,Males,From 12 to 23 months,9.7,,,ESTAT:LFSA_EGAD(1.0),2017-04-26 11:00:00,Annual,From 20 to 64 years,Percentage
Latvia,2017,Males,From 12 to 23 months,9.8,,,ESTAT:LFSA_EGAD(1.0),2017-04-26 11:00:00,Annual,From 20 to 64 years,Percentage
Latvia,2018,Males,From 12 to 23 months,10.6,,,ESTAT:LFSA_EGAD(1.0),2017-04-26 11:00:00,Annual,From 20 to 64 years,Percentage
Latvia,2019,Males,From 12 to 23 months,10.8,,,ESTAT:LFSA_EGAD(1.0),2017-04-26 11:00:00,Annual,From 20 to 64 years,Percentage
Latvia,2020,Males,From 12 to 23 months,9.9,,,ESTAT:LFSA_EGAD(1.0),2017-04-26 11:00:00,Annual,From 20 to 64 years,Percentage
Latvia,2021,Males,From 12 to 23 months,9.9,b,,ESTAT:LFSA_EGAD(1.0),2017-04-26 11:00:00,Annual,From 20 to 64 years,Percentage
Latvia,2022,Males,From 12 to 23 months,10.8,,,ESTAT:LFSA_EGAD(1.0),2017-04-26 11:00:00,Annual,From 20 to 64 years,Percentage
Latvia,2023,Males,From 12 to 23 months,10.4,,,ESTAT:LFSA_EGAD(1.0),2017-04-26 11:00:00,Annual,From 20 to 64 years,Percentage
Latvia,2024,Males,From 12 to 23 months,10.1,,,ESTAT:LFSA_EGAD(1.0),2017-04-26 11:00:00,Annual,From 20 to 64 years,Percentage
Latvia,2025,Males,From 12 to 23 months,9.3,,,ESTAT:LFSA_EGAD(1.0),2017-04-26 11:00:00,Annual,From 20 to 64 years,Percentage
Montenegro,2016,Males,From 12 to 23 months,8.0,,,ESTAT:LFSA_EGAD(1.0),2017-04-26 11:00:00,Annual,From 20 to 64 years,Percentage
Montenegro,2017,Males,From 12 to 23 months,8.3,,,ESTAT:LFSA_EGAD(1.0),2017-04-26 11:00:00,Annual,From 20 to 64 years,Percentage
Montenegro,2018,Males,From 12 to 23 months,7.7,,,ESTAT:LFSA_EGAD(1.0),2017-04-26 11:00:00,Annual,From 20 to 64 years,Percentage
Montenegro,2019,Males,From 12 to 23 months,7.8,,,ESTAT:LFSA_EGAD(1.0),2017-04-26 11:00:00,Annual,From 20 to 64 years,Percentage
Montenegro,2020,Males,From 12 to 23 months,8.6,,,ESTAT:LFSA_EGAD(1.0),2017-04-26 11:00:00,Annual,From 20 to 64 years,Percentage
North Macedonia,2016,Males,From 12 to 23 months,7.6,,,ESTAT:LFSA_EGAD(1.0),2017-04-26 11:00:00,Annual,From 20 to 64 years,Percentage
North Macedonia,2017,Males,From 12 to 23 months,8.2,,,ESTAT:LFSA_EGAD(1.0),2017-04-26 11:00:00,Annual,From 20 to 64 years,Percentage
North Macedonia,2018,Males,From 12 to 23 months,10.2,,,ESTAT:LFSA_EGAD(1.0),2017-04-26 11:00:00,Annual,From 20 to 64 years,Percentage
North Macedonia,2019,Males,From 12 to 23 months,9.7,,,ESTAT:LFSA_EGAD(1.0),2017-04-26 11:00:00,Annual,From 20 to 64 years,Percentage
North Macedonia,2020,Males,From 12 to 23 months,9.8,,,ESTAT:LFSA_EGAD(1.0),2017-04-26 11:00:00,Annual,From 20 to 64 years,Percentage
North Macedonia,2021,Males,From 12 to 23 months,9.0,b,,ESTAT:LFSA_EGAD(1.0),2017-04-26 11:00:00,Annual,From 20 to 64 years,Percentage
North Macedonia,2022,Males,From 12 to 23 months,8.0,,,ESTAT:LFSA_EGAD(1.0),2017-04-26 11:00:00,Annual,From 20 to 64 years,Percentage
North Macedonia,2023,Males,From 12 to 23 months,8.4,,,ESTAT:LFSA_EGAD(1.0),2017-04-26 11:00:00,Annual,From 20 to 64 years,Percentage
North Macedonia,2024,Males,From 12 to 23 months,7.6,,,ESTAT:LFSA_EGAD(1.0),2017-04-26 11:00:00,Annual,From 20 to 64 years,Percentage
North Macedonia,2025,Males,From 12 to 23 months,6.8,,,ESTAT:LFSA_EGAD(1.0),2017-04-26 11:00:00,Annual,From 20 to 64 years,Percentage
Malta,2016,Males,From 12 to 23 months,10.2,,,ESTAT:LFSA_EGAD(1.0),2017-04-26 11:00:00,Annual,From 20 to 64 years,Percentage
Malta,2017,Males,From 12 to 23 months,12.2,,,ESTAT:LFSA_EGAD(1.0),2017-04-26 11:00:00,Annual,From 20 to 64 years,Percentage
Malta,2018,Males,From 12 to 23 months,13.7,,,ESTAT:LFSA_EGAD(1.0),2017-04-26 11:00:00,Annual,From 20 to 64 years,Percentage
Malta,2019,Males,From 12 to 23 months,13.1,,,ESTAT:LFSA_EGAD(1.0),2017-04-26 11:00:00,Annual,From 20 to 64 years,Percentage
Malta,2020,Males,From 12 to 23 months,11.8,,,ESTAT:LFSA_EGAD(1.0),2017-04-26 11:00:00,Annual,From 20 to 64 years,Percentage
Malta,2021,Males,From 12 to 23 months,10.7,b,,ESTAT:LFSA_EGAD(1.0),2017-04-26 11:00:00,Annual,From 20 to 64 years,Percentage
Malta,2022,Males,From 12 to 23 months,10.4,,,ESTAT:LFSA_EGAD(1.0),2017-04-26 11:00:00,Annual,From 20 to 64 years,Percentage
Malta,2023,Males,From 12 to 23 months,12.5,,,ESTAT:LFSA_EGAD(1.0),2017-04-26 11:00:00,Annual,From 20 to 64 years,Percentage
Malta,2024,Males,From 12 to 23 months,12.6,,,ESTAT:LFSA_EGAD(1.0),2017-04-26 11:00:00,Annual,From 20 to 64 years,Percentage
Malta,2025,Males,From 12 to 23 months,13.2,,,ESTAT:LFSA_EGAD(1.0),2017-04-26 11:00:00,Annual,From 20 to 64 years,Percentage
Netherlands,2016,Males,From 12 to 23 months,8.2,,,ESTAT:LFSA_EGAD(1.0),2017-04-26 11:00:00,Annual,From 20 to 64 years,Percentage
Netherlands,2017,Males,From 12 to 23 months,8.8,,,ESTAT:LFSA_EGAD(1.0),2017-04-26 11:00:00,Annual,From 20 to 64 years,Percentage
Netherlands,2018,Males,From 12 to 23 months,9.3,,,ESTAT:LFSA_EGAD(1.0),2017-04-26 11:00:00,Annual,From 20 to 64 years,Percentage
Netherlands,2019,Males,From 12 to 23 months,9.8,,,ESTAT:LFSA_EGAD(1.0),2017-04-26 11:00:00,Annual,From 20 to 64 years,Percentage
Netherlands,2020,Males,From 12 to 23 months,9.8,,,ESTAT:LFSA_EGAD(1.0),2017-04-26 11:00:00,Annual,From 20 to 64 years,Percentage
Netherlands,2021,Males,From 12 to 23 months,9.9,b,,ESTAT:LFSA_EGAD(1.0),2017-04-26 11:00:00,Annual,From 20 to 64 years,Percentage
Netherlands,2022,Males,From 12 to 23 months,9.3,,,ESTAT:LFSA_EGAD(1.0),2017-04-26 11:00:00,Annual,From 20 to 64 years,Percentage
Netherlands,2023,Males,From 12 to 23 months,11.2,,,ESTAT:LFSA_EGAD(1.0),2017-04-26 11:00:00,Annual,From 20 to 64 years,Percentage
Netherlands,2024,Males,From 12 to 23 months,11.1,,,ESTAT:LFSA_EGAD(1.0),2017-04-26 11:00:00,Annual,From 20 to 64 years,Percentage
Netherlands,2025,Males,From 12 to 23 months,10.4,,,ESTAT:LFSA_EGAD(1.0),2017-04-26 11:00:00,Annual,From 20 to 64 years,Percentage
Norway,2016,Males,From 12 to 23 months,7.4,,,ESTAT:LFSA_EGAD(1.0),2017-04-26 11:00:00,Annual,From 20 to 64 years,Percentage
Norway,2017,Males,From 12 to 23 months,8.0,,,ESTAT:LFSA_EGAD(1.0),2017-04-26 11:00:00,Annual,From 20 to 64 years,Percentage
Norway,2018,Males,From 12 to 23 months,8.6,,,ESTAT:LFSA_EGAD(1.0),2017-04-26 11:00:00,Annual,From 20 to 64 years,Percentage
Norway,2019,Males,From 12 to 23 months,9.1,,,ESTAT:LFSA_EGAD(1.0),2017-04-26 11:00:00,Annual,From 20 to 64 years,Percentage
Norway,2020,Males,From 12 to 23 months,8.6,,,ESTAT:LFSA_EGAD(1.0),2017-04-26 11:00:00,Annual,From 20 to 64 years,Percentage
Norway,2021,Males,From 12 to 23 months,10.7,b,,ESTAT:LFSA_EGAD(1.0),2017-04-26 11:00:00,Annual,From 20 to 64 years,Percentage
Norway,2022,Males,From 12 to 23 months,9.4,,,ESTAT:LFSA_EGAD(1.0),2017-04-26 11:00:00,Annual,From 20 to 64 years,Percentage
Norway,2023,Males,From 12 to 23 months,11.4,,,ESTAT:LFSA_EGAD(1.0),2017-04-26 11:00:00,Annual,From 20 to 64 years,Percentage
Norway,2024,Males,From 12 to 23 months,12.5,,,ESTAT:LFSA_EGAD(1.0),2017-04-26 11:00:00,Annual,From 20 to 64 years,Percentage
Norway,2025,Males,From 12 to 23 months,12.2,,,ESTAT:LFSA_EGAD(1.0),2017-04-26 11:00:00,Annual,From 20 to 64 years,Percentage
Poland,2016,Males,From 12 to 23 months,10.1,,,ESTAT:LFSA_EGAD(1.0),2017-04-26 11:00:00,Annual,From 20 to 64 years,Percentage
Poland,2017,Males,From 12 to 23 months,10.0,,,ESTAT:LFSA_EGAD(1.0),2017-04-26 11:00:00,Annual,From 20 to 64 years,Percentage
Poland,2018,Males,From 12 to 23 months,9.9,,,ESTAT:LFSA_EGAD(1.0),2017-04-26 11:00:00,Annual,From 20 to 64 years,Percentage
Poland,2019,Males,From 12 to 23 months,10.5,b,,ESTAT:LFSA_EGAD(1.0),2017-04-26 11:00:00,Annual,From 20 to 64 years,Percentage
Poland,2020,Males,From 12 to 23 months,9.3,,,ESTAT:LFSA_EGAD(1.0),2017-04-26 11:00:00,Annual,From 20 to 64 years,Percentage
Poland,2021,Males,From 12 to 23 months,7.8,b,,ESTAT:LFSA_EGAD(1.0),2017-04-26 11:00:00,Annual,From 20 to 64 years,Percentage
Poland,2022,Males,From 12 to 23 months,7.4,,,ESTAT:LFSA_EGAD(1.0),2017-04-26 11:00:00,Annual,From 20 to 64 years,Percentage
Poland,2023,Males,From 12 to 23 months,8.4,,,ESTAT:LFSA_EGAD(1.0),2017-04-26 11:00:00,Annual,From 20 to 64 years,Percentage
Poland,2024,Males,From 12 to 23 months,8.0,,,ESTAT:LFSA_EGAD(1.0),2017-04-26 11:00:00,Annual,From 20 to 64 years,Percentage
Poland,2025,Males,From 12 to 23 months,7.7,,,ESTAT:LFSA_EGAD(1.0),2017-04-26 11:00:00,Annual,From 20 to 64 years,Percentage
Portugal,2016,Males,From 12 to 23 months,7.6,,,ESTAT:LFSA_EGAD(1.0),2017-04-26 11:00:00,Annual,From 20 to 64 years,Percentage
Portugal,2017,Males,From 12 to 23 months,8.2,,,ESTAT:LFSA_EGAD(1.0),2017-04-26 11:00:00,Annual,From 20 to 64 years,Percentage
Portugal,2018,Males,From 12 to 23 months,8.2,,,ESTAT:LFSA_EGAD(1.0),2017-04-26 11:00:00,Annual,From 20 to 64 years,Percentage
Portugal,2019,Males,From 12 to 23 months,8.4,,,ESTAT:LFSA_EGAD(1.0),2017-04-26 11:00:00,Annual,From 20 to 64 years,Percentage
Portugal,2020,Males,From 12 to 23 months,8.3,,,ESTAT:LFSA_EGAD(1.0),2017-04-26 11:00:00,Annual,From 20 to 64 years,Percentage
Portugal,2021,Males,From 12 to 23 months,7.1,b,,ESTAT:LFSA_EGAD(1.0),2017-04-26 11:00:00,Annual,From 20 to 64 years,Percentage
Portugal,2022,Males,From 12 to 23 months,6.9,,,ESTAT:LFSA_EGAD(1.0),2017-04-26 11:00:00,Annual,From 20 to 64 years,Percentage
Portugal,2023,Males,From 12 to 23 months,8.6,,,ESTAT:LFSA_EGAD(1.0),2017-04-26 11:00:00,Annual,From 20 to 64 years,Percentage
Portugal,2024,Males,From 12 to 23 months,8.8,,,ESTAT:LFSA_EGAD(1.0),2017-04-26 11:00:00,Annual,From 20 to 64 years,Percentage
Portugal,2025,Males,From 12 to 23 months,8.4,,,ESTAT:LFSA_EGAD(1.0),2017-04-26 11:00:00,Annual,From 20 to 64 years,Percentage
Romania,2016,Males,From 12 to 23 months,6.6,,,ESTAT:LFSA_EGAD(1.0),2017-04-26 11:00:00,Annual,From 20 to 64 years,Percentage
Romania,2017,Males,From 12 to 23 months,6.6,,,ESTAT:LFSA_EGAD(1.0),2017-04-26 11:00:00,Annual,From 20 to 64 years,Percentage
Romania,2018,Males,From 12 to 23 months,6.8,,,ESTAT:LFSA_EGAD(1.0),2017-04-26 11:00:00,Annual,From 20 to 64 years,Percentage
Romania,2019,Males,From 12 to 23 months,6.0,,,ESTAT:LFSA_EGAD(1.0),2017-04-26 11:00:00,Annual,From 20 to 64 years,Percentage
Romania,2020,Males,From 12 to 23 months,5.6,,,ESTAT:LFSA_EGAD(1.0),2017-04-26 11:00:00,Annual,From 20 to 64 years,Percentage
Romania,2021,Males,From 12 to 23 months,5.1,b,,ESTAT:LFSA_EGAD(1.0),2017-04-26 11:00:00,Annual,From 20 to 64 years,Percentage
Romania,2022,Males,From 12 to 23 months,4.8,,,ESTAT:LFSA_EGAD(1.0),2017-04-26 11:00:00,Annual,From 20 to 64 years,Percentage
Romania,2023,Males,From 12 to 23 months,4.6,,,ESTAT:LFSA_EGAD(1.0),2017-04-26 11:00:00,Annual,From 20 to 64 years,Percentage
Romania,2024,Males,From 12 to 23 months,4.8,,,ESTAT:LFSA_EGAD(1.0),2017-04-26 11:00:00,Annual,From 20 to 64 years,Percentage
Romania,2025,Males,From 12 to 23 months,5.0,,,ESTAT:LFSA_EGAD(1.0),2017-04-26 11:00:00,Annual,From 20 to 64 years,Percentage
Serbia,2016,Males,From 12 to 23 months,7.6,,,ESTAT:LFSA_EGAD(1.0),2017-04-26 11:00:00,Annual,From 20 to 64 years,Percentage
Serbia,2017,Males,From 12 to 23 months,7.8,,,ESTAT:LFSA_EGAD(1.0),2017-04-26 11:00:00,Annual,From 20 to 64 years,Percentage
Serbia,2018,Males,From 12 to 23 months,9.0,,,ESTAT:LFSA_EGAD(1.0),2017-04-26 11:00:00,Annual,From 20 to 64 years,Percentage
Serbia,2019,Males,From 12 to 23 months,9.1,,,ESTAT:LFSA_EGAD(1.0),2017-04-26 11:00:00,Annual,From 20 to 64 years,Percentage
Serbia,2020,Males,From 12 to 23 months,8.9,,,ESTAT:LFSA_EGAD(1.0),2017-04-26 11:00:00,Annual,From 20 to 64 years,Percentage
Serbia,2021,Males,From 12 to 23 months,8.5,b,,ESTAT:LFSA_EGAD(1.0),2017-04-26 11:00:00,Annual,From 20 to 64 years,Percentage
Serbia,2022,Males,From 12 to 23 months,8.7,,,ESTAT:LFSA_EGAD(1.0),2017-04-26 11:00:00,Annual,From 20 to 64 years,Percentage
Serbia,2023,Males,From 12 to 23 months,8.4,,,ESTAT:LFSA_EGAD(1.0),2017-04-26 11:00:00,Annual,From 20 to 64 years,Percentage
Serbia,2024,Males,From 12 to 23 months,8.7,,,ESTAT:LFSA_EGAD(1.0),2017-04-26 11:00:00,Annual,From 20 to 64 years,Percentage
Serbia,2025,Males,From 12 to 23 months,8.6,,,ESTAT:LFSA_EGAD(1.0),2017-04-26 11:00:00,Annual,From 20 to 64 years,Percentage
Sweden,2016,Males,From 12 to 23 months,10.6,,,ESTAT:LFSA_EGAD(1.0),2017-04-26 11:00:00,Annual,From 20 to 64 years,Percentage
Sweden,2017,Males,From 12 to 23 months,11.8,,,ESTAT:LFSA_EGAD(1.0),2017-04-26 11:00:00,Annual,From 20 to 64 years,Percentage
Sweden,2018,Males,From 12 to 23 months,12.2,b,,ESTAT:LFSA_EGAD(1.0),2017-04-26 11:00:00,Annual,From 20 to 64 years,Percentage
Sweden,2019,Males,From 12 to 23 months,12.2,,,ESTAT:LFSA_EGAD(1.0),2017-04-26 11:00:00,Annual,From 20 to 64 years,Percentage
Sweden,2020,Males,From 12 to 23 months,11.7,,,ESTAT:LFSA_EGAD(1.0),2017-04-26 11:00:00,Annual,From 20 to 64 years,Percentage
Sweden,2021,Males,From 12 to 23 months,9.8,b,,ESTAT:LFSA_EGAD(1.0),2017-04-26 11:00:00,Annual,From 20 to 64 years,Percentage
Sweden,2022,Males,From 12 to 23 months,10.1,,,ESTAT:LFSA_EGAD(1.0),2017-04-26 11:00:00,Annual,From 20 to 64 years,Percentage
Sweden,2023,Males,From 12 to 23 months,12.1,,,ESTAT:LFSA_EGAD(1.0),2017-04-26 11:00:00,Annual,From 20 to 64 years,Percentage
Sweden,2024,Males,From 12 to 23 months,11.8,,,ESTAT:LFSA_EGAD(1.0),2017-04-26 11:00:00,Annual,From 20 to 64 years,Percentage
Sweden,2025,Males,From 12 to 23 months,10.8,,,ESTAT:LFSA_EGAD(1.0),2017-04-26 11:00:00,Annual,From 20 to 64 years,Percentage
Slovenia,2016,Males,From 12 to 23 months,8.4,,,ESTAT:LFSA_EGAD(1.0),2017-04-26 11:00:00,Annual,From 20 to 64 years,Percentage
Slovenia,2017,Males,From 12 to 23 months,8.1,,,ESTAT:LFSA_EGAD(1.0),2017-04-26 11:00:00,Annual,From 20 to 64 years,Percentage
Slovenia,2018,Males,From 12 to 23 months,9.2,,,ESTAT:LFSA_EGAD(1.0),2017-04-26 11:00:00,Annual,From 20 to 64 years,Percentage
Slovenia,2019,Males,From 12 to 23 months,9.7,,,ESTAT:LFSA_EGAD(1.0),2017-04-26 11:00:00,Annual,From 20 to 64 years,Percentage
Slovenia,2020,Males,From 12 to 23 months,8.4,,,ESTAT:LFSA_EGAD(1.0),2017-04-26 11:00:00,Annual,From 20 to 64 years,Percentage
Slovenia,2021,Males,From 12 to 23 months,7.0,b,,ESTAT:LFSA_EGAD(1.0),2017-04-26 11:00:00,Annual,From 20 to 64 years,Percentage
Slovenia,2022,Males,From 12 to 23 months,6.9,,,ESTAT:LFSA_EGAD(1.0),2017-04-26 11:00:00,Annual,From 20 to 64 years,Percentage
Slovenia,2023,Males,From 12 to 23 months,8.1,,,ESTAT:LFSA_EGAD(1.0),2017-04-26 11:00:00,Annual,From 20 to 64 years,Percentage
Slovenia,2024,Males,From 12 to 23 months,7.8,,,ESTAT:LFSA_EGAD(1.0),2017-04-26 11:00:00,Annual,From 20 to 64 years,Percentage
Slovenia,2025,Males,From 12 to 23 months,7.5,,,ESTAT:LFSA_EGAD(1.0),2017-04-26 11:00:00,Annual,From 20 to 64 years,Percentage
Slovakia,2016,Males,From 12 to 23 months,8.5,,,ESTAT:LFSA_EGAD(1.0),2017-04-26 11:00:00,Annual,From 20 to 64 years,Percentage
Slovakia,2017,Males,From 12 to 23 months,8.5,,,ESTAT:LFSA_EGAD(1.0),2017-04-26 11:00:00,Annual,From 20 to 64 years,Percentage
Slovakia,2018,Males,From 12 to 23 months,8.9,,,ESTAT:LFSA_EGAD(1.0),2017-04-26 11:00:00,Annual,From 20 to 64 years,Percentage
Slovakia,2019,Males,From 12 to 23 months,8.5,,,ESTAT:LFSA_EGAD(1.0),2017-04-26 11:00:00,Annual,From 20 to 64 years,Percentage
Slovakia,2020,Males,From 12 to 23 months,7.7,,,ESTAT:LFSA_EGAD(1.0),2017-04-26 11:00:00,Annual,From 20 to 64 years,Percentage
Slovakia,2021,Males,From 12 to 23 months,6.7,b,,ESTAT:LFSA_EGAD(1.0),2017-04-26 11:00:00,Annual,From 20 to 64 years,Percentage
Slovakia,2022,Males,From 12 to 23 months,6.4,,,ESTAT:LFSA_EGAD(1.0),2017-04-26 11:00:00,Annual,From 20 to 64 years,Percentage
Slovakia,2023,Males,From 12 to 23 months,6.5,,,ESTAT:LFSA_EGAD(1.0),2017-04-26 11:00:00,Annual,From 20 to 64 years,Percentage
Slovakia,2024,Males,From 12 to 23 months,7.0,,,ESTAT:LFSA_EGAD(1.0),2017-04-26 11:00:00,Annual,From 20 to 64 years,Percentage
Slovakia,2025,Males,From 12 to 23 months,7.8,,,ESTAT:LFSA_EGAD(1.0),2017-04-26 11:00:00,Annual,From 20 to 64 years,Percentage
Türkiye,2016,Males,From 12 to 23 months,9.3,,,ESTAT:LFSA_EGAD(1.0),2017-04-26 11:00:00,Annual,From 20 to 64 years,Percentage
Türkiye,2017,Males,From 12 to 23 months,8.9,,,ESTAT:LFSA_EGAD(1.0),2017-04-26 11:00:00,Annual,From 20 to 64 years,Percentage
Türkiye,2018,Males,From 12 to 23 months,8.8,,,ESTAT:LFSA_EGAD(1.0),2017-04-26 11:00:00,Annual,From 20 to 64 years,Percentage
Türkiye,2019,Males,From 12 to 23 months,10.1,,,ESTAT:LFSA_EGAD(1.0),2017-04-26 11:00:00,Annual,From 20 to 64 years,Percentage
Türkiye,2020,Males,From 12 to 23 months,8.8,,,ESTAT:LFSA_EGAD(1.0),2017-04-26 11:00:00,Annual,From 20 to 64 years,Percentage
Türkiye,2021,Males,From 12 to 23 months,9.2,b,,ESTAT:LFSA_EGAD(1.0),2017-04-26 11:00:00,Annual,From 20 to 64 years,Percentage
Türkiye,2022,Males,From 12 to 23 months,9.1,,,ESTAT:LFSA_EGAD(1.0),2017-04-26 11:00:00,Annual,From 20 to 64 years,Percentage
Türkiye,2023,Males,From 12 to 23 months,10.0,,,ESTAT:LFSA_EGAD(1.0),2017-04-26 11:00:00,Annual,From 20 to 64 years,Percentage
Türkiye,2024,Males,From 12 to 23 months,10.5,,,ESTAT:LFSA_EGAD(1.0),2017-04-26 11:00:00,Annual,From 20 to 64 years,Percentage
Türkiye,2025,Males,From 12 to 23 months,10.7,,,ESTAT:LFSA_EGAD(1.0),2017-04-26 11:00:00,Annual,From 20 to 64 years,Percentage
United Kingdom,2016,Males,From 12 to 23 months,11.4,,,ESTAT:LFSA_EGAD(1.0),2017-04-26 11:00:00,Annual,From 20 to 64 years,Percentage
United Kingdom,2017,Males,From 12 to 23 months,11.1,,,ESTAT:LFSA_EGAD(1.0),2017-04-26 11:00:00,Annual,From 20 to 64 years,Percentage
United Kingdom,2018,Males,From 12 to 23 months,11.0,,,ESTAT:LFSA_EGAD(1.0),2017-04-26 11:00:00,Annual,From 20 to 64 years,Percentage
United Kingdom,2019,Males,From 12 to 23 months,11.1,,,ESTAT:LFSA_EGAD(1.0),2017-04-26 11:00:00,Annual,From 20 to 64 years,Percentage
Austria,2016,Females,From 24 to 59 months,18.2,,,ESTAT:LFSA_EGAD(1.0),2017-04-26 11:00:00,Annual,From 20 to 64 years,Percentage
Austria,2017,Females,From 24 to 59 months,17.6,,,ESTAT:LFSA_EGAD(1.0),2017-04-26 11:00:00,Annual,From 20 to 64 years,Percentage
Austria,2018,Females,From 24 to 59 months,17.5,,,ESTAT:LFSA_EGAD(1.0),2017-04-26 11:00:00,Annual,From 20 to 64 years,Percentage
Austria,2019,Females,From 24 to 59 months,17.1,,,ESTAT:LFSA_EGAD(1.0),2017-04-26 11:00:00,Annual,From 20 to 64 years,Percentage
Austria,2020,Females,From 24 to 59 months,17.3,,,ESTAT:LFSA_EGAD(1.0),2017-04-26 11:00:00,Annual,From 20 to 64 years,Percentage
Austria,2021,Females,From 24 to 59 months,18.1,b,,ESTAT:LFSA_EGAD(1.0),2017-04-26 11:00:00,Annual,From 20 to 64 years,Percentage
Austria,2022,Females,From 24 to 59 months,17.5,,,ESTAT:LFSA_EGAD(1.0),2017-04-26 11:00:00,Annual,From 20 to 64 years,Percentage
Austria,2023,Females,From 24 to 59 months,16.9,,,ESTAT:LFSA_EGAD(1.0),2017-04-26 11:00:00,Annual,From 20 to 64 years,Percentage
Austria,2024,Females,From 24 to 59 months,17.8,,,ESTAT:LFSA_EGAD(1.0),2017-04-26 11:00:00,Annual,From 20 to 64 years,Percentage
Austria,2025,Females,From 24 to 59 months,19.0,,,ESTAT:LFSA_EGAD(1.0),2017-04-26 11:00:00,Annual,From 20 to 64 years,Percentage
Bosnia and Herzegovina,2021,Females,From 24 to 59 months,22.2,b,,ESTAT:LFSA_EGAD(1.0),2017-04-26 11:00:00,Annual,From 20 to 64 years,Percentage
Bosnia and Herzegovina,2022,Females,From 24 to 59 months,20.0,,,ESTAT:LFSA_EGAD(1.0),2017-04-26 11:00:00,Annual,From 20 to 64 years,Percentage
Bosnia and Herzegovina,2023,Females,From 24 to 59 months,19.1,,,ESTAT:LFSA_EGAD(1.0),2017-04-26 11:00:00,Annual,From 20 to 64 years,Percentage
Bosnia and Herzegovina,2024,Females,From 24 to 59 months,19.5,,,ESTAT:LFSA_EGAD(1.0),2017-04-26 11:00:00,Annual,From 20 to 64 years,Percentage
Bosnia and Herzegovina,2025,Females,From 24 to 59 months,16.3,,,ESTAT:LFSA_EGAD(1.0),2017-04-26 11:00:00,Annual,From 20 to 64 years,Percentage
Belgium,2016,Females,From 24 to 59 months,15.2,,,ESTAT:LFSA_EGAD(1.0),2017-04-26 11:00:00,Annual,From 20 to 64 years,Percentage
Belgium,2017,Females,From 24 to 59 months,14.5,b,,ESTAT:LFSA_EGAD(1.0),2017-04-26 11:00:00,Annual,From 20 to 64 years,Percentage
Belgium,2018,Females,From 24 to 59 months,15.6,,,ESTAT:LFSA_EGAD(1.0),2017-04-26 11:00:00,Annual,From 20 to 64 years,Percentage
Belgium,2019,Females,From 24 to 59 months,15.5,,,ESTAT:LFSA_EGAD(1.0),2017-04-26 11:00:00,Annual,From 20 to 64 years,Percentage
Belgium,2020,Females,From 24 to 59 months,15.9,,,ESTAT:LFSA_EGAD(1.0),2017-04-26 11:00:00,Annual,From 20 to 64 years,Percentage
Belgium,2021,Females,From 24 to 59 months,16.0,b,,ESTAT:LFSA_EGAD(1.0),2017-04-26 11:00:00,Annual,From 20 to 64 years,Percentage
Belgium,2022,Females,From 24 to 59 months,16.3,,,ESTAT:LFSA_EGAD(1.0),2017-04-26 11:00:00,Annual,From 20 to 64 years,Percentage
Belgium,2023,Females,From 24 to 59 months,15.9,,,ESTAT:LFSA_EGAD(1.0),2017-04-26 11:00:00,Annual,From 20 to 64 years,Percentage
Belgium,2024,Females,From 24 to 59 months,15.9,,,ESTAT:LFSA_EGAD(1.0),2017-04-26 11:00:00,Annual,From 20 to 64 years,Percentage
Belgium,2025,Females,From 24 to 59 months,17.3,,,ESTAT:LFSA_EGAD(1.0),2017-04-26 11:00:00,Annual,From 20 to 64 years,Percentage
Bulgaria,2016,Females,From 24 to 59 months,17.8,,,ESTAT:LFSA_EGAD(1.0),2017-04-26 11:00:00,Annual,From 20 to 64 years,Percentage
Bulgaria,2017,Females,From 24 to 59 months,17.5,,,ESTAT:LFSA_EGAD(1.0),2017-04-26 11:00:00,Annual,From 20 to 64 years,Percentage
Bulgaria,2018,Females,From 24 to 59 months,18.7,,,ESTAT:LFSA_EGAD(1.0),2017-04-26 11:00:00,Annual,From 20 to 64 years,Percentage
Bulgaria,2019,Females,From 24 to 59 months,19.5,b,,ESTAT:LFSA_EGAD(1.0),2017-04-26 11:00:00,Annual,From 20 to 64 years,Percentage
Bulgaria,2020,Females,From 24 to 59 months,18.4,,,ESTAT:LFSA_EGAD(1.0),2017-04-26 11:00:00,Annual,From 20 to 64 years,Percentage
Bulgaria,2021,Females,From 24 to 59 months,17.7,b,,ESTAT:LFSA_EGAD(1.0),2017-04-26 11:00:00,Annual,From 20 to 64 years,Percentage
Bulgaria,2022,Females,From 24 to 59 months,17.2,,,ESTAT:LFSA_EGAD(1.0),2017-04-26 11:00:00,Annual,From 20 to 64 years,Percentage
Bulgaria,2023,Females,From 24 to 59 months,16.2,,,ESTAT:LFSA_EGAD(1.0),2017-04-26 11:00:00,Annual,From 20 to 64 years,Percentage
Bulgaria,2024,Females,From 24 to 59 months,16.5,b,,ESTAT:LFSA_EGAD(1.0),2017-04-26 11:00:00,Annual,From 20 to 64 years,Percentage
Bulgaria,2025,Females,From 24 to 59 months,16.4,,,ESTAT:LFSA_EGAD(1.0),2017-04-26 11:00:00,Annual,From 20 to 64 years,Percentage
Switzerland,2016,Females,From 24 to 59 months,20.4,,,ESTAT:LFSA_EGAD(1.0),2017-04-26 11:00:00,Annual,From 20 to 64 years,Percentage
Switzerland,2017,Females,From 24 to 59 months,20.0,,,ESTAT:LFSA_EGAD(1.0),2017-04-26 11:00:00,Annual,From 20 to 64 years,Percentage
Switzerland,2018,Females,From 24 to 59 months,19.7,,,ESTAT:LFSA_EGAD(1.0),2017-04-26 11:00:00,Annual,From 20 to 64 years,Percentage
Switzerland,2019,Females,From 24 to 59 months,20.1,,,ESTAT:LFSA_EGAD(1.0),2017-04-26 11:00:00,Annual,From 20 to 64 years,Percentage
Switzerland,2020,Females,From 24 to 59 months,20.4,,,ESTAT:LFSA_EGAD(1.0),2017-04-26 11:00:00,Annual,From 20 to 64 years,Percentage
Switzerland,2021,Females,From 24 to 59 months,21.2,b,,ESTAT:LFSA_EGAD(1.0),2017-04-26 11:00:00,Annual,From 20 to 64 years,Percentage
Switzerland,2022,Females,From 24 to 59 months,20.7,,,ESTAT:LFSA_EGAD(1.0),2017-04-26 11:00:00,Annual,From 20 to 64 years,Percentage
Switzerland,2023,Females,From 24 to 59 months,19.5,,,ESTAT:LFSA_EGAD(1.0),2017-04-26 11:00:00,Annual,From 20 to 64 years,Percentage
Switzerland,2024,Females,From 24 to 59 months,20.2,,,ESTAT:LFSA_EGAD(1.0),2017-04-26 11:00:00,Annual,From 20 to 64 years,Percentage
Switzerland,2025,Females,From 24 to 59 months,22.0,,,ESTAT:LFSA_EGAD(1.0),2017-04-26 11:00:00,Annual,From 20 to 64 years,Percentage
Cyprus,2016,Females,From 24 to 59 months,14.0,,,ESTAT:LFSA_EGAD(1.0),2017-04-26 11:00:00,Annual,From 20 to 64 years,Percentage
Cyprus,2017,Females,From 24 to 59 months,13.9,,,ESTAT:LFSA_EGAD(1.0),2017-04-26 11:00:00,Annual,From 20 to 64 years,Percentage
Cyprus,2018,Females,From 24 to 59 months,14.5,,,ESTAT:LFSA_EGAD(1.0),2017-04-26 11:00:00,Annual,From 20 to 64 years,Percentage
Cyprus,2019,Females,From 24 to 59 months,15.9,,,ESTAT:LFSA_EGAD(1.0),2017-04-26 11:00:00,Annual,From 20 to 64 years,Percentage
Cyprus,2020,Females,From 24 to 59 months,19.1,,,ESTAT:LFSA_EGAD(1.0),2017-04-26 11:00:00,Annual,From 20 to 64 years,Percentage
Cyprus,2021,Females,From 24 to 59 months,21.6,b,,ESTAT:LFSA_EGAD(1.0),2017-04-26 11:00:00,Annual,From 20 to 64 years,Percentage
Cyprus,2022,Females,From 24 to 59 months,21.1,,,ESTAT:LFSA_EGAD(1.0),2017-04-26 11:00:00,Annual,From 20 to 64 years,Percentage
Cyprus,2023,Females,From 24 to 59 months,17.2,,,ESTAT:LFSA_EGAD(1.0),2017-04-26 11:00:00,Annual,From 20 to 64 years,Percentage
Cyprus,2024,Females,From 24 to 59 months,18.6,,,ESTAT:LFSA_EGAD(1.0),2017-04-26 11:00:00,Annual,From 20 to 64 years,Percentage
Cyprus,2025,Females,From 24 to 59 months,18.5,,,ESTAT:LFSA_EGAD(1.0),2017-04-26 11:00:00,Annual,From 20 to 64 years,Percentage
Czechia,2016,Females,From 24 to 59 months,16.4,,,ESTAT:LFSA_EGAD(1.0),2017-04-26 11:00:00,Annual,From 20 to 64 years,Percentage
Czechia,2017,Females,From 24 to 59 months,17.5,,,ESTAT:LFSA_EGAD(1.0),2017-04-26 11:00:00,Annual,From 20 to 64 years,Percentage
Czechia,2018,Females,From 24 to 59 months,19.2,,,ESTAT:LFSA_EGAD(1.0),2017-04-26 11:00:00,Annual,From 20 to 64 years,Percentage
Czechia,2019,Females,From 24 to 59 months,19.9,,,ESTAT:LFSA_EGAD(1.0),2017-04-26 11:00:00,Annual,From 20 to 64 years,Percentage
Czechia,2020,Females,From 24 to 59 months,19.3,,,ESTAT:LFSA_EGAD(1.0),2017-04-26 11:00:00,Annual,From 20 to 64 years,Percentage
Czechia,2021,Females,From 24 to 59 months,18.8,b,,ESTAT:LFSA_EGAD(1.0),2017-04-26 11:00:00,Annual,From 20 to 64 years,Percentage
Czechia,2022,Females,From 24 to 59 months,18.0,,,ESTAT:LFSA_EGAD(1.0),2017-04-26 11:00:00,Annual,From 20 to 64 years,Percentage
Czechia,2023,Females,From 24 to 59 months,16.4,,,ESTAT:LFSA_EGAD(1.0),2017-04-26 11:00:00,Annual,From 20 to 64 years,Percentage
Czechia,2024,Females,From 24 to 59 months,16.3,,,ESTAT:LFSA_EGAD(1.0),2017-04-26 11:00:00,Annual,From 20 to 64 years,Percentage
Czechia,2025,Females,From 24 to 59 months,16.7,,,ESTAT:LFSA_EGAD(1.0),2017-04-26 11:00:00,Annual,From 20 to 64 years,Percentage
Germany,2016,Females,From 24 to 59 months,15.9,,,ESTAT:LFSA_EGAD(1.0),2017-04-26 11:00:00,Annual,From 20 to 64 years,Percentage
Germany,2017,Females,From 24 to 59 months,16.2,,,ESTAT:LFSA_EGAD(1.0),2017-04-26 11:00:00,Annual,From 20 to 64 years,Percentage
Germany,2018,Females,From 24 to 59 months,16.7,,,ESTAT:LFSA_EGAD(1.0),2017-04-26 11:00:00,Annual,From 20 to 64 years,Percentage
Germany,2019,Females,From 24 to 59 months,17.0,,,ESTAT:LFSA_EGAD(1.0),2017-04-26 11:00:00,Annual,From 20 to 64 years,Percentage
Germany,2020,Females,From 24 to 59 months,16.7,b,,ESTAT:LFSA_EGAD(1.0),2017-04-26 11:00:00,Annual,From 20 to 64 years,Percentage
Germany,2021,Females,From 24 to 59 months,17.4,b,,ESTAT:LFSA_EGAD(1.0),2017-04-26 11:00:00,Annual,From 20 to 64 years,Percentage
Germany,2022,Females,From 24 to 59 months,17.6,,,ESTAT:LFSA_EGAD(1.0),2017-04-26 11:00:00,Annual,From 20 to 64 years,Percentage
Germany,2023,Females,From 24 to 59 months,16.9,,,ESTAT:LFSA_EGAD(1.0),2017-04-26 11:00:00,Annual,From 20 to 64 years,Percentage
Germany,2024,Females,From 24 to 59 months,17.4,,,ESTAT:LFSA_EGAD(1.0),2017-04-26 11:00:00,Annual,From 20 to 64 years,Percentage
Germany,2025,Females,From 24 to 59 months,18.7,,,ESTAT:LFSA_EGAD(1.0),2017-04-26 11:00:00,Annual,From 20 to 64 years,Percentage
Denmark,2016,Females,From 24 to 59 months,17.5,b,,ESTAT:LFSA_EGAD(1.0),2017-04-26 11:00:00,Annual,From 20 to 64 years,Percentage
Denmark,2017,Females,From 24 to 59 months,18.7,b,,ESTAT:LFSA_EGAD(1.0),2017-04-26 11:00:00,Annual,From 20 to 64 years,Percentage
Denmark,2018,Females,From 24 to 59 months,20.1,,,ESTAT:LFSA_EGAD(1.0),2017-04-26 11:00:00,Annual,From 20 to 64 years,Percentage
Denmark,2019,Females,From 24 to 59 months,21.0,,,ESTAT:LFSA_EGAD(1.0),2017-04-26 11:00:00,Annual,From 20 to 64 years,Percentage
Denmark,2020,Females,From 24 to 59 months,22.0,,,ESTAT:LFSA_EGAD(1.0),2017-04-26 11:00:00,Annual,From 20 to 64 years,Percentage
Denmark,2021,Females,From 24 to 59 months,20.9,b,,ESTAT:LFSA_EGAD(1.0),2017-04-26 11:00:00,Annual,From 20 to 64 years,Percentage
Denmark,2022,Females,From 24 to 59 months,20.6,,,ESTAT:LFSA_EGAD(1.0),2017-04-26 11:00:00,Annual,From 20 to 64 years,Percentage
Denmark,2023,Females,From 24 to 59 months,20.1,b,,ESTAT:LFSA_EGAD(1.0),2017-04-26 11:00:00,Annual,From 20 to 64 years,Percentage
Denmark,2024,Females,From 24 to 59 months,21.9,,,ESTAT:LFSA_EGAD(1.0),2017-04-26 11:00:00,Annual,From 20 to 64 years,Percentage
Denmark,2025,Females,From 24 to 59 months,22.8,,,ESTAT:LFSA_EGAD(1.0),2017-04-26 11:00:00,Annual,From 20 to 64 years,Percentage
Euro area – 21 countries (from 2026),2016,Females,From 24 to 59 months,14.5,,,ESTAT:LFSA_EGAD(1.0),2017-04-26 11:00:00,Annual,From 20 to 64 years,Percentage
Euro area – 21 countries (from 2026),2017,Females,From 24 to 59 months,14.6,,,ESTAT:LFSA_EGAD(1.0),2017-04-26 11:00:00,Annual,From 20 to 64 years,Percentage
Euro area – 21 countries (from 2026),2018,Females,From 24 to 59 months,15.4,,,ESTAT:LFSA_EGAD(1.0),2017-04-26 11:00:00,Annual,From 20 to 64 years,Percentage
Euro area – 21 countries (from 2026),2019,Females,From 24 to 59 months,15.8,,,ESTAT:LFSA_EGAD(1.0),2017-04-26 11:00:00,Annual,From 20 to 64 years,Percentage
Euro area – 21 countries (from 2026),2020,Females,From 24 to 59 months,16.3,,,ESTAT:LFSA_EGAD(1.0),2017-04-26 11:00:00,Annual,From 20 to 64 years,Percentage
Euro area – 21 countries (from 2026),2021,Females,From 24 to 59 months,17.2,b,,ESTAT:LFSA_EGAD(1.0),2017-04-26 11:00:00,Annual,From 20 to 64 years,Percentage
Euro area – 21 countries (from 2026),2022,Females,From 24 to 59 months,17.0,,,ESTAT:LFSA_EGAD(1.0),2017-04-26 11:00:00,Annual,From 20 to 64 years,Percentage
Euro area – 21 countries (from 2026),2023,Females,From 24 to 59 months,16.2,,,ESTAT:LFSA_EGAD(1.0),2017-04-26 11:00:00,Annual,From 20 to 64 years,Percentage
Euro area – 21 countries (from 2026),2024,Females,From 24 to 59 months,17.1,,,ESTAT:LFSA_EGAD(1.0),2017-04-26 11:00:00,Annual,From 20 to 64 years,Percentage
Euro area – 21 countries (from 2026),2025,Females,From 24 to 59 months,18.2,,,ESTAT:LFSA_EGAD(1.0),2017-04-26 11:00:00,Annual,From 20 to 64 years,Percentage
Estonia,2016,Females,From 24 to 59 months,20.7,,,ESTAT:LFSA_EGAD(1.0),2017-04-26 11:00:00,Annual,From 20 to 64 years,Percentage
Estonia,2017,Females,From 24 to 59 months,19.7,,,ESTAT:LFSA_EGAD(1.0),2017-04-26 11:00:00,Annual,From 20 to 64 years,Percentage
Estonia,2018,Females,From 24 to 59 months,16.7,,,ESTAT:LFSA_EGAD(1.0),2017-04-26 11:00:00,Annual,From 20 to 64 years,Percentage
Estonia,2019,Females,From 24 to 59 months,18.0,,,ESTAT:LFSA_EGAD(1.0),2017-04-26 11:00:00,Annual,From 20 to 64 years,Percentage
Estonia,2020,Females,From 24 to 59 months,19.1,,,ESTAT:LFSA_EGAD(1.0),2017-04-26 11:00:00,Annual,From 20 to 64 years,Percentage
Estonia,2021,Females,From 24 to 59 months,20.9,b,,ESTAT:LFSA_EGAD(1.0),2017-04-26 11:00:00,Annual,From 20 to 64 years,Percentage
Estonia,2022,Females,From 24 to 59 months,19.4,,,ESTAT:LFSA_EGAD(1.0),2017-04-26 11:00:00,Annual,From 20 to 64 years,Percentage
Estonia,2023,Females,From 24 to 59 months,20.0,,,ESTAT:LFSA_EGAD(1.0),2017-04-26 11:00:00,Annual,From 20 to 64 years,Percentage
Estonia,2024,Females,From 24 to 59 months,21.9,,,ESTAT:LFSA_EGAD(1.0),2017-04-26 11:00:00,Annual,From 20 to 64 years,Percentage
Estonia,2025,Females,From 24 to 59 months,24.6,,,ESTAT:LFSA_EGAD(1.0),2017-04-26 11:00:00,Annual,From 20 to 64 years,Percentage
Greece,2016,Females,From 24 to 59 months,13.2,,,ESTAT:LFSA_EGAD(1.0),2017-04-26 11:00:00,Annual,From 20 to 64 years,Percentage
Greece,2017,Females,From 24 to 59 months,13.5,,,ESTAT:LFSA_EGAD(1.0),2017-04-26 11:00:00,Annual,From 20 to 64 years,Percentage
Greece,2018,Females,From 24 to 59 months,13.5,,,ESTAT:LFSA_EGAD(1.0),2017-04-26 11:00:00,Annual,From 20 to 64 years,Percentage
Greece,2019,Females,From 24 to 59 months,13.2,,,ESTAT:LFSA_EGAD(1.0),2017-04-26 11:00:00,Annual,From 20 to 64 years,Percentage
Greece,2020,Females,From 24 to 59 months,14.2,,,ESTAT:LFSA_EGAD(1.0),2017-04-26 11:00:00,Annual,From 20 to 64 years,Percentage
Greece,2021,Females,From 24 to 59 months,15.0,b,,ESTAT:LFSA_EGAD(1.0),2017-04-26 11:00:00,Annual,From 20 to 64 years,Percentage
Greece,2022,Females,From 24 to 59 months,14.8,,,ESTAT:LFSA_EGAD(1.0),2017-04-26 11:00:00,Annual,From 20 to 64 years,Percentage
Greece,2023,Females,From 24 to 59 months,14.1,,,ESTAT:LFSA_EGAD(1.0),2017-04-26 11:00:00,Annual,From 20 to 64 years,Percentage
Greece,2024,Females,From 24 to 59 months,15.5,,,ESTAT:LFSA_EGAD(1.0),2017-04-26 11:00:00,Annual,From 20 to 64 years,Percentage
Greece,2025,Females,From 24 to 59 months,15.5,,,ESTAT:LFSA_EGAD(1.0),2017-04-26 11:00:00,Annual,From 20 to 64 years,Percentage
Spain,2016,Females,From 24 to 59 months,12.3,,,ESTAT:LFSA_EGAD(1.0),2017-04-26 11:00:00,Annual,From 20 to 64 years,Percentage
Spain,2017,Females,From 24 to 59 months,13.0,,,ESTAT:LFSA_EGAD(1.0),2017-04-26 11:00:00,Annual,From 20 to 64 years,Percentage
Spain,2018,Females,From 24 to 59 months,14.5,,,ESTAT:LFSA_EGAD(1.0),2017-04-26 11:00:00,Annual,From 20 to 64 years,Percentage
Spain,2019,Females,From 24 to 59 months,15.3,,,ESTAT:LFSA_EGAD(1.0),2017-04-26 11:00:00,Annual,From 20 to 64 years,Percentage
Spain,2020,Females,From 24 to 59 months,15.8,,,ESTAT:LFSA_EGAD(1.0),2017-04-26 11:00:00,Annual,From 20 to 64 years,Percentage
Spain,2021,Females,From 24 to 59 months,16.5,bd,,ESTAT:LFSA_EGAD(1.0),2017-04-26 11:00:00,Annual,From 20 to 64 years,Percentage
Spain,2022,Females,From 24 to 59 months,16.2,d,,ESTAT:LFSA_EGAD(1.0),2017-04-26 11:00:00,Annual,From 20 to 64 years,Percentage
Spain,2023,Females,From 24 to 59 months,14.7,d,,ESTAT:LFSA_EGAD(1.0),2017-04-26 11:00:00,Annual,From 20 to 64 years,Percentage
Spain,2024,Females,From 24 to 59 months,16.2,d,,ESTAT:LFSA_EGAD(1.0),2017-04-26 11:00:00,Annual,From 20 to 64 years,Percentage
Spain,2025,Females,From 24 to 59 months,17.3,d,,ESTAT:LFSA_EGAD(1.0),2017-04-26 11:00:00,Annual,From 20 to 64 years,Percentage
European Union - 27 countries (from 2020),2016,Females,From 24 to 59 months,15.1,,,ESTAT:LFSA_EGAD(1.0),2017-04-26 11:00:00,Annual,From 20 to 64 years,Percentage
European Union - 27 countries (from 2020),2017,Females,From 24 to 59 months,15.3,,,ESTAT:LFSA_EGAD(1.0),2017-04-26 11:00:00,Annual,From 20 to 64 years,Percentage
European Union - 27 countries (from 2020),2018,Females,From 24 to 59 months,16.3,,,ESTAT:LFSA_EGAD(1.0),2017-04-26 11:00:00,Annual,From 20 to 64 years,Percentage
European Union - 27 countries (from 2020),2019,Females,From 24 to 59 months,16.6,,,ESTAT:LFSA_EGAD(1.0),2017-04-26 11:00:00,Annual,From 20 to 64 years,Percentage
European Union - 27 countries (from 2020),2020,Females,From 24 to 59 months,17.0,,,ESTAT:LFSA_EGAD(1.0),2017-04-26 11:00:00,Annual,From 20 to 64 years,Percentage
European Union - 27 countries (from 2020),2021,Females,From 24 to 59 months,17.7,b,,ESTAT:LFSA_EGAD(1.0),2017-04-26 11:00:00,Annual,From 20 to 64 years,Percentage
European Union - 27 countries (from 2020),2022,Females,From 24 to 59 months,17.4,,,ESTAT:LFSA_EGAD(1.0),2017-04-26 11:00:00,Annual,From 20 to 64 years,Percentage
European Union - 27 countries (from 2020),2023,Females,From 24 to 59 months,16.5,,,ESTAT:LFSA_EGAD(1.0),2017-04-26 11:00:00,Annual,From 20 to 64 years,Percentage
European Union - 27 countries (from 2020),2024,Females,From 24 to 59 months,17.3,,,ESTAT:LFSA_EGAD(1.0),2017-04-26 11:00:00,Annual,From 20 to 64 years,Percentage
European Union - 27 countries (from 2020),2025,Females,From 24 to 59 months,18.2,,,ESTAT:LFSA_EGAD(1.0),2017-04-26 11:00:00,Annual,From 20 to 64 years,Percentage
Finland,2016,Females,From 24 to 59 months,14.5,,,ESTAT:LFSA_EGAD(1.0),2017-04-26 11:00:00,Annual,From 20 to 64 years,Percentage
Finland,2017,Females,From 24 to 59 months,14.3,,,ESTAT:LFSA_EGAD(1.0),2017-04-26 11:00:00,Annual,From 20 to 64 years,Percentage
Finland,2018,Females,From 24 to 59 months,13.8,,,ESTAT:LFSA_EGAD(1.0),2017-04-26 11:00:00,Annual,From 20 to 64 years,Percentage
Finland,2019,Females,From 24 to 59 months,14.4,,,ESTAT:LFSA_EGAD(1.0),2017-04-26 11:00:00,Annual,From 20 to 64 years,Percentage
Finland,2020,Females,From 24 to 59 months,17.0,,,ESTAT:LFSA_EGAD(1.0),2017-04-26 11:00:00,Annual,From 20 to 64 years,Percentage
Finland,2021,Females,From 24 to 59 months,18.4,b,,ESTAT:LFSA_EGAD(1.0),2017-04-26 11:00:00,Annual,From 20 to 64 years,Percentage
Finland,2022,Females,From 24 to 59 months,18.8,,,ESTAT:LFSA_EGAD(1.0),2017-04-26 11:00:00,Annual,From 20 to 64 years,Percentage
Finland,2023,Females,From 24 to 59 months,17.0,,,ESTAT:LFSA_EGAD(1.0),2017-04-26 11:00:00,Annual,From 20 to 64 years,Percentage
Finland,2024,Females,From 24 to 59 months,19.0,,,ESTAT:LFSA_EGAD(1.0),2017-04-26 11:00:00,Annual,From 20 to 64 years,Percentage
Finland,2025,Females,From 24 to 59 months,22.7,,,ESTAT:LFSA_EGAD(1.0),2017-04-26 11:00:00,Annual,From 20 to 64 years,Percentage
France,2016,Females,From 24 to 59 months,13.5,,,ESTAT:LFSA_EGAD(1.0),2017-04-26 11:00:00,Annual,From 20 to 64 years,Percentage
France,2017,Females,From 24 to 59 months,13.2,,,ESTAT:LFSA_EGAD(1.0),2017-04-26 11:00:00,Annual,From 20 to 64 years,Percentage
France,2018,Females,From 24 to 59 months,13.9,,,ESTAT:LFSA_EGAD(1.0),2017-04-26 11:00:00,Annual,From 20 to 64 years,Percentage
France,2019,Females,From 24 to 59 months,14.4,,,ESTAT:LFSA_EGAD(1.0),2017-04-26 11:00:00,Annual,From 20 to 64 years,Percentage
France,2020,Females,From 24 to 59 months,15.1,,,ESTAT:LFSA_EGAD(1.0),2017-04-26 11:00:00,Annual,From 20 to 64 years,Percentage
France,2021,Females,From 24 to 59 months,16.7,bd,,ESTAT:LFSA_EGAD(1.0),2017-04-26 11:00:00,Annual,From 20 to 64 years,Percentage
France,2022,Females,From 24 to 59 months,16.4,d,,ESTAT:LFSA_EGAD(1.0),2017-04-26 11:00:00,Annual,From 20 to 64 years,Percentage
France,2023,Females,From 24 to 59 months,15.8,d,,ESTAT:LFSA_EGAD(1.0),2017-04-26 11:00:00,Annual,From 20 to 64 years,Percentage
France,2024,Females,From 24 to 59 months,16.7,d,,ESTAT:LFSA_EGAD(1.0),2017-04-26 11:00:00,Annual,From 20 to 64 years,Percentage
France,2025,Females,From 24 to 59 months,17.9,d,,ESTAT:LFSA_EGAD(1.0),2017-04-26 11:00:00,Annual,From 20 to 64 years,Percentage
Croatia,2016,Females,From 24 to 59 months,13.6,,,ESTAT:LFSA_EGAD(1.0),2017-04-26 11:00:00,Annual,From 20 to 64 years,Percentage
Croatia,2017,Females,From 24 to 59 months,14.3,,,ESTAT:LFSA_EGAD(1.0),2017-04-26 11:00:00,Annual,From 20 to 64 years,Percentage
Croatia,2018,Females,From 24 to 59 months,15.3,,,ESTAT:LFSA_EGAD(1.0),2017-04-26 11:00:00,Annual,From 20 to 64 years,Percentage
Croatia,2019,Females,From 24 to 59 months,17.6,,,ESTAT:LFSA_EGAD(1.0),2017-04-26 11:00:00,Annual,From 20 to 64 years,Percentage
Croatia,2020,Females,From 24 to 59 months,18.3,,,ESTAT:LFSA_EGAD(1.0),2017-04-26 11:00:00,Annual,From 20 to 64 years,Percentage
Croatia,2021,Females,From 24 to 59 months,18.6,b,,ESTAT:LFSA_EGAD(1.0),2017-04-26 11:00:00,Annual,From 20 to 64 years,Percentage
Croatia,2022,Females,From 24 to 59 months,16.6,,,ESTAT:LFSA_EGAD(1.0),2017-04-26 11:00:00,Annual,From 20 to 64 years,Percentage
Croatia,2023,Females,From 24 to 59 months,15.9,,,ESTAT:LFSA_EGAD(1.0),2017-04-26 11:00:00,Annual,From 20 to 64 years,Percentage
Croatia,2024,Females,From 24 to 59 months,16.2,,,ESTAT:LFSA_EGAD(1.0),2017-04-26 11:00:00,Annual,From 20 to 64 years,Percentage
Croatia,2025,Females,From 24 to 59 months,15.9,,,ESTAT:LFSA_EGAD(1.0),2017-04-26 11:00:00,Annual,From 20 to 64 years,Percentage
Hungary,2016,Females,From 24 to 59 months,19.2,,,ESTAT:LFSA_EGAD(1.0),2017-04-26 11:00:00,Annual,From 20 to 64 years,Percentage
Hungary,2017,Females,From 24 to 59 months,20.2,,,ESTAT:LFSA_EGAD(1.0),2017-04-26 11:00:00,Annual,From 20 to 64 years,Percentage
Hungary,2018,Females,From 24 to 59 months,21.3,b,,ESTAT:LFSA_EGAD(1.0),2017-04-26 11:00:00,Annual,From 20 to 64 years,Percentage
Hungary,2019,Females,From 24 to 59 months,20.8,,,ESTAT:LFSA_EGAD(1.0),2017-04-26 11:00:00,Annual,From 20 to 64 years,Percentage
Hungary,2020,Females,From 24 to 59 months,20.6,,,ESTAT:LFSA_EGAD(1.0),2017-04-26 11:00:00,Annual,From 20 to 64 years,Percentage
Hungary,2021,Females,From 24 to 59 months,21.0,b,,ESTAT:LFSA_EGAD(1.0),2017-04-26 11:00:00,Annual,From 20 to 64 years,Percentage
Hungary,2022,Females,From 24 to 59 months,20.4,,,ESTAT:LFSA_EGAD(1.0),2017-04-26 11:00:00,Annual,From 20 to 64 years,Percentage
Hungary,2023,Females,From 24 to 59 months,19.2,,,ESTAT:LFSA_EGAD(1.0),2017-04-26 11:00:00,Annual,From 20 to 64 years,Percentage
Hungary,2024,Females,From 24 to 59 months,19.7,,,ESTAT:LFSA_EGAD(1.0),2017-04-26 11:00:00,Annual,From 20 to 64 years,Percentage
Hungary,2025,Females,From 24 to 59 months,18.9,,,ESTAT:LFSA_EGAD(1.0),2017-04-26 11:00:00,Annual,From 20 to 64 years,Percentage
Ireland,2016,Females,From 24 to 59 months,15.2,,,ESTAT:LFSA_EGAD(1.0),2017-04-26 11:00:00,Annual,From 20 to 64 years,Percentage
Ireland,2017,Females,From 24 to 59 months,17.0,b,,ESTAT:LFSA_EGAD(1.0),2017-04-26 11:00:00,Annual,From 20 to 64 years,Percentage
Ireland,2018,Females,From 24 to 59 months,18.4,,,ESTAT:LFSA_EGAD(1.0),2017-04-26 11:00:00,Annual,From 20 to 64 years,Percentage
Ireland,2019,Females,From 24 to 59 months,19.0,,,ESTAT:LFSA_EGAD(1.0),2017-04-26 11:00:00,Annual,From 20 to 64 years,Percentage
Ireland,2020,Females,From 24 to 59 months,21.1,,,ESTAT:LFSA_EGAD(1.0),2017-04-26 11:00:00,Annual,From 20 to 64 years,Percentage
Ireland,2021,Females,From 24 to 59 months,21.2,b,,ESTAT:LFSA_EGAD(1.0),2017-04-26 11:00:00,Annual,From 20 to 64 years,Percentage
Ireland,2022,Females,From 24 to 59 months,19.1,,,ESTAT:LFSA_EGAD(1.0),2017-04-26 11:00:00,Annual,From 20 to 64 years,Percentage
Ireland,2023,Females,From 24 to 59 months,17.9,,,ESTAT:LFSA_EGAD(1.0),2017-04-26 11:00:00,Annual,From 20 to 64 years,Percentage
Ireland,2024,Females,From 24 to 59 months,19.8,,,ESTAT:LFSA_EGAD(1.0),2017-04-26 11:00:00,Annual,From 20 to 64 years,Percentage
Ireland,2025,Females,From 24 to 59 months,22.5,,,ESTAT:LFSA_EGAD(1.0),2017-04-26 11:00:00,Annual,From 20 to 64 years,Percentage
Iceland,2016,Females,From 24 to 59 months,18.6,,,ESTAT:LFSA_EGAD(1.0),2017-04-26 11:00:00,Annual,From 20 to 64 years,Percentage
Iceland,2017,Females,From 24 to 59 months,18.6,,,ESTAT:LFSA_EGAD(1.0),2017-04-26 11:00:00,Annual,From 20 to 64 years,Percentage
Iceland,2018,Females,From 24 to 59 months,20.6,,,ESTAT:LFSA_EGAD(1.0),2017-04-26 11:00:00,Annual,From 20 to 64 years,Percentage
Iceland,2019,Females,From 24 to 59 months,21.4,,,ESTAT:LFSA_EGAD(1.0),2017-04-26 11:00:00,Annual,From 20 to 64 years,Percentage
Iceland,2020,Females,From 24 to 59 months,22.2,b,,ESTAT:LFSA_EGAD(1.0),2017-04-26 11:00:00,Annual,From 20 to 64 years,Percentage
Iceland,2021,Females,From 24 to 59 months,22.0,b,,ESTAT:LFSA_EGAD(1.0),2017-04-26 11:00:00,Annual,From 20 to 64 years,Percentage
Iceland,2022,Females,From 24 to 59 months,19.8,,,ESTAT:LFSA_EGAD(1.0),2017-04-26 11:00:00,Annual,From 20 to 64 years,Percentage
Iceland,2023,Females,From 24 to 59 months,19.2,,,ESTAT:LFSA_EGAD(1.0),2017-04-26 11:00:00,Annual,From 20 to 64 years,Percentage
Iceland,2024,Females,From 24 to 59 months,19.9,,,ESTAT:LFSA_EGAD(1.0),2017-04-26 11:00:00,Annual,From 20 to 64 years,Percentage
Italy,2016,Females,From 24 to 59 months,13.1,,,ESTAT:LFSA_EGAD(1.0),2017-04-26 11:00:00,Annual,From 20 to 64 years,Percentage
Italy,2017,Females,From 24 to 59 months,13.2,,,ESTAT:LFSA_EGAD(1.0),2017-04-26 11:00:00,Annual,From 20 to 64 years,Percentage
Italy,2018,Females,From 24 to 59 months,14.3,b,,ESTAT:LFSA_EGAD(1.0),2017-04-26 11:00:00,Annual,From 20 to 64 years,Percentage
Italy,2019,Females,From 24 to 59 months,14.5,,,ESTAT:LFSA_EGAD(1.0),2017-04-26 11:00:00,Annual,From 20 to 64 years,Percentage
Italy,2020,Females,From 24 to 59 months,14.7,,,ESTAT:LFSA_EGAD(1.0),2017-04-26 11:00:00,Annual,From 20 to 64 years,Percentage
Italy,2021,Females,From 24 to 59 months,15.6,b,,ESTAT:LFSA_EGAD(1.0),2017-04-26 11:00:00,Annual,From 20 to 64 years,Percentage
Italy,2022,Females,From 24 to 59 months,15.7,,,ESTAT:LFSA_EGAD(1.0),2017-04-26 11:00:00,Annual,From 20 to 64 years,Percentage
Italy,2023,Females,From 24 to 59 months,15.5,,,ESTAT:LFSA_EGAD(1.0),2017-04-26 11:00:00,Annual,From 20 to 64 years,Percentage
Italy,2024,Females,From 24 to 59 months,16.6,,,ESTAT:LFSA_EGAD(1.0),2017-04-26 11:00:00,Annual,From 20 to 64 years,Percentage
Italy,2025,Females,From 24 to 59 months,17.6,,,ESTAT:LFSA_EGAD(1.0),2017-04-26 11:00:00,Annual,From 20 to 64 years,Percentage
Lithuania,2016,Females,From 24 to 59 months,19.2,,,ESTAT:LFSA_EGAD(1.0),2017-04-26 11:00:00,Annual,From 20 to 64 years,Percentage
Lithuania,2017,Females,From 24 to 59 months,18.6,,,ESTAT:LFSA_EGAD(1.0),2017-04-26 11:00:00,Annual,From 20 to 64 years,Percentage
Lithuania,2018,Females,From 24 to 59 months,19.0,,,ESTAT:LFSA_EGAD(1.0),2017-04-26 11:00:00,Annual,From 20 to 64 years,Percentage
Lithuania,2019,Females,From 24 to 59 months,18.6,,,ESTAT:LFSA_EGAD(1.0),2017-04-26 11:00:00,Annual,From 20 to 64 years,Percentage
Lithuania,2020,Females,From 24 to 59 months,19.4,,,ESTAT:LFSA_EGAD(1.0),2017-04-26 11:00:00,Annual,From 20 to 64 years,Percentage
Lithuania,2021,Females,From 24 to 59 months,24.0,b,,ESTAT:LFSA_EGAD(1.0),2017-04-26 11:00:00,Annual,From 20 to 64 years,Percentage
Lithuania,2022,Females,From 24 to 59 months,18.7,,,ESTAT:LFSA_EGAD(1.0),2017-04-26 11:00:00,Annual,From 20 to 64 years,Percentage
Lithuania,2023,Females,From 24 to 59 months,19.3,,,ESTAT:LFSA_EGAD(1.0),2017-04-26 11:00:00,Annual,From 20 to 64 years,Percentage
Lithuania,2024,Females,From 24 to 59 months,20.5,,,ESTAT:LFSA_EGAD(1.0),2017-04-26 11:00:00,Annual,From 20 to 64 years,Percentage
Lithuania,2025,Females,From 24 to 59 months,18.9,,,ESTAT:LFSA_EGAD(1.0),2017-04-26 11:00:00,Annual,From 20 to 64 years,Percentage
Luxembourg,2016,Females,From 24 to 59 months,18.5,b,,ESTAT:LFSA_EGAD(1.0),2017-04-26 11:00:00,Annual,From 20 to 64 years,Percentage
Luxembourg,2017,Females,From 24 to 59 months,18.3,,,ESTAT:LFSA_EGAD(1.0),2017-04-26 11:00:00,Annual,From 20 to 64 years,Percentage
Luxembourg,2018,Females,From 24 to 59 months,17.2,,,ESTAT:LFSA_EGAD(1.0),2017-04-26 11:00:00,Annual,From 20 to 64 years,Percentage
Luxembourg,2019,Females,From 24 to 59 months,18.1,,,ESTAT:LFSA_EGAD(1.0),2017-04-26 11:00:00,Annual,From 20 to 64 years,Percentage
Luxembourg,2020,Females,From 24 to 59 months,19.1,,,ESTAT:LFSA_EGAD(1.0),2017-04-26 11:00:00,Annual,From 20 to 64 years,Percentage
Luxembourg,2021,Females,From 24 to 59 months,19.0,b,,ESTAT:LFSA_EGAD(1.0),2017-04-26 11:00:00,Annual,From 20 to 64 years,Percentage
Luxembourg,2022,Females,From 24 to 59 months,18.1,,,ESTAT:LFSA_EGAD(1.0),2017-04-26 11:00:00,Annual,From 20 to 64 years,Percentage
Luxembourg,2023,Females,From 24 to 59 months,16.4,,,ESTAT:LFSA_EGAD(1.0),2017-04-26 11:00:00,Annual,From 20 to 64 years,Percentage
Luxembourg,2024,Females,From 24 to 59 months,17.0,,,ESTAT:LFSA_EGAD(1.0),2017-04-26 11:00:00,Annual,From 20 to 64 years,Percentage
Luxembourg,2025,Females,From 24 to 59 months,18.1,,,ESTAT:LFSA_EGAD(1.0),2017-04-26 11:00:00,Annual,From 20 to 64 years,Percentage
Latvia,2016,Females,From 24 to 59 months,19.3,,,ESTAT:LFSA_EGAD(1.0),2017-04-26 11:00:00,Annual,From 20 to 64 years,Percentage
Latvia,2017,Females,From 24 to 59 months,20.6,,,ESTAT:LFSA_EGAD(1.0),2017-04-26 11:00:00,Annual,From 20 to 64 years,Percentage
Latvia,2018,Females,From 24 to 59 months,19.8,,,ESTAT:LFSA_EGAD(1.0),2017-04-26 11:00:00,Annual,From 20 to 64 years,Percentage
Latvia,2019,Females,From 24 to 59 months,19.9,,,ESTAT:LFSA_EGAD(1.0),2017-04-26 11:00:00,Annual,From 20 to 64 years,Percentage
Latvia,2020,Females,From 24 to 59 months,18.7,,,ESTAT:LFSA_EGAD(1.0),2017-04-26 11:00:00,Annual,From 20 to 64 years,Percentage
Latvia,2021,Females,From 24 to 59 months,19.9,b,,ESTAT:LFSA_EGAD(1.0),2017-04-26 11:00:00,Annual,From 20 to 64 years,Percentage
Latvia,2022,Females,From 24 to 59 months,20.4,,,ESTAT:LFSA_EGAD(1.0),2017-04-26 11:00:00,Annual,From 20 to 64 years,Percentage
Latvia,2023,Females,From 24 to 59 months,20.3,,,ESTAT:LFSA_EGAD(1.0),2017-04-26 11:00:00,Annual,From 20 to 64 years,Percentage
Latvia,2024,Females,From 24 to 59 months,20.4,,,ESTAT:LFSA_EGAD(1.0),2017-04-26 11:00:00,Annual,From 20 to 64 years,Percentage
Latvia,2025,Females,From 24 to 59 months,19.8,,,ESTAT:LFSA_EGAD(1.0),2017-04-26 11:00:00,Annual,From 20 to 64 years,Percentage
Montenegro,2016,Females,From 24 to 59 months,14.6,,,ESTAT:LFSA_EGAD(1.0),2017-04-26 11:00:00,Annual,From 20 to 64 years,Percentage
Montenegro,2017,Females,From 24 to 59 months,14.9,,,ESTAT:LFSA_EGAD(1.0),2017-04-26 11:00:00,Annual,From 20 to 64 years,Percentage
Montenegro,2018,Females,From 24 to 59 months,16.1,,,ESTAT:LFSA_EGAD(1.0),2017-04-26 11:00:00,Annual,From 20 to 64 years,Percentage
Montenegro,2019,Females,From 24 to 59 months,17.0,,,ESTAT:LFSA_EGAD(1.0),2017-04-26 11:00:00,Annual,From 20 to 64 years,Percentage
Montenegro,2020,Females,From 24 to 59 months,20.3,,,ESTAT:LFSA_EGAD(1.0),2017-04-26 11:00:00,Annual,From 20 to 64 years,Percentage
North Macedonia,2016,Females,From 24 to 59 months,19.0,,,ESTAT:LFSA_EGAD(1.0),2017-04-26 11:00:00,Annual,From 20 to 64 years,Percentage
North Macedonia,2017,Females,From 24 to 59 months,19.5,,,ESTAT:LFSA_EGAD(1.0),2017-04-26 11:00:00,Annual,From 20 to 64 years,Percentage
North Macedonia,2018,Females,From 24 to 59 months,16.5,,,ESTAT:LFSA_EGAD(1.0),2017-04-26 11:00:00,Annual,From 20 to 64 years,Percentage
North Macedonia,2019,Females,From 24 to 59 months,19.0,,,ESTAT:LFSA_EGAD(1.0),2017-04-26 11:00:00,Annual,From 20 to 64 years,Percentage
North Macedonia,2020,Females,From 24 to 59 months,18.6,,,ESTAT:LFSA_EGAD(1.0),2017-04-26 11:00:00,Annual,From 20 to 64 years,Percentage
North Macedonia,2021,Females,From 24 to 59 months,18.7,b,,ESTAT:LFSA_EGAD(1.0),2017-04-26 11:00:00,Annual,From 20 to 64 years,Percentage
North Macedonia,2022,Females,From 24 to 59 months,18.2,,,ESTAT:LFSA_EGAD(1.0),2017-04-26 11:00:00,Annual,From 20 to 64 years,Percentage
North Macedonia,2023,Females,From 24 to 59 months,17.7,,,ESTAT:LFSA_EGAD(1.0),2017-04-26 11:00:00,Annual,From 20 to 64 years,Percentage
North Macedonia,2024,Females,From 24 to 59 months,20.7,,,ESTAT:LFSA_EGAD(1.0),2017-04-26 11:00:00,Annual,From 20 to 64 years,Percentage
North Macedonia,2025,Females,From 24 to 59 months,21.7,,,ESTAT:LFSA_EGAD(1.0),2017-04-26 11:00:00,Annual,From 20 to 64 years,Percentage
Malta,2016,Females,From 24 to 59 months,20.2,,,ESTAT:LFSA_EGAD(1.0),2017-04-26 11:00:00,Annual,From 20 to 64 years,Percentage
Malta,2017,Females,From 24 to 59 months,21.8,,,ESTAT:LFSA_EGAD(1.0),2017-04-26 11:00:00,Annual,From 20 to 64 years,Percentage
Malta,2018,Females,From 24 to 59 months,21.8,,,ESTAT:LFSA_EGAD(1.0),2017-04-26 11:00:00,Annual,From 20 to 64 years,Percentage
Malta,2019,Females,From 24 to 59 months,24.5,,,ESTAT:LFSA_EGAD(1.0),2017-04-26 11:00:00,Annual,From 20 to 64 years,Percentage
Malta,2020,Females,From 24 to 59 months,25.3,,,ESTAT:LFSA_EGAD(1.0),2017-04-26 11:00:00,Annual,From 20 to 64 years,Percentage
Malta,2021,Females,From 24 to 59 months,24.9,b,,ESTAT:LFSA_EGAD(1.0),2017-04-26 11:00:00,Annual,From 20 to 64 years,Percentage
Malta,2022,Females,From 24 to 59 months,23.4,,,ESTAT:LFSA_EGAD(1.0),2017-04-26 11:00:00,Annual,From 20 to 64 years,Percentage
Malta,2023,Females,From 24 to 59 months,22.9,,,ESTAT:LFSA_EGAD(1.0),2017-04-26 11:00:00,Annual,From 20 to 64 years,Percentage
Malta,2024,Females,From 24 to 59 months,24.1,,,ESTAT:LFSA_EGAD(1.0),2017-04-26 11:00:00,Annual,From 20 to 64 years,Percentage
Malta,2025,Females,From 24 to 59 months,25.3,,,ESTAT:LFSA_EGAD(1.0),2017-04-26 11:00:00,Annual,From 20 to 64 years,Percentage
Netherlands,2016,Females,From 24 to 59 months,14.3,,,ESTAT:LFSA_EGAD(1.0),2017-04-26 11:00:00,Annual,From 20 to 64 years,Percentage
Netherlands,2017,Females,From 24 to 59 months,14.7,,,ESTAT:LFSA_EGAD(1.0),2017-04-26 11:00:00,Annual,From 20 to 64 years,Percentage
Netherlands,2018,Females,From 24 to 59 months,16.3,,,ESTAT:LFSA_EGAD(1.0),2017-04-26 11:00:00,Annual,From 20 to 64 years,Percentage
Netherlands,2019,Females,From 24 to 59 months,17.1,,,ESTAT:LFSA_EGAD(1.0),2017-04-26 11:00:00,Annual,From 20 to 64 years,Percentage
Netherlands,2020,Females,From 24 to 59 months,18.9,,,ESTAT:LFSA_EGAD(1.0),2017-04-26 11:00:00,Annual,From 20 to 64 years,Percentage
Netherlands,2021,Females,From 24 to 59 months,20.7,b,,ESTAT:LFSA_EGAD(1.0),2017-04-26 11:00:00,Annual,From 20 to 64 years,Percentage
Netherlands,2022,Females,From 24 to 59 months,19.6,,,ESTAT:LFSA_EGAD(1.0),2017-04-26 11:00:00,Annual,From 20 to 64 years,Percentage
Netherlands,2023,Females,From 24 to 59 months,18.4,,,ESTAT:LFSA_EGAD(1.0),2017-04-26 11:00:00,Annual,From 20 to 64 years,Percentage
Netherlands,2024,Females,From 24 to 59 months,19.0,,,ESTAT:LFSA_EGAD(1.0),2017-04-26 11:00:00,Annual,From 20 to 64 years,Percentage
Netherlands,2025,Females,From 24 to 59 months,20.9,,,ESTAT:LFSA_EGAD(1.0),2017-04-26 11:00:00,Annual,From 20 to 64 years,Percentage
Norway,2016,Females,From 24 to 59 months,22.5,,,ESTAT:LFSA_EGAD(1.0),2017-04-26 11:00:00,Annual,From 20 to 64 years,Percentage
Norway,2017,Females,From 24 to 59 months,22.6,,,ESTAT:LFSA_EGAD(1.0),2017-04-26 11:00:00,Annual,From 20 to 64 years,Percentage
Norway,2018,Females,From 24 to 59 months,22.2,,,ESTAT:LFSA_EGAD(1.0),2017-04-26 11:00:00,Annual,From 20 to 64 years,Percentage
Norway,2019,Females,From 24 to 59 months,22.7,,,ESTAT:LFSA_EGAD(1.0),2017-04-26 11:00:00,Annual,From 20 to 64 years,Percentage
Norway,2020,Females,From 24 to 59 months,23.3,,,ESTAT:LFSA_EGAD(1.0),2017-04-26 11:00:00,Annual,From 20 to 64 years,Percentage
Norway,2021,Females,From 24 to 59 months,22.9,b,,ESTAT:LFSA_EGAD(1.0),2017-04-26 11:00:00,Annual,From 20 to 64 years,Percentage
Norway,2022,Females,From 24 to 59 months,19.6,,,ESTAT:LFSA_EGAD(1.0),2017-04-26 11:00:00,Annual,From 20 to 64 years,Percentage
Norway,2023,Females,From 24 to 59 months,19.0,,,ESTAT:LFSA_EGAD(1.0),2017-04-26 11:00:00,Annual,From 20 to 64 years,Percentage
Norway,2024,Females,From 24 to 59 months,22.5,,,ESTAT:LFSA_EGAD(1.0),2017-04-26 11:00:00,Annual,From 20 to 64 years,Percentage
Norway,2025,Females,From 24 to 59 months,25.8,,,ESTAT:LFSA_EGAD(1.0),2017-04-26 11:00:00,Annual,From 20 to 64 years,Percentage
Poland,2016,Females,From 24 to 59 months,15.3,,,ESTAT:LFSA_EGAD(1.0),2017-04-26 11:00:00,Annual,From 20 to 64 years,Percentage
Poland,2017,Females,From 24 to 59 months,16.1,,,ESTAT:LFSA_EGAD(1.0),2017-04-26 11:00:00,Annual,From 20 to 64 years,Percentage
Poland,2018,Females,From 24 to 59 months,17.3,,,ESTAT:LFSA_EGAD(1.0),2017-04-26 11:00:00,Annual,From 20 to 64 years,Percentage
Poland,2019,Females,From 24 to 59 months,17.6,b,,ESTAT:LFSA_EGAD(1.0),2017-04-26 11:00:00,Annual,From 20 to 64 years,Percentage
Poland,2020,Females,From 24 to 59 months,18.3,,,ESTAT:LFSA_EGAD(1.0),2017-04-26 11:00:00,Annual,From 20 to 64 years,Percentage
Poland,2021,Females,From 24 to 59 months,18.7,b,,ESTAT:LFSA_EGAD(1.0),2017-04-26 11:00:00,Annual,From 20 to 64 years,Percentage
Poland,2022,Females,From 24 to 59 months,18.6,,,ESTAT:LFSA_EGAD(1.0),2017-04-26 11:00:00,Annual,From 20 to 64 years,Percentage
Poland,2023,Females,From 24 to 59 months,17.4,,,ESTAT:LFSA_EGAD(1.0),2017-04-26 11:00:00,Annual,From 20 to 64 years,Percentage
Poland,2024,Females,From 24 to 59 months,17.2,,,ESTAT:LFSA_EGAD(1.0),2017-04-26 11:00:00,Annual,From 20 to 64 years,Percentage
Poland,2025,Females,From 24 to 59 months,17.2,,,ESTAT:LFSA_EGAD(1.0),2017-04-26 11:00:00,Annual,From 20 to 64 years,Percentage
Portugal,2016,Females,From 24 to 59 months,12.5,,,ESTAT:LFSA_EGAD(1.0),2017-04-26 11:00:00,Annual,From 20 to 64 years,Percentage
Portugal,2017,Females,From 24 to 59 months,13.6,,,ESTAT:LFSA_EGAD(1.0),2017-04-26 11:00:00,Annual,From 20 to 64 years,Percentage
Portugal,2018,Females,From 24 to 59 months,14.4,,,ESTAT:LFSA_EGAD(1.0),2017-04-26 11:00:00,Annual,From 20 to 64 years,Percentage
Portugal,2019,Females,From 24 to 59 months,15.1,,,ESTAT:LFSA_EGAD(1.0),2017-04-26 11:00:00,Annual,From 20 to 64 years,Percentage
Portugal,2020,Females,From 24 to 59 months,16.1,,,ESTAT:LFSA_EGAD(1.0),2017-04-26 11:00:00,Annual,From 20 to 64 years,Percentage
Portugal,2021,Females,From 24 to 59 months,16.0,b,,ESTAT:LFSA_EGAD(1.0),2017-04-26 11:00:00,Annual,From 20 to 64 years,Percentage
Portugal,2022,Females,From 24 to 59 months,15.6,,,ESTAT:LFSA_EGAD(1.0),2017-04-26 11:00:00,Annual,From 20 to 64 years,Percentage
Portugal,2023,Females,From 24 to 59 months,16.0,,,ESTAT:LFSA_EGAD(1.0),2017-04-26 11:00:00,Annual,From 20 to 64 years,Percentage
Portugal,2024,Females,From 24 to 59 months,16.6,,,ESTAT:LFSA_EGAD(1.0),2017-04-26 11:00:00,Annual,From 20 to 64 years,Percentage
Portugal,2025,Females,From 24 to 59 months,17.5,,,ESTAT:LFSA_EGAD(1.0),2017-04-26 11:00:00,Annual,From 20 to 64 years,Percentage
Romania,2016,Females,From 24 to 59 months,21.0,,,ESTAT:LFSA_EGAD(1.0),2017-04-26 11:00:00,Annual,From 20 to 64 years,Percentage
Romania,2017,Females,From 24 to 59 months,20.4,,,ESTAT:LFSA_EGAD(1.0),2017-04-26 11:00:00,Annual,From 20 to 64 years,Percentage
Romania,2018,Females,From 24 to 59 months,23.5,,,ESTAT:LFSA_EGAD(1.0),2017-04-26 11:00:00,Annual,From 20 to 64 years,Percentage
Romania,2019,Females,From 24 to 59 months,22.8,,,ESTAT:LFSA_EGAD(1.0),2017-04-26 11:00:00,Annual,From 20 to 64 years,Percentage
Romania,2020,Females,From 24 to 59 months,21.4,,,ESTAT:LFSA_EGAD(1.0),2017-04-26 11:00:00,Annual,From 20 to 64 years,Percentage
Romania,2021,Females,From 24 to 59 months,20.2,b,,ESTAT:LFSA_EGAD(1.0),2017-04-26 11:00:00,Annual,From 20 to 64 years,Percentage
Romania,2022,Females,From 24 to 59 months,19.3,,,ESTAT:LFSA_EGAD(1.0),2017-04-26 11:00:00,Annual,From 20 to 64 years,Percentage
Romania,2023,Females,From 24 to 59 months,16.0,,,ESTAT:LFSA_EGAD(1.0),2017-04-26 11:00:00,Annual,From 20 to 64 years,Percentage
Romania,2024,Females,From 24 to 59 months,16.5,,,ESTAT:LFSA_EGAD(1.0),2017-04-26 11:00:00,Annual,From 20 to 64 years,Percentage
Romania,2025,Females,From 24 to 59 months,14.5,,,ESTAT:LFSA_EGAD(1.0),2017-04-26 11:00:00,Annual,From 20 to 64 years,Percentage
Serbia,2016,Females,From 24 to 59 months,14.6,,,ESTAT:LFSA_EGAD(1.0),2017-04-26 11:00:00,Annual,From 20 to 64 years,Percentage
Serbia,2017,Females,From 24 to 59 months,13.6,,,ESTAT:LFSA_EGAD(1.0),2017-04-26 11:00:00,Annual,From 20 to 64 years,Percentage
Serbia,2018,Females,From 24 to 59 months,14.0,,,ESTAT:LFSA_EGAD(1.0),2017-04-26 11:00:00,Annual,From 20 to 64 years,Percentage
Serbia,2019,Females,From 24 to 59 months,15.8,,,ESTAT:LFSA_EGAD(1.0),2017-04-26 11:00:00,Annual,From 20 to 64 years,Percentage
Serbia,2020,Females,From 24 to 59 months,16.7,,,ESTAT:LFSA_EGAD(1.0),2017-04-26 11:00:00,Annual,From 20 to 64 years,Percentage
Serbia,2021,Females,From 24 to 59 months,17.6,b,,ESTAT:LFSA_EGAD(1.0),2017-04-26 11:00:00,Annual,From 20 to 64 years,Percentage
Serbia,2022,Females,From 24 to 59 months,18.3,,,ESTAT:LFSA_EGAD(1.0),2017-04-26 11:00:00,Annual,From 20 to 64 years,Percentage
Serbia,2023,Females,From 24 to 59 months,16.5,,,ESTAT:LFSA_EGAD(1.0),2017-04-26 11:00:00,Annual,From 20 to 64 years,Percentage
Serbia,2024,Females,From 24 to 59 months,17.7,,,ESTAT:LFSA_EGAD(1.0),2017-04-26 11:00:00,Annual,From 20 to 64 years,Percentage
Serbia,2025,Females,From 24 to 59 months,17.3,,,ESTAT:LFSA_EGAD(1.0),2017-04-26 11:00:00,Annual,From 20 to 64 years,Percentage
Sweden,2016,Females,From 24 to 59 months,17.1,,,ESTAT:LFSA_EGAD(1.0),2017-04-26 11:00:00,Annual,From 20 to 64 years,Percentage
Sweden,2017,Females,From 24 to 59 months,17.0,,,ESTAT:LFSA_EGAD(1.0),2017-04-26 11:00:00,Annual,From 20 to 64 years,Percentage
Sweden,2018,Females,From 24 to 59 months,18.1,b,,ESTAT:LFSA_EGAD(1.0),2017-04-26 11:00:00,Annual,From 20 to 64 years,Percentage
Sweden,2019,Females,From 24 to 59 months,19.1,,,ESTAT:LFSA_EGAD(1.0),2017-04-26 11:00:00,Annual,From 20 to 64 years,Percentage
Sweden,2020,Females,From 24 to 59 months,21.2,,,ESTAT:LFSA_EGAD(1.0),2017-04-26 11:00:00,Annual,From 20 to 64 years,Percentage
Sweden,2021,Females,From 24 to 59 months,20.8,b,,ESTAT:LFSA_EGAD(1.0),2017-04-26 11:00:00,Annual,From 20 to 64 years,Percentage
Sweden,2022,Females,From 24 to 59 months,19.5,,,ESTAT:LFSA_EGAD(1.0),2017-04-26 11:00:00,Annual,From 20 to 64 years,Percentage
Sweden,2023,Females,From 24 to 59 months,18.5,,,ESTAT:LFSA_EGAD(1.0),2017-04-26 11:00:00,Annual,From 20 to 64 years,Percentage
Sweden,2024,Females,From 24 to 59 months,21.0,,,ESTAT:LFSA_EGAD(1.0),2017-04-26 11:00:00,Annual,From 20 to 64 years,Percentage
Sweden,2025,Females,From 24 to 59 months,22.6,,,ESTAT:LFSA_EGAD(1.0),2017-04-26 11:00:00,Annual,From 20 to 64 years,Percentage
Slovenia,2016,Females,From 24 to 59 months,13.3,,,ESTAT:LFSA_EGAD(1.0),2017-04-26 11:00:00,Annual,From 20 to 64 years,Percentage
Slovenia,2017,Females,From 24 to 59 months,12.9,,,ESTAT:LFSA_EGAD(1.0),2017-04-26 11:00:00,Annual,From 20 to 64 years,Percentage
Slovenia,2018,Females,From 24 to 59 months,13.5,,,ESTAT:LFSA_EGAD(1.0),2017-04-26 11:00:00,Annual,From 20 to 64 years,Percentage
Slovenia,2019,Females,From 24 to 59 months,14.5,,,ESTAT:LFSA_EGAD(1.0),2017-04-26 11:00:00,Annual,From 20 to 64 years,Percentage
Slovenia,2020,Females,From 24 to 59 months,15.5,,,ESTAT:LFSA_EGAD(1.0),2017-04-26 11:00:00,Annual,From 20 to 64 years,Percentage
Slovenia,2021,Females,From 24 to 59 months,15.1,b,,ESTAT:LFSA_EGAD(1.0),2017-04-26 11:00:00,Annual,From 20 to 64 years,Percentage
Slovenia,2022,Females,From 24 to 59 months,14.9,,,ESTAT:LFSA_EGAD(1.0),2017-04-26 11:00:00,Annual,From 20 to 64 years,Percentage
Slovenia,2023,Females,From 24 to 59 months,15.4,,,ESTAT:LFSA_EGAD(1.0),2017-04-26 11:00:00,Annual,From 20 to 64 years,Percentage
Slovenia,2024,Females,From 24 to 59 months,16.2,,,ESTAT:LFSA_EGAD(1.0),2017-04-26 11:00:00,Annual,From 20 to 64 years,Percentage
Slovenia,2025,Females,From 24 to 59 months,16.0,,,ESTAT:LFSA_EGAD(1.0),2017-04-26 11:00:00,Annual,From 20 to 64 years,Percentage
Slovakia,2016,Females,From 24 to 59 months,16.7,,,ESTAT:LFSA_EGAD(1.0),2017-04-26 11:00:00,Annual,From 20 to 64 years,Percentage
Slovakia,2017,Females,From 24 to 59 months,16.7,,,ESTAT:LFSA_EGAD(1.0),2017-04-26 11:00:00,Annual,From 20 to 64 years,Percentage
Slovakia,2018,Females,From 24 to 59 months,17.1,,,ESTAT:LFSA_EGAD(1.0),2017-04-26 11:00:00,Annual,From 20 to 64 years,Percentage
Slovakia,2019,Females,From 24 to 59 months,18.0,,,ESTAT:LFSA_EGAD(1.0),2017-04-26 11:00:00,Annual,From 20 to 64 years,Percentage
Slovakia,2020,Females,From 24 to 59 months,19.0,,,ESTAT:LFSA_EGAD(1.0),2017-04-26 11:00:00,Annual,From 20 to 64 years,Percentage
Slovakia,2021,Females,From 24 to 59 months,17.6,b,,ESTAT:LFSA_EGAD(1.0),2017-04-26 11:00:00,Annual,From 20 to 64 years,Percentage
Slovakia,2022,Females,From 24 to 59 months,19.4,,,ESTAT:LFSA_EGAD(1.0),2017-04-26 11:00:00,Annual,From 20 to 64 years,Percentage
Slovakia,2023,Females,From 24 to 59 months,16.5,,,ESTAT:LFSA_EGAD(1.0),2017-04-26 11:00:00,Annual,From 20 to 64 years,Percentage
Slovakia,2024,Females,From 24 to 59 months,17.3,,,ESTAT:LFSA_EGAD(1.0),2017-04-26 11:00:00,Annual,From 20 to 64 years,Percentage
Slovakia,2025,Females,From 24 to 59 months,16.7,,,ESTAT:LFSA_EGAD(1.0),2017-04-26 11:00:00,Annual,From 20 to 64 years,Percentage
Türkiye,2016,Females,From 24 to 59 months,17.8,,,ESTAT:LFSA_EGAD(1.0),2017-04-26 11:00:00,Annual,From 20 to 64 years,Percentage
Türkiye,2017,Females,From 24 to 59 months,18.1,,,ESTAT:LFSA_EGAD(1.0),2017-04-26 11:00:00,Annual,From 20 to 64 years,Percentage
Türkiye,2018,Females,From 24 to 59 months,18.0,,,ESTAT:LFSA_EGAD(1.0),2017-04-26 11:00:00,Annual,From 20 to 64 years,Percentage
Türkiye,2019,Females,From 24 to 59 months,17.6,,,ESTAT:LFSA_EGAD(1.0),2017-04-26 11:00:00,Annual,From 20 to 64 years,Percentage
Türkiye,2020,Females,From 24 to 59 months,19.2,,,ESTAT:LFSA_EGAD(1.0),2017-04-26 11:00:00,Annual,From 20 to 64 years,Percentage
Türkiye,2021,Females,From 24 to 59 months,18.8,b,,ESTAT:LFSA_EGAD(1.0),2017-04-26 11:00:00,Annual,From 20 to 64 years,Percentage
Türkiye,2022,Females,From 24 to 59 months,17.4,,,ESTAT:LFSA_EGAD(1.0),2017-04-26 11:00:00,Annual,From 20 to 64 years,Percentage
Türkiye,2023,Females,From 24 to 59 months,15.8,,,ESTAT:LFSA_EGAD(1.0),2017-04-26 11:00:00,Annual,From 20 to 64 years,Percentage
Türkiye,2024,Females,From 24 to 59 months,16.5,,,ESTAT:LFSA_EGAD(1.0),2017-04-26 11:00:00,Annual,From 20 to 64 years,Percentage
Türkiye,2025,Females,From 24 to 59 months,17.4,,,ESTAT:LFSA_EGAD(1.0),2017-04-26 11:00:00,Annual,From 20 to 64 years,Percentage
United Kingdom,2016,Females,From 24 to 59 months,19.8,,,ESTAT:LFSA_EGAD(1.0),2017-04-26 11:00:00,Annual,From 20 to 64 years,Percentage
United Kingdom,2017,Females,From 24 to 59 months,20.2,,,ESTAT:LFSA_EGAD(1.0),2017-04-26 11:00:00,Annual,From 20 to 64 years,Percentage
United Kingdom,2018,Females,From 24 to 59 months,20.5,,,ESTAT:LFSA_EGAD(1.0),2017-04-26 11:00:00,Annual,From 20 to 64 years,Percentage
United Kingdom,2019,Females,From 24 to 59 months,21.1,,,ESTAT:LFSA_EGAD(1.0),2017-04-26 11:00:00,Annual,From 20 to 64 years,Percentage
Austria,2016,Males,From 24 to 59 months,15.2,,,ESTAT:LFSA_EGAD(1.0),2017-04-26 11:00:00,Annual,From 20 to 64 years,Percentage
Austria,2017,Males,From 24 to 59 months,14.9,,,ESTAT:LFSA_EGAD(1.0),2017-04-26 11:00:00,Annual,From 20 to 64 years,Percentage
Austria,2018,Males,From 24 to 59 months,15.3,,,ESTAT:LFSA_EGAD(1.0),2017-04-26 11:00:00,Annual,From 20 to 64 years,Percentage
Austria,2019,Males,From 24 to 59 months,14.9,,,ESTAT:LFSA_EGAD(1.0),2017-04-26 11:00:00,Annual,From 20 to 64 years,Percentage
Austria,2020,Males,From 24 to 59 months,16.4,,,ESTAT:LFSA_EGAD(1.0),2017-04-26 11:00:00,Annual,From 20 to 64 years,Percentage
Austria,2021,Males,From 24 to 59 months,16.6,b,,ESTAT:LFSA_EGAD(1.0),2017-04-26 11:00:00,Annual,From 20 to 64 years,Percentage
Austria,2022,Males,From 24 to 59 months,16.3,,,ESTAT:LFSA_EGAD(1.0),2017-04-26 11:00:00,Annual,From 20 to 64 years,Percentage
Austria,2023,Males,From 24 to 59 months,15.9,,,ESTAT:LFSA_EGAD(1.0),2017-04-26 11:00:00,Annual,From 20 to 64 years,Percentage
Austria,2024,Males,From 24 to 59 months,15.9,,,ESTAT:LFSA_EGAD(1.0),2017-04-26 11:00:00,Annual,From 20 to 64 years,Percentage
Austria,2025,Males,From 24 to 59 months,17.0,,,ESTAT:LFSA_EGAD(1.0),2017-04-26 11:00:00,Annual,From 20 to 64 years,Percentage
Bosnia and Herzegovina,2021,Males,From 24 to 59 months,21.9,b,,ESTAT:LFSA_EGAD(1.0),2017-04-26 11:00:00,Annual,From 20 to 64 years,Percentage
Bosnia and Herzegovina,2022,Males,From 24 to 59 months,20.2,,,ESTAT:LFSA_EGAD(1.0),2017-04-26 11:00:00,Annual,From 20 to 64 years,Percentage
Bosnia and Herzegovina,2023,Males,From 24 to 59 months,18.0,,,ESTAT:LFSA_EGAD(1.0),2017-04-26 11:00:00,Annual,From 20 to 64 years,Percentage
Bosnia and Herzegovina,2024,Males,From 24 to 59 months,17.6,,,ESTAT:LFSA_EGAD(1.0),2017-04-26 11:00:00,Annual,From 20 to 64 years,Percentage
Bosnia and Herzegovina,2025,Males,From 24 to 59 months,14.7,,,ESTAT:LFSA_EGAD(1.0),2017-04-26 11:00:00,Annual,From 20 to 64 years,Percentage
Belgium,2016,Males,From 24 to 59 months,15.0,,,ESTAT:LFSA_EGAD(1.0),2017-04-26 11:00:00,Annual,From 20 to 64 years,Percentage
Belgium,2017,Males,From 24 to 59 months,15.2,b,,ESTAT:LFSA_EGAD(1.0),2017-04-26 11:00:00,Annual,From 20 to 64 years,Percentage
Belgium,2018,Males,From 24 to 59 months,15.8,,,ESTAT:LFSA_EGAD(1.0),2017-04-26 11:00:00,Annual,From 20 to 64 years,Percentage
Belgium,2019,Males,From 24 to 59 months,16.7,,,ESTAT:LFSA_EGAD(1.0),2017-04-26 11:00:00,Annual,From 20 to 64 years,Percentage
Belgium,2020,Males,From 24 to 59 months,17.5,,,ESTAT:LFSA_EGAD(1.0),2017-04-26 11:00:00,Annual,From 20 to 64 years,Percentage
Belgium,2021,Males,From 24 to 59 months,17.4,b,,ESTAT:LFSA_EGAD(1.0),2017-04-26 11:00:00,Annual,From 20 to 64 years,Percentage
Belgium,2022,Males,From 24 to 59 months,16.6,,,ESTAT:LFSA_EGAD(1.0),2017-04-26 11:00:00,Annual,From 20 to 64 years,Percentage
Belgium,2023,Males,From 24 to 59 months,15.7,,,ESTAT:LFSA_EGAD(1.0),2017-04-26 11:00:00,Annual,From 20 to 64 years,Percentage
Belgium,2024,Males,From 24 to 59 months,16.2,,,ESTAT:LFSA_EGAD(1.0),2017-04-26 11:00:00,Annual,From 20 to 64 years,Percentage
Belgium,2025,Males,From 24 to 59 months,15.7,,,ESTAT:LFSA_EGAD(1.0),2017-04-26 11:00:00,Annual,From 20 to 64 years,Percentage
Bulgaria,2016,Males,From 24 to 59 months,18.5,,,ESTAT:LFSA_EGAD(1.0),2017-04-26 11:00:00,Annual,From 20 to 64 years,Percentage
Bulgaria,2017,Males,From 24 to 59 months,17.6,,,ESTAT:LFSA_EGAD(1.0),2017-04-26 11:00:00,Annual,From 20 to 64 years,Percentage
Bulgaria,2018,Males,From 24 to 59 months,19.1,,,ESTAT:LFSA_EGAD(1.0),2017-04-26 11:00:00,Annual,From 20 to 64 years,Percentage
Bulgaria,2019,Males,From 24 to 59 months,18.9,b,,ESTAT:LFSA_EGAD(1.0),2017-04-26 11:00:00,Annual,From 20 to 64 years,Percentage
Bulgaria,2020,Males,From 24 to 59 months,18.0,,,ESTAT:LFSA_EGAD(1.0),2017-04-26 11:00:00,Annual,From 20 to 64 years,Percentage
Bulgaria,2021,Males,From 24 to 59 months,17.5,b,,ESTAT:LFSA_EGAD(1.0),2017-04-26 11:00:00,Annual,From 20 to 64 years,Percentage
Bulgaria,2022,Males,From 24 to 59 months,17.1,,,ESTAT:LFSA_EGAD(1.0),2017-04-26 11:00:00,Annual,From 20 to 64 years,Percentage
Bulgaria,2023,Males,From 24 to 59 months,15.8,,,ESTAT:LFSA_EGAD(1.0),2017-04-26 11:00:00,Annual,From 20 to 64 years,Percentage
Bulgaria,2024,Males,From 24 to 59 months,16.0,b,,ESTAT:LFSA_EGAD(1.0),2017-04-26 11:00:00,Annual,From 20 to 64 years,Percentage
Bulgaria,2025,Males,From 24 to 59 months,15.4,,,ESTAT:LFSA_EGAD(1.0),2017-04-26 11:00:00,Annual,From 20 to 64 years,Percentage
Switzerland,2016,Males,From 24 to 59 months,18.5,,,ESTAT:LFSA_EGAD(1.0),2017-04-26 11:00:00,Annual,From 20 to 64 years,Percentage
Switzerland,2017,Males,From 24 to 59 months,18.1,,,ESTAT:LFSA_EGAD(1.0),2017-04-26 11:00:00,Annual,From 20 to 64 years,Percentage
Switzerland,2018,Males,From 24 to 59 months,18.1,,,ESTAT:LFSA_EGAD(1.0),2017-04-26 11:00:00,Annual,From 20 to 64 years,Percentage
Switzerland,2019,Males,From 24 to 59 months,18.0,,,ESTAT:LFSA_EGAD(1.0),2017-04-26 11:00:00,Annual,From 20 to 64 years,Percentage
Switzerland,2020,Males,From 24 to 59 months,18.3,,,ESTAT:LFSA_EGAD(1.0),2017-04-26 11:00:00,Annual,From 20 to 64 years,Percentage
Switzerland,2021,Males,From 24 to 59 months,19.1,b,,ESTAT:LFSA_EGAD(1.0),2017-04-26 11:00:00,Annual,From 20 to 64 years,Percentage
Switzerland,2022,Males,From 24 to 59 months,19.6,,,ESTAT:LFSA_EGAD(1.0),2017-04-26 11:00:00,Annual,From 20 to 64 years,Percentage
Switzerland,2023,Males,From 24 to 59 months,18.6,,,ESTAT:LFSA_EGAD(1.0),2017-04-26 11:00:00,Annual,From 20 to 64 years,Percentage
Switzerland,2024,Males,From 24 to 59 months,18.4,,,ESTAT:LFSA_EGAD(1.0),2017-04-26 11:00:00,Annual,From 20 to 64 years,Percentage
Switzerland,2025,Males,From 24 to 59 months,19.8,,,ESTAT:LFSA_EGAD(1.0),2017-04-26 11:00:00,Annual,From 20 to 64 years,Percentage
Cyprus,2016,Males,From 24 to 59 months,13.4,,,ESTAT:LFSA_EGAD(1.0),2017-04-26 11:00:00,Annual,From 20 to 64 years,Percentage
Cyprus,2017,Males,From 24 to 59 months,13.6,,,ESTAT:LFSA_EGAD(1.0),2017-04-26 11:00:00,Annual,From 20 to 64 years,Percentage
Cyprus,2018,Males,From 24 to 59 months,15.0,,,ESTAT:LFSA_EGAD(1.0),2017-04-26 11:00:00,Annual,From 20 to 64 years,Percentage
Cyprus,2019,Males,From 24 to 59 months,19.8,,,ESTAT:LFSA_EGAD(1.0),2017-04-26 11:00:00,Annual,From 20 to 64 years,Percentage
Cyprus,2020,Males,From 24 to 59 months,20.0,,,ESTAT:LFSA_EGAD(1.0),2017-04-26 11:00:00,Annual,From 20 to 64 years,Percentage
Cyprus,2021,Males,From 24 to 59 months,19.9,b,,ESTAT:LFSA_EGAD(1.0),2017-04-26 11:00:00,Annual,From 20 to 64 years,Percentage
Cyprus,2022,Males,From 24 to 59 months,19.2,,,ESTAT:LFSA_EGAD(1.0),2017-04-26 11:00:00,Annual,From 20 to 64 years,Percentage
Cyprus,2023,Males,From 24 to 59 months,16.5,,,ESTAT:LFSA_EGAD(1.0),2017-04-26 11:00:00,Annual,From 20 to 64 years,Percentage
Cyprus,2024,Males,From 24 to 59 months,16.4,,,ESTAT:LFSA_EGAD(1.0),2017-04-26 11:00:00,Annual,From 20 to 64 years,Percentage
Cyprus,2025,Males,From 24 to 59 months,19.3,,,ESTAT:LFSA_EGAD(1.0),2017-04-26 11:00:00,Annual,From 20 to 64 years,Percentage
Czechia,2016,Males,From 24 to 59 months,14.5,,,ESTAT:LFSA_EGAD(1.0),2017-04-26 11:00:00,Annual,From 20 to 64 years,Percentage
Czechia,2017,Males,From 24 to 59 months,16.1,,,ESTAT:LFSA_EGAD(1.0),2017-04-26 11:00:00,Annual,From 20 to 64 years,Percentage
Czechia,2018,Males,From 24 to 59 months,17.3,,,ESTAT:LFSA_EGAD(1.0),2017-04-26 11:00:00,Annual,From 20 to 64 years,Percentage
Czechia,2019,Males,From 24 to 59 months,17.5,,,ESTAT:LFSA_EGAD(1.0),2017-04-26 11:00:00,Annual,From 20 to 64 years,Percentage
Czechia,2020,Males,From 24 to 59 months,16.7,,,ESTAT:LFSA_EGAD(1.0),2017-04-26 11:00:00,Annual,From 20 to 64 years,Percentage
Czechia,2021,Males,From 24 to 59 months,17.0,b,,ESTAT:LFSA_EGAD(1.0),2017-04-26 11:00:00,Annual,From 20 to 64 years,Percentage
Czechia,2022,Males,From 24 to 59 months,16.5,,,ESTAT:LFSA_EGAD(1.0),2017-04-26 11:00:00,Annual,From 20 to 64 years,Percentage
Czechia,2023,Males,From 24 to 59 months,15.1,,,ESTAT:LFSA_EGAD(1.0),2017-04-26 11:00:00,Annual,From 20 to 64 years,Percentage
Czechia,2024,Males,From 24 to 59 months,15.0,,,ESTAT:LFSA_EGAD(1.0),2017-04-26 11:00:00,Annual,From 20 to 64 years,Percentage
Czechia,2025,Males,From 24 to 59 months,14.3,,,ESTAT:LFSA_EGAD(1.0),2017-04-26 11:00:00,Annual,From 20 to 64 years,Percentage
Germany,2016,Males,From 24 to 59 months,14.8,,,ESTAT:LFSA_EGAD(1.0),2017-04-26 11:00:00,Annual,From 20 to 64 years,Percentage
Germany,2017,Males,From 24 to 59 months,15.1,,,ESTAT:LFSA_EGAD(1.0),2017-04-26 11:00:00,Annual,From 20 to 64 years,Percentage
Germany,2018,Males,From 24 to 59 months,15.7,,,ESTAT:LFSA_EGAD(1.0),2017-04-26 11:00:00,Annual,From 20 to 64 years,Percentage
Germany,2019,Males,From 24 to 59 months,15.6,,,ESTAT:LFSA_EGAD(1.0),2017-04-26 11:00:00,Annual,From 20 to 64 years,Percentage
Germany,2020,Males,From 24 to 59 months,16.3,b,,ESTAT:LFSA_EGAD(1.0),2017-04-26 11:00:00,Annual,From 20 to 64 years,Percentage
Germany,2021,Males,From 24 to 59 months,16.8,b,,ESTAT:LFSA_EGAD(1.0),2017-04-26 11:00:00,Annual,From 20 to 64 years,Percentage
Germany,2022,Males,From 24 to 59 months,16.9,,,ESTAT:LFSA_EGAD(1.0),2017-04-26 11:00:00,Annual,From 20 to 64 years,Percentage
Germany,2023,Males,From 24 to 59 months,16.1,,,ESTAT:LFSA_EGAD(1.0),2017-04-26 11:00:00,Annual,From 20 to 64 years,Percentage
Germany,2024,Males,From 24 to 59 months,16.5,,,ESTAT:LFSA_EGAD(1.0),2017-04-26 11:00:00,Annual,From 20 to 64 years,Percentage
Germany,2025,Males,From 24 to 59 months,17.4,,,ESTAT:LFSA_EGAD(1.0),2017-04-26 11:00:00,Annual,From 20 to 64 years,Percentage
Denmark,2016,Males,From 24 to 59 months,18.4,b,,ESTAT:LFSA_EGAD(1.0),2017-04-26 11:00:00,Annual,From 20 to 64 years,Percentage
Denmark,2017,Males,From 24 to 59 months,19.1,b,,ESTAT:LFSA_EGAD(1.0),2017-04-26 11:00:00,Annual,From 20 to 64 years,Percentage
Denmark,2018,Males,From 24 to 59 months,20.9,,,ESTAT:LFSA_EGAD(1.0),2017-04-26 11:00:00,Annual,From 20 to 64 years,Percentage
Denmark,2019,Males,From 24 to 59 months,21.5,,,ESTAT:LFSA_EGAD(1.0),2017-04-26 11:00:00,Annual,From 20 to 64 years,Percentage
Denmark,2020,Males,From 24 to 59 months,23.2,,,ESTAT:LFSA_EGAD(1.0),2017-04-26 11:00:00,Annual,From 20 to 64 years,Percentage
Denmark,2021,Males,From 24 to 59 months,21.8,b,,ESTAT:LFSA_EGAD(1.0),2017-04-26 11:00:00,Annual,From 20 to 64 years,Percentage
Denmark,2022,Males,From 24 to 59 months,20.4,,,ESTAT:LFSA_EGAD(1.0),2017-04-26 11:00:00,Annual,From 20 to 64 years,Percentage
Denmark,2023,Males,From 24 to 59 months,20.3,b,,ESTAT:LFSA_EGAD(1.0),2017-04-26 11:00:00,Annual,From 20 to 64 years,Percentage
Denmark,2024,Males,From 24 to 59 months,21.7,,,ESTAT:LFSA_EGAD(1.0),2017-04-26 11:00:00,Annual,From 20 to 64 years,Percentage
Denmark,2025,Males,From 24 to 59 months,21.8,,,ESTAT:LFSA_EGAD(1.0),2017-04-26 11:00:00,Annual,From 20 to 64 years,Percentage
Euro area – 21 countries (from 2026),2016,Males,From 24 to 59 months,13.9,,,ESTAT:LFSA_EGAD(1.0),2017-04-26 11:00:00,Annual,From 20 to 64 years,Percentage
Euro area – 21 countries (from 2026),2017,Males,From 24 to 59 months,14.2,,,ESTAT:LFSA_EGAD(1.0),2017-04-26 11:00:00,Annual,From 20 to 64 years,Percentage
Euro area – 21 countries (from 2026),2018,Males,From 24 to 59 months,15.1,,,ESTAT:LFSA_EGAD(1.0),2017-04-26 11:00:00,Annual,From 20 to 64 years,Percentage
Euro area – 21 countries (from 2026),2019,Males,From 24 to 59 months,15.5,,,ESTAT:LFSA_EGAD(1.0),2017-04-26 11:00:00,Annual,From 20 to 64 years,Percentage
Euro area – 21 countries (from 2026),2020,Males,From 24 to 59 months,16.2,,,ESTAT:LFSA_EGAD(1.0),2017-04-26 11:00:00,Annual,From 20 to 64 years,Percentage
Euro area – 21 countries (from 2026),2021,Males,From 24 to 59 months,16.7,b,,ESTAT:LFSA_EGAD(1.0),2017-04-26 11:00:00,Annual,From 20 to 64 years,Percentage
Euro area – 21 countries (from 2026),2022,Males,From 24 to 59 months,16.4,,,ESTAT:LFSA_EGAD(1.0),2017-04-26 11:00:00,Annual,From 20 to 64 years,Percentage
Euro area – 21 countries (from 2026),2023,Males,From 24 to 59 months,15.6,,,ESTAT:LFSA_EGAD(1.0),2017-04-26 11:00:00,Annual,From 20 to 64 years,Percentage
Euro area – 21 countries (from 2026),2024,Males,From 24 to 59 months,16.2,,,ESTAT:LFSA_EGAD(1.0),2017-04-26 11:00:00,Annual,From 20 to 64 years,Percentage
Euro area – 21 countries (from 2026),2025,Males,From 24 to 59 months,17.4,,,ESTAT:LFSA_EGAD(1.0),2017-04-26 11:00:00,Annual,From 20 to 64 years,Percentage
Estonia,2016,Males,From 24 to 59 months,21.7,,,ESTAT:LFSA_EGAD(1.0),2017-04-26 11:00:00,Annual,From 20 to 64 years,Percentage
Estonia,2017,Males,From 24 to 59 months,19.9,,,ESTAT:LFSA_EGAD(1.0),2017-04-26 11:00:00,Annual,From 20 to 64 years,Percentage
Estonia,2018,Males,From 24 to 59 months,19.7,,,ESTAT:LFSA_EGAD(1.0),2017-04-26 11:00:00,Annual,From 20 to 64 years,Percentage
Estonia,2019,Males,From 24 to 59 months,21.0,,,ESTAT:LFSA_EGAD(1.0),2017-04-26 11:00:00,Annual,From 20 to 64 years,Percentage
Estonia,2020,Males,From 24 to 59 months,21.8,,,ESTAT:LFSA_EGAD(1.0),2017-04-26 11:00:00,Annual,From 20 to 64 years,Percentage
Estonia,2021,Males,From 24 to 59 months,21.8,b,,ESTAT:LFSA_EGAD(1.0),2017-04-26 11:00:00,Annual,From 20 to 64 years,Percentage
Estonia,2022,Males,From 24 to 59 months,21.1,,,ESTAT:LFSA_EGAD(1.0),2017-04-26 11:00:00,Annual,From 20 to 64 years,Percentage
Estonia,2023,Males,From 24 to 59 months,20.4,,,ESTAT:LFSA_EGAD(1.0),2017-04-26 11:00:00,Annual,From 20 to 64 years,Percentage
Estonia,2024,Males,From 24 to 59 months,19.9,,,ESTAT:LFSA_EGAD(1.0),2017-04-26 11:00:00,Annual,From 20 to 64 years,Percentage
Estonia,2025,Males,From 24 to 59 months,19.7,,,ESTAT:LFSA_EGAD(1.0),2017-04-26 11:00:00,Annual,From 20 to 64 years,Percentage
Greece,2016,Males,From 24 to 59 months,11.9,,,ESTAT:LFSA_EGAD(1.0),2017-04-26 11:00:00,Annual,From 20 to 64 years,Percentage
Greece,2017,Males,From 24 to 59 months,12.3,,,ESTAT:LFSA_EGAD(1.0),2017-04-26 11:00:00,Annual,From 20 to 64 years,Percentage
Greece,2018,Males,From 24 to 59 months,13.1,,,ESTAT:LFSA_EGAD(1.0),2017-04-26 11:00:00,Annual,From 20 to 64 years,Percentage
Greece,2019,Males,From 24 to 59 months,13.2,,,ESTAT:LFSA_EGAD(1.0),2017-04-26 11:00:00,Annual,From 20 to 64 years,Percentage
Greece,2020,Males,From 24 to 59 months,12.8,,,ESTAT:LFSA_EGAD(1.0),2017-04-26 11:00:00,Annual,From 20 to 64 years,Percentage
Greece,2021,Males,From 24 to 59 months,12.9,b,,ESTAT:LFSA_EGAD(1.0),2017-04-26 11:00:00,Annual,From 20 to 64 years,Percentage
Greece,2022,Males,From 24 to 59 months,12.5,,,ESTAT:LFSA_EGAD(1.0),2017-04-26 11:00:00,Annual,From 20 to 64 years,Percentage
Greece,2023,Males,From 24 to 59 months,12.2,,,ESTAT:LFSA_EGAD(1.0),2017-04-26 11:00:00,Annual,From 20 to 64 years,Percentage
Greece,2024,Males,From 24 to 59 months,13.4,,,ESTAT:LFSA_EGAD(1.0),2017-04-26 11:00:00,Annual,From 20 to 64 years,Percentage
Greece,2025,Males,From 24 to 59 months,14.8,,,ESTAT:LFSA_EGAD(1.0),2017-04-26 11:00:00,Annual,From 20 to 64 years,Percentage
Spain,2016,Males,From 24 to 59 months,12.0,,,ESTAT:LFSA_EGAD(1.0),2017-04-26 11:00:00,Annual,From 20 to 64 years,Percentage
Spain,2017,Males,From 24 to 59 months,13.1,,,ESTAT:LFSA_EGAD(1.0),2017-04-26 11:00:00,Annual,From 20 to 64 years,Percentage
Spain,2018,Males,From 24 to 59 months,14.7,,,ESTAT:LFSA_EGAD(1.0),2017-04-26 11:00:00,Annual,From 20 to 64 years,Percentage
Spain,2019,Males,From 24 to 59 months,15.6,,,ESTAT:LFSA_EGAD(1.0),2017-04-26 11:00:00,Annual,From 20 to 64 years,Percentage
Spain,2020,Males,From 24 to 59 months,15.9,,,ESTAT:LFSA_EGAD(1.0),2017-04-26 11:00:00,Annual,From 20 to 64 years,Percentage
Spain,2021,Males,From 24 to 59 months,15.8,bd,,ESTAT:LFSA_EGAD(1.0),2017-04-26 11:00:00,Annual,From 20 to 64 years,Percentage
Spain,2022,Males,From 24 to 59 months,15.5,d,,ESTAT:LFSA_EGAD(1.0),2017-04-26 11:00:00,Annual,From 20 to 64 years,Percentage
Spain,2023,Males,From 24 to 59 months,14.8,d,,ESTAT:LFSA_EGAD(1.0),2017-04-26 11:00:00,Annual,From 20 to 64 years,Percentage
Spain,2024,Males,From 24 to 59 months,15.5,d,,ESTAT:LFSA_EGAD(1.0),2017-04-26 11:00:00,Annual,From 20 to 64 years,Percentage
Spain,2025,Males,From 24 to 59 months,17.0,d,,ESTAT:LFSA_EGAD(1.0),2017-04-26 11:00:00,Annual,From 20 to 64 years,Percentage
European Union - 27 countries (from 2020),2016,Males,From 24 to 59 months,14.7,,,ESTAT:LFSA_EGAD(1.0),2017-04-26 11:00:00,Annual,From 20 to 64 years,Percentage
European Union - 27 countries (from 2020),2017,Males,From 24 to 59 months,15.0,,,ESTAT:LFSA_EGAD(1.0),2017-04-26 11:00:00,Annual,From 20 to 64 years,Percentage
European Union - 27 countries (from 2020),2018,Males,From 24 to 59 months,16.0,,,ESTAT:LFSA_EGAD(1.0),2017-04-26 11:00:00,Annual,From 20 to 64 years,Percentage
European Union - 27 countries (from 2020),2019,Males,From 24 to 59 months,16.4,,,ESTAT:LFSA_EGAD(1.0),2017-04-26 11:00:00,Annual,From 20 to 64 years,Percentage
European Union - 27 countries (from 2020),2020,Males,From 24 to 59 months,17.0,,,ESTAT:LFSA_EGAD(1.0),2017-04-26 11:00:00,Annual,From 20 to 64 years,Percentage
European Union - 27 countries (from 2020),2021,Males,From 24 to 59 months,17.2,b,,ESTAT:LFSA_EGAD(1.0),2017-04-26 11:00:00,Annual,From 20 to 64 years,Percentage
European Union - 27 countries (from 2020),2022,Males,From 24 to 59 months,16.8,,,ESTAT:LFSA_EGAD(1.0),2017-04-26 11:00:00,Annual,From 20 to 64 years,Percentage
European Union - 27 countries (from 2020),2023,Males,From 24 to 59 months,15.9,,,ESTAT:LFSA_EGAD(1.0),2017-04-26 11:00:00,Annual,From 20 to 64 years,Percentage
European Union - 27 countries (from 2020),2024,Males,From 24 to 59 months,16.4,,,ESTAT:LFSA_EGAD(1.0),2017-04-26 11:00:00,Annual,From 20 to 64 years,Percentage
European Union - 27 countries (from 2020),2025,Males,From 24 to 59 months,17.2,,,ESTAT:LFSA_EGAD(1.0),2017-04-26 11:00:00,Annual,From 20 to 64 years,Percentage
Finland,2016,Males,From 24 to 59 months,15.3,,,ESTAT:LFSA_EGAD(1.0),2017-04-26 11:00:00,Annual,From 20 to 64 years,Percentage
Finland,2017,Males,From 24 to 59 months,14.4,,,ESTAT:LFSA_EGAD(1.0),2017-04-26 11:00:00,Annual,From 20 to 64 years,Percentage
Finland,2018,Males,From 24 to 59 months,14.9,,,ESTAT:LFSA_EGAD(1.0),2017-04-26 11:00:00,Annual,From 20 to 64 years,Percentage
Finland,2019,Males,From 24 to 59 months,16.8,,,ESTAT:LFSA_EGAD(1.0),2017-04-26 11:00:00,Annual,From 20 to 64 years,Percentage
Finland,2020,Males,From 24 to 59 months,18.8,,,ESTAT:LFSA_EGAD(1.0),2017-04-26 11:00:00,Annual,From 20 to 64 years,Percentage
Finland,2021,Males,From 24 to 59 months,19.0,b,,ESTAT:LFSA_EGAD(1.0),2017-04-26 11:00:00,Annual,From 20 to 64 years,Percentage
Finland,2022,Males,From 24 to 59 months,18.3,,,ESTAT:LFSA_EGAD(1.0),2017-04-26 11:00:00,Annual,From 20 to 64 years,Percentage
Finland,2023,Males,From 24 to 59 months,17.6,,,ESTAT:LFSA_EGAD(1.0),2017-04-26 11:00:00,Annual,From 20 to 64 years,Percentage
Finland,2024,Males,From 24 to 59 months,18.7,,,ESTAT:LFSA_EGAD(1.0),2017-04-26 11:00:00,Annual,From 20 to 64 years,Percentage
Finland,2025,Males,From 24 to 59 months,20.4,,,ESTAT:LFSA_EGAD(1.0),2017-04-26 11:00:00,Annual,From 20 to 64 years,Percentage
France,2016,Males,From 24 to 59 months,13.7,,,ESTAT:LFSA_EGAD(1.0),2017-04-26 11:00:00,Annual,From 20 to 64 years,Percentage
France,2017,Males,From 24 to 59 months,13.9,,,ESTAT:LFSA_EGAD(1.0),2017-04-26 11:00:00,Annual,From 20 to 64 years,Percentage
France,2018,Males,From 24 to 59 months,14.4,,,ESTAT:LFSA_EGAD(1.0),2017-04-26 11:00:00,Annual,From 20 to 64 years,Percentage
France,2019,Males,From 24 to 59 months,14.9,,,ESTAT:LFSA_EGAD(1.0),2017-04-26 11:00:00,Annual,From 20 to 64 years,Percentage
France,2020,Males,From 24 to 59 months,16.1,,,ESTAT:LFSA_EGAD(1.0),2017-04-26 11:00:00,Annual,From 20 to 64 years,Percentage
France,2021,Males,From 24 to 59 months,16.8,bd,,ESTAT:LFSA_EGAD(1.0),2017-04-26 11:00:00,Annual,From 20 to 64 years,Percentage
France,2022,Males,From 24 to 59 months,16.8,d,,ESTAT:LFSA_EGAD(1.0),2017-04-26 11:00:00,Annual,From 20 to 64 years,Percentage
France,2023,Males,From 24 to 59 months,15.6,d,,ESTAT:LFSA_EGAD(1.0),2017-04-26 11:00:00,Annual,From 20 to 64 years,Percentage
France,2024,Males,From 24 to 59 months,16.0,d,,ESTAT:LFSA_EGAD(1.0),2017-04-26 11:00:00,Annual,From 20 to 64 years,Percentage
France,2025,Males,From 24 to 59 months,17.8,d,,ESTAT:LFSA_EGAD(1.0),2017-04-26 11:00:00,Annual,From 20 to 64 years,Percentage
Croatia,2016,Males,From 24 to 59 months,13.4,,,ESTAT:LFSA_EGAD(1.0),2017-04-26 11:00:00,Annual,From 20 to 64 years,Percentage
Croatia,2017,Males,From 24 to 59 months,14.9,,,ESTAT:LFSA_EGAD(1.0),2017-04-26 11:00:00,Annual,From 20 to 64 years,Percentage
Croatia,2018,Males,From 24 to 59 months,16.3,,,ESTAT:LFSA_EGAD(1.0),2017-04-26 11:00:00,Annual,From 20 to 64 years,Percentage
Croatia,2019,Males,From 24 to 59 months,18.6,,,ESTAT:LFSA_EGAD(1.0),2017-04-26 11:00:00,Annual,From 20 to 64 years,Percentage
Croatia,2020,Males,From 24 to 59 months,19.0,,,ESTAT:LFSA_EGAD(1.0),2017-04-26 11:00:00,Annual,From 20 to 64 years,Percentage
Croatia,2021,Males,From 24 to 59 months,18.3,b,,ESTAT:LFSA_EGAD(1.0),2017-04-26 11:00:00,Annual,From 20 to 64 years,Percentage
Croatia,2022,Males,From 24 to 59 months,18.0,,,ESTAT:LFSA_EGAD(1.0),2017-04-26 11:00:00,Annual,From 20 to 64 years,Percentage
Croatia,2023,Males,From 24 to 59 months,16.5,,,ESTAT:LFSA_EGAD(1.0),2017-04-26 11:00:00,Annual,From 20 to 64 years,Percentage
Croatia,2024,Males,From 24 to 59 months,17.0,,,ESTAT:LFSA_EGAD(1.0),2017-04-26 11:00:00,Annual,From 20 to 64 years,Percentage
Croatia,2025,Males,From 24 to 59 months,17.0,,,ESTAT:LFSA_EGAD(1.0),2017-04-26 11:00:00,Annual,From 20 to 64 years,Percentage
Hungary,2016,Males,From 24 to 59 months,19.1,,,ESTAT:LFSA_EGAD(1.0),2017-04-26 11:00:00,Annual,From 20 to 64 years,Percentage
Hungary,2017,Males,From 24 to 59 months,19.8,,,ESTAT:LFSA_EGAD(1.0),2017-04-26 11:00:00,Annual,From 20 to 64 years,Percentage
Hungary,2018,Males,From 24 to 59 months,20.4,b,,ESTAT:LFSA_EGAD(1.0),2017-04-26 11:00:00,Annual,From 20 to 64 years,Percentage
Hungary,2019,Males,From 24 to 59 months,19.9,,,ESTAT:LFSA_EGAD(1.0),2017-04-26 11:00:00,Annual,From 20 to 64 years,Percentage
Hungary,2020,Males,From 24 to 59 months,20.0,,,ESTAT:LFSA_EGAD(1.0),2017-04-26 11:00:00,Annual,From 20 to 64 years,Percentage
Hungary,2021,Males,From 24 to 59 months,19.4,b,,ESTAT:LFSA_EGAD(1.0),2017-04-26 11:00:00,Annual,From 20 to 64 years,Percentage
Hungary,2022,Males,From 24 to 59 months,19.0,,,ESTAT:LFSA_EGAD(1.0),2017-04-26 11:00:00,Annual,From 20 to 64 years,Percentage
Hungary,2023,Males,From 24 to 59 months,19.1,,,ESTAT:LFSA_EGAD(1.0),2017-04-26 11:00:00,Annual,From 20 to 64 years,Percentage
Hungary,2024,Males,From 24 to 59 months,19.0,,,ESTAT:LFSA_EGAD(1.0),2017-04-26 11:00:00,Annual,From 20 to 64 years,Percentage
Hungary,2025,Males,From 24 to 59 months,17.8,,,ESTAT:LFSA_EGAD(1.0),2017-04-26 11:00:00,Annual,From 20 to 64 years,Percentage
Ireland,2016,Males,From 24 to 59 months,16.0,,,ESTAT:LFSA_EGAD(1.0),2017-04-26 11:00:00,Annual,From 20 to 64 years,Percentage
Ireland,2017,Males,From 24 to 59 months,17.1,b,,ESTAT:LFSA_EGAD(1.0),2017-04-26 11:00:00,Annual,From 20 to 64 years,Percentage
Ireland,2018,Males,From 24 to 59 months,18.7,,,ESTAT:LFSA_EGAD(1.0),2017-04-26 11:00:00,Annual,From 20 to 64 years,Percentage
Ireland,2019,Males,From 24 to 59 months,19.3,,,ESTAT:LFSA_EGAD(1.0),2017-04-26 11:00:00,Annual,From 20 to 64 years,Percentage
Ireland,2020,Males,From 24 to 59 months,20.7,,,ESTAT:LFSA_EGAD(1.0),2017-04-26 11:00:00,Annual,From 20 to 64 years,Percentage
Ireland,2021,Males,From 24 to 59 months,20.6,b,,ESTAT:LFSA_EGAD(1.0),2017-04-26 11:00:00,Annual,From 20 to 64 years,Percentage
Ireland,2022,Males,From 24 to 59 months,18.2,,,ESTAT:LFSA_EGAD(1.0),2017-04-26 11:00:00,Annual,From 20 to 64 years,Percentage
Ireland,2023,Males,From 24 to 59 months,16.8,,,ESTAT:LFSA_EGAD(1.0),2017-04-26 11:00:00,Annual,From 20 to 64 years,Percentage
Ireland,2024,Males,From 24 to 59 months,19.1,,,ESTAT:LFSA_EGAD(1.0),2017-04-26 11:00:00,Annual,From 20 to 64 years,Percentage
Ireland,2025,Males,From 24 to 59 months,21.4,,,ESTAT:LFSA_EGAD(1.0),2017-04-26 11:00:00,Annual,From 20 to 64 years,Percentage
Iceland,2016,Males,From 24 to 59 months,19.4,,,ESTAT:LFSA_EGAD(1.0),2017-04-26 11:00:00,Annual,From 20 to 64 years,Percentage
Iceland,2017,Males,From 24 to 59 months,18.4,,,ESTAT:LFSA_EGAD(1.0),2017-04-26 11:00:00,Annual,From 20 to 64 years,Percentage
Iceland,2018,Males,From 24 to 59 months,21.3,,,ESTAT:LFSA_EGAD(1.0),2017-04-26 11:00:00,Annual,From 20 to 64 years,Percentage
Iceland,2019,Males,From 24 to 59 months,22.0,,,ESTAT:LFSA_EGAD(1.0),2017-04-26 11:00:00,Annual,From 20 to 64 years,Percentage
Iceland,2020,Males,From 24 to 59 months,23.4,b,,ESTAT:LFSA_EGAD(1.0),2017-04-26 11:00:00,Annual,From 20 to 64 years,Percentage
Iceland,2021,Males,From 24 to 59 months,21.7,b,,ESTAT:LFSA_EGAD(1.0),2017-04-26 11:00:00,Annual,From 20 to 64 years,Percentage
Iceland,2022,Males,From 24 to 59 months,19.8,,,ESTAT:LFSA_EGAD(1.0),2017-04-26 11:00:00,Annual,From 20 to 64 years,Percentage
Iceland,2023,Males,From 24 to 59 months,18.5,,,ESTAT:LFSA_EGAD(1.0),2017-04-26 11:00:00,Annual,From 20 to 64 years,Percentage
Iceland,2024,Males,From 24 to 59 months,20.1,,,ESTAT:LFSA_EGAD(1.0),2017-04-26 11:00:00,Annual,From 20 to 64 years,Percentage
Italy,2016,Males,From 24 to 59 months,11.9,,,ESTAT:LFSA_EGAD(1.0),2017-04-26 11:00:00,Annual,From 20 to 64 years,Percentage
Italy,2017,Males,From 24 to 59 months,12.1,,,ESTAT:LFSA_EGAD(1.0),2017-04-26 11:00:00,Annual,From 20 to 64 years,Percentage
Italy,2018,Males,From 24 to 59 months,13.4,b,,ESTAT:LFSA_EGAD(1.0),2017-04-26 11:00:00,Annual,From 20 to 64 years,Percentage
Italy,2019,Males,From 24 to 59 months,13.7,,,ESTAT:LFSA_EGAD(1.0),2017-04-26 11:00:00,Annual,From 20 to 64 years,Percentage
Italy,2020,Males,From 24 to 59 months,14.0,,,ESTAT:LFSA_EGAD(1.0),2017-04-26 11:00:00,Annual,From 20 to 64 years,Percentage
Italy,2021,Males,From 24 to 59 months,15.2,b,,ESTAT:LFSA_EGAD(1.0),2017-04-26 11:00:00,Annual,From 20 to 64 years,Percentage
Italy,2022,Males,From 24 to 59 months,15.0,,,ESTAT:LFSA_EGAD(1.0),2017-04-26 11:00:00,Annual,From 20 to 64 years,Percentage
Italy,2023,Males,From 24 to 59 months,14.4,,,ESTAT:LFSA_EGAD(1.0),2017-04-26 11:00:00,Annual,From 20 to 64 years,Percentage
Italy,2024,Males,From 24 to 59 months,15.6,,,ESTAT:LFSA_EGAD(1.0),2017-04-26 11:00:00,Annual,From 20 to 64 years,Percentage
Italy,2025,Males,From 24 to 59 months,16.6,,,ESTAT:LFSA_EGAD(1.0),2017-04-26 11:00:00,Annual,From 20 to 64 years,Percentage
Lithuania,2016,Males,From 24 to 59 months,20.6,,,ESTAT:LFSA_EGAD(1.0),2017-04-26 11:00:00,Annual,From 20 to 64 years,Percentage
Lithuania,2017,Males,From 24 to 59 months,19.8,,,ESTAT:LFSA_EGAD(1.0),2017-04-26 11:00:00,Annual,From 20 to 64 years,Percentage
Lithuania,2018,Males,From 24 to 59 months,20.3,,,ESTAT:LFSA_EGAD(1.0),2017-04-26 11:00:00,Annual,From 20 to 64 years,Percentage
Lithuania,2019,Males,From 24 to 59 months,19.2,,,ESTAT:LFSA_EGAD(1.0),2017-04-26 11:00:00,Annual,From 20 to 64 years,Percentage
Lithuania,2020,Males,From 24 to 59 months,19.7,,,ESTAT:LFSA_EGAD(1.0),2017-04-26 11:00:00,Annual,From 20 to 64 years,Percentage
Lithuania,2021,Males,From 24 to 59 months,24.9,b,,ESTAT:LFSA_EGAD(1.0),2017-04-26 11:00:00,Annual,From 20 to 64 years,Percentage
Lithuania,2022,Males,From 24 to 59 months,20.1,,,ESTAT:LFSA_EGAD(1.0),2017-04-26 11:00:00,Annual,From 20 to 64 years,Percentage
Lithuania,2023,Males,From 24 to 59 months,20.0,,,ESTAT:LFSA_EGAD(1.0),2017-04-26 11:00:00,Annual,From 20 to 64 years,Percentage
Lithuania,2024,Males,From 24 to 59 months,19.3,,,ESTAT:LFSA_EGAD(1.0),2017-04-26 11:00:00,Annual,From 20 to 64 years,Percentage
Lithuania,2025,Males,From 24 to 59 months,19.9,,,ESTAT:LFSA_EGAD(1.0),2017-04-26 11:00:00,Annual,From 20 to 64 years,Percentage
Luxembourg,2016,Males,From 24 to 59 months,17.0,b,,ESTAT:LFSA_EGAD(1.0),2017-04-26 11:00:00,Annual,From 20 to 64 years,Percentage
Luxembourg,2017,Males,From 24 to 59 months,17.0,,,ESTAT:LFSA_EGAD(1.0),2017-04-26 11:00:00,Annual,From 20 to 64 years,Percentage
Luxembourg,2018,Males,From 24 to 59 months,16.4,,,ESTAT:LFSA_EGAD(1.0),2017-04-26 11:00:00,Annual,From 20 to 64 years,Percentage
Luxembourg,2019,Males,From 24 to 59 months,19.1,,,ESTAT:LFSA_EGAD(1.0),2017-04-26 11:00:00,Annual,From 20 to 64 years,Percentage
Luxembourg,2020,Males,From 24 to 59 months,21.1,,,ESTAT:LFSA_EGAD(1.0),2017-04-26 11:00:00,Annual,From 20 to 64 years,Percentage
Luxembourg,2021,Males,From 24 to 59 months,18.2,b,,ESTAT:LFSA_EGAD(1.0),2017-04-26 11:00:00,Annual,From 20 to 64 years,Percentage
Luxembourg,2022,Males,From 24 to 59 months,16.3,,,ESTAT:LFSA_EGAD(1.0),2017-04-26 11:00:00,Annual,From 20 to 64 years,Percentage
Luxembourg,2023,Males,From 24 to 59 months,16.8,,,ESTAT:LFSA_EGAD(1.0),2017-04-26 11:00:00,Annual,From 20 to 64 years,Percentage
Luxembourg,2024,Males,From 24 to 59 months,17.8,,,ESTAT:LFSA_EGAD(1.0),2017-04-26 11:00:00,Annual,From 20 to 64 years,Percentage
Luxembourg,2025,Males,From 24 to 59 months,16.9,,,ESTAT:LFSA_EGAD(1.0),2017-04-26 11:00:00,Annual,From 20 to 64 years,Percentage
Latvia,2016,Males,From 24 to 59 months,21.0,,,ESTAT:LFSA_EGAD(1.0),2017-04-26 11:00:00,Annual,From 20 to 64 years,Percentage
Latvia,2017,Males,From 24 to 59 months,20.4,,,ESTAT:LFSA_EGAD(1.0),2017-04-26 11:00:00,Annual,From 20 to 64 years,Percentage
Latvia,2018,Males,From 24 to 59 months,20.2,,,ESTAT:LFSA_EGAD(1.0),2017-04-26 11:00:00,Annual,From 20 to 64 years,Percentage
Latvia,2019,Males,From 24 to 59 months,19.9,,,ESTAT:LFSA_EGAD(1.0),2017-04-26 11:00:00,Annual,From 20 to 64 years,Percentage
Latvia,2020,Males,From 24 to 59 months,19.7,,,ESTAT:LFSA_EGAD(1.0),2017-04-26 11:00:00,Annual,From 20 to 64 years,Percentage
Latvia,2021,Males,From 24 to 59 months,21.0,b,,ESTAT:LFSA_EGAD(1.0),2017-04-26 11:00:00,Annual,From 20 to 64 years,Percentage
Latvia,2022,Males,From 24 to 59 months,20.4,,,ESTAT:LFSA_EGAD(1.0),2017-04-26 11:00:00,Annual,From 20 to 64 years,Percentage
Latvia,2023,Males,From 24 to 59 months,19.3,,,ESTAT:LFSA_EGAD(1.0),2017-04-26 11:00:00,Annual,From 20 to 64 years,Percentage
Latvia,2024,Males,From 24 to 59 months,20.5,,,ESTAT:LFSA_EGAD(1.0),2017-04-26 11:00:00,Annual,From 20 to 64 years,Percentage
Latvia,2025,Males,From 24 to 59 months,19.8,,,ESTAT:LFSA_EGAD(1.0),2017-04-26 11:00:00,Annual,From 20 to 64 years,Percentage
Montenegro,2016,Males,From 24 to 59 months,13.3,,,ESTAT:LFSA_EGAD(1.0),2017-04-26 11:00:00,Annual,From 20 to 64 years,Percentage
Montenegro,2017,Males,From 24 to 59 months,15.2,,,ESTAT:LFSA_EGAD(1.0),2017-04-26 11:00:00,Annual,From 20 to 64 years,Percentage
Montenegro,2018,Males,From 24 to 59 months,17.0,,,ESTAT:LFSA_EGAD(1.0),2017-04-26 11:00:00,Annual,From 20 to 64 years,Percentage
Montenegro,2019,Males,From 24 to 59 months,18.0,,,ESTAT:LFSA_EGAD(1.0),2017-04-26 11:00:00,Annual,From 20 to 64 years,Percentage
Montenegro,2020,Males,From 24 to 59 months,18.2,,,ESTAT:LFSA_EGAD(1.0),2017-04-26 11:00:00,Annual,From 20 to 64 years,Percentage
North Macedonia,2016,Males,From 24 to 59 months,17.6,,,ESTAT:LFSA_EGAD(1.0),2017-04-26 11:00:00,Annual,From 20 to 64 years,Percentage
North Macedonia,2017,Males,From 24 to 59 months,18.4,,,ESTAT:LFSA_EGAD(1.0),2017-04-26 11:00:00,Annual,From 20 to 64 years,Percentage
North Macedonia,2018,Males,From 24 to 59 months,15.6,,,ESTAT:LFSA_EGAD(1.0),2017-04-26 11:00:00,Annual,From 20 to 64 years,Percentage
North Macedonia,2019,Males,From 24 to 59 months,17.5,,,ESTAT:LFSA_EGAD(1.0),2017-04-26 11:00:00,Annual,From 20 to 64 years,Percentage
North Macedonia,2020,Males,From 24 to 59 months,17.8,,,ESTAT:LFSA_EGAD(1.0),2017-04-26 11:00:00,Annual,From 20 to 64 years,Percentage
North Macedonia,2021,Males,From 24 to 59 months,18.1,b,,ESTAT:LFSA_EGAD(1.0),2017-04-26 11:00:00,Annual,From 20 to 64 years,Percentage
North Macedonia,2022,Males,From 24 to 59 months,18.1,,,ESTAT:LFSA_EGAD(1.0),2017-04-26 11:00:00,Annual,From 20 to 64 years,Percentage
North Macedonia,2023,Males,From 24 to 59 months,16.9,,,ESTAT:LFSA_EGAD(1.0),2017-04-26 11:00:00,Annual,From 20 to 64 years,Percentage
North Macedonia,2024,Males,From 24 to 59 months,18.7,,,ESTAT:LFSA_EGAD(1.0),2017-04-26 11:00:00,Annual,From 20 to 64 years,Percentage
North Macedonia,2025,Males,From 24 to 59 months,19.3,,,ESTAT:LFSA_EGAD(1.0),2017-04-26 11:00:00,Annual,From 20 to 64 years,Percentage
Malta,2016,Males,From 24 to 59 months,17.7,,,ESTAT:LFSA_EGAD(1.0),2017-04-26 11:00:00,Annual,From 20 to 64 years,Percentage
Malta,2017,Males,From 24 to 59 months,18.1,,,ESTAT:LFSA_EGAD(1.0),2017-04-26 11:00:00,Annual,From 20 to 64 years,Percentage
Malta,2018,Males,From 24 to 59 months,18.6,,,ESTAT:LFSA_EGAD(1.0),2017-04-26 11:00:00,Annual,From 20 to 64 years,Percentage
Malta,2019,Males,From 24 to 59 months,22.4,,,ESTAT:LFSA_EGAD(1.0),2017-04-26 11:00:00,Annual,From 20 to 64 years,Percentage
Malta,2020,Males,From 24 to 59 months,22.2,,,ESTAT:LFSA_EGAD(1.0),2017-04-26 11:00:00,Annual,From 20 to 64 years,Percentage
Malta,2021,Males,From 24 to 59 months,22.2,b,,ESTAT:LFSA_EGAD(1.0),2017-04-26 11:00:00,Annual,From 20 to 64 years,Percentage
Malta,2022,Males,From 24 to 59 months,21.5,,,ESTAT:LFSA_EGAD(1.0),2017-04-26 11:00:00,Annual,From 20 to 64 years,Percentage
Malta,2023,Males,From 24 to 59 months,24.5,,,ESTAT:LFSA_EGAD(1.0),2017-04-26 11:00:00,Annual,From 20 to 64 years,Percentage
Malta,2024,Males,From 24 to 59 months,23.3,,,ESTAT:LFSA_EGAD(1.0),2017-04-26 11:00:00,Annual,From 20 to 64 years,Percentage
Malta,2025,Males,From 24 to 59 months,24.9,,,ESTAT:LFSA_EGAD(1.0),2017-04-26 11:00:00,Annual,From 20 to 64 years,Percentage
Netherlands,2016,Males,From 24 to 59 months,14.4,,,ESTAT:LFSA_EGAD(1.0),2017-04-26 11:00:00,Annual,From 20 to 64 years,Percentage
Netherlands,2017,Males,From 24 to 59 months,14.8,,,ESTAT:LFSA_EGAD(1.0),2017-04-26 11:00:00,Annual,From 20 to 64 years,Percentage
Netherlands,2018,Males,From 24 to 59 months,15.5,,,ESTAT:LFSA_EGAD(1.0),2017-04-26 11:00:00,Annual,From 20 to 64 years,Percentage
Netherlands,2019,Males,From 24 to 59 months,16.3,,,ESTAT:LFSA_EGAD(1.0),2017-04-26 11:00:00,Annual,From 20 to 64 years,Percentage
Netherlands,2020,Males,From 24 to 59 months,17.5,,,ESTAT:LFSA_EGAD(1.0),2017-04-26 11:00:00,Annual,From 20 to 64 years,Percentage
Netherlands,2021,Males,From 24 to 59 months,18.7,b,,ESTAT:LFSA_EGAD(1.0),2017-04-26 11:00:00,Annual,From 20 to 64 years,Percentage
Netherlands,2022,Males,From 24 to 59 months,18.3,,,ESTAT:LFSA_EGAD(1.0),2017-04-26 11:00:00,Annual,From 20 to 64 years,Percentage
Netherlands,2023,Males,From 24 to 59 months,17.2,,,ESTAT:LFSA_EGAD(1.0),2017-04-26 11:00:00,Annual,From 20 to 64 years,Percentage
Netherlands,2024,Males,From 24 to 59 months,17.6,,,ESTAT:LFSA_EGAD(1.0),2017-04-26 11:00:00,Annual,From 20 to 64 years,Percentage
Netherlands,2025,Males,From 24 to 59 months,19.2,,,ESTAT:LFSA_EGAD(1.0),2017-04-26 11:00:00,Annual,From 20 to 64 years,Percentage
Norway,2016,Males,From 24 to 59 months,23.3,,,ESTAT:LFSA_EGAD(1.0),2017-04-26 11:00:00,Annual,From 20 to 64 years,Percentage
Norway,2017,Males,From 24 to 59 months,22.1,,,ESTAT:LFSA_EGAD(1.0),2017-04-26 11:00:00,Annual,From 20 to 64 years,Percentage
Norway,2018,Males,From 24 to 59 months,22.0,,,ESTAT:LFSA_EGAD(1.0),2017-04-26 11:00:00,Annual,From 20 to 64 years,Percentage
Norway,2019,Males,From 24 to 59 months,21.9,,,ESTAT:LFSA_EGAD(1.0),2017-04-26 11:00:00,Annual,From 20 to 64 years,Percentage
Norway,2020,Males,From 24 to 59 months,22.2,,,ESTAT:LFSA_EGAD(1.0),2017-04-26 11:00:00,Annual,From 20 to 64 years,Percentage
Norway,2021,Males,From 24 to 59 months,23.6,b,,ESTAT:LFSA_EGAD(1.0),2017-04-26 11:00:00,Annual,From 20 to 64 years,Percentage
Norway,2022,Males,From 24 to 59 months,20.1,,,ESTAT:LFSA_EGAD(1.0),2017-04-26 11:00:00,Annual,From 20 to 64 years,Percentage
Norway,2023,Males,From 24 to 59 months,18.7,,,ESTAT:LFSA_EGAD(1.0),2017-04-26 11:00:00,Annual,From 20 to 64 years,Percentage
Norway,2024,Males,From 24 to 59 months,22.6,,,ESTAT:LFSA_EGAD(1.0),2017-04-26 11:00:00,Annual,From 20 to 64 years,Percentage
Norway,2025,Males,From 24 to 59 months,23.9,,,ESTAT:LFSA_EGAD(1.0),2017-04-26 11:00:00,Annual,From 20 to 64 years,Percentage
Poland,2016,Males,From 24 to 59 months,16.3,,,ESTAT:LFSA_EGAD(1.0),2017-04-26 11:00:00,Annual,From 20 to 64 years,Percentage
Poland,2017,Males,From 24 to 59 months,16.5,,,ESTAT:LFSA_EGAD(1.0),2017-04-26 11:00:00,Annual,From 20 to 64 years,Percentage
Poland,2018,Males,From 24 to 59 months,17.5,,,ESTAT:LFSA_EGAD(1.0),2017-04-26 11:00:00,Annual,From 20 to 64 years,Percentage
Poland,2019,Males,From 24 to 59 months,18.0,b,,ESTAT:LFSA_EGAD(1.0),2017-04-26 11:00:00,Annual,From 20 to 64 years,Percentage
Poland,2020,Males,From 24 to 59 months,19.3,,,ESTAT:LFSA_EGAD(1.0),2017-04-26 11:00:00,Annual,From 20 to 64 years,Percentage
Poland,2021,Males,From 24 to 59 months,18.7,b,,ESTAT:LFSA_EGAD(1.0),2017-04-26 11:00:00,Annual,From 20 to 64 years,Percentage
Poland,2022,Males,From 24 to 59 months,17.6,,,ESTAT:LFSA_EGAD(1.0),2017-04-26 11:00:00,Annual,From 20 to 64 years,Percentage
Poland,2023,Males,From 24 to 59 months,15.9,,,ESTAT:LFSA_EGAD(1.0),2017-04-26 11:00:00,Annual,From 20 to 64 years,Percentage
Poland,2024,Males,From 24 to 59 months,15.9,,,ESTAT:LFSA_EGAD(1.0),2017-04-26 11:00:00,Annual,From 20 to 64 years,Percentage
Poland,2025,Males,From 24 to 59 months,16.4,,,ESTAT:LFSA_EGAD(1.0),2017-04-26 11:00:00,Annual,From 20 to 64 years,Percentage
Portugal,2016,Males,From 24 to 59 months,13.3,,,ESTAT:LFSA_EGAD(1.0),2017-04-26 11:00:00,Annual,From 20 to 64 years,Percentage
Portugal,2017,Males,From 24 to 59 months,14.2,,,ESTAT:LFSA_EGAD(1.0),2017-04-26 11:00:00,Annual,From 20 to 64 years,Percentage
Portugal,2018,Males,From 24 to 59 months,15.2,,,ESTAT:LFSA_EGAD(1.0),2017-04-26 11:00:00,Annual,From 20 to 64 years,Percentage
Portugal,2019,Males,From 24 to 59 months,16.4,,,ESTAT:LFSA_EGAD(1.0),2017-04-26 11:00:00,Annual,From 20 to 64 years,Percentage
Portugal,2020,Males,From 24 to 59 months,16.5,,,ESTAT:LFSA_EGAD(1.0),2017-04-26 11:00:00,Annual,From 20 to 64 years,Percentage
Portugal,2021,Males,From 24 to 59 months,15.9,b,,ESTAT:LFSA_EGAD(1.0),2017-04-26 11:00:00,Annual,From 20 to 64 years,Percentage
Portugal,2022,Males,From 24 to 59 months,16.0,,,ESTAT:LFSA_EGAD(1.0),2017-04-26 11:00:00,Annual,From 20 to 64 years,Percentage
Portugal,2023,Males,From 24 to 59 months,15.9,,,ESTAT:LFSA_EGAD(1.0),2017-04-26 11:00:00,Annual,From 20 to 64 years,Percentage
Portugal,2024,Males,From 24 to 59 months,16.2,,,ESTAT:LFSA_EGAD(1.0),2017-04-26 11:00:00,Annual,From 20 to 64 years,Percentage
Portugal,2025,Males,From 24 to 59 months,17.8,,,ESTAT:LFSA_EGAD(1.0),2017-04-26 11:00:00,Annual,From 20 to 64 years,Percentage
Romania,2016,Males,From 24 to 59 months,20.1,,,ESTAT:LFSA_EGAD(1.0),2017-04-26 11:00:00,Annual,From 20 to 64 years,Percentage
Romania,2017,Males,From 24 to 59 months,19.4,,,ESTAT:LFSA_EGAD(1.0),2017-04-26 11:00:00,Annual,From 20 to 64 years,Percentage
Romania,2018,Males,From 24 to 59 months,23.3,,,ESTAT:LFSA_EGAD(1.0),2017-04-26 11:00:00,Annual,From 20 to 64 years,Percentage
Romania,2019,Males,From 24 to 59 months,23.4,,,ESTAT:LFSA_EGAD(1.0),2017-04-26 11:00:00,Annual,From 20 to 64 years,Percentage
Romania,2020,Males,From 24 to 59 months,20.5,,,ESTAT:LFSA_EGAD(1.0),2017-04-26 11:00:00,Annual,From 20 to 64 years,Percentage
Romania,2021,Males,From 24 to 59 months,18.9,b,,ESTAT:LFSA_EGAD(1.0),2017-04-26 11:00:00,Annual,From 20 to 64 years,Percentage
Romania,2022,Males,From 24 to 59 months,18.7,,,ESTAT:LFSA_EGAD(1.0),2017-04-26 11:00:00,Annual,From 20 to 64 years,Percentage
Romania,2023,Males,From 24 to 59 months,16.0,,,ESTAT:LFSA_EGAD(1.0),2017-04-26 11:00:00,Annual,From 20 to 64 years,Percentage
Romania,2024,Males,From 24 to 59 months,15.9,,,ESTAT:LFSA_EGAD(1.0),2017-04-26 11:00:00,Annual,From 20 to 64 years,Percentage
Romania,2025,Males,From 24 to 59 months,13.5,,,ESTAT:LFSA_EGAD(1.0),2017-04-26 11:00:00,Annual,From 20 to 64 years,Percentage
Serbia,2016,Males,From 24 to 59 months,13.6,,,ESTAT:LFSA_EGAD(1.0),2017-04-26 11:00:00,Annual,From 20 to 64 years,Percentage
Serbia,2017,Males,From 24 to 59 months,13.7,,,ESTAT:LFSA_EGAD(1.0),2017-04-26 11:00:00,Annual,From 20 to 64 years,Percentage
Serbia,2018,Males,From 24 to 59 months,14.0,,,ESTAT:LFSA_EGAD(1.0),2017-04-26 11:00:00,Annual,From 20 to 64 years,Percentage
Serbia,2019,Males,From 24 to 59 months,15.4,,,ESTAT:LFSA_EGAD(1.0),2017-04-26 11:00:00,Annual,From 20 to 64 years,Percentage
Serbia,2020,Males,From 24 to 59 months,16.5,,,ESTAT:LFSA_EGAD(1.0),2017-04-26 11:00:00,Annual,From 20 to 64 years,Percentage
Serbia,2021,Males,From 24 to 59 months,16.8,b,,ESTAT:LFSA_EGAD(1.0),2017-04-26 11:00:00,Annual,From 20 to 64 years,Percentage
Serbia,2022,Males,From 24 to 59 months,17.3,,,ESTAT:LFSA_EGAD(1.0),2017-04-26 11:00:00,Annual,From 20 to 64 years,Percentage
Serbia,2023,Males,From 24 to 59 months,16.7,,,ESTAT:LFSA_EGAD(1.0),2017-04-26 11:00:00,Annual,From 20 to 64 years,Percentage
Serbia,2024,Males,From 24 to 59 months,16.4,,,ESTAT:LFSA_EGAD(1.0),2017-04-26 11:00:00,Annual,From 20 to 64 years,Percentage
Serbia,2025,Males,From 24 to 59 months,16.9,,,ESTAT:LFSA_EGAD(1.0),2017-04-26 11:00:00,Annual,From 20 to 64 years,Percentage
Sweden,2016,Males,From 24 to 59 months,17.2,,,ESTAT:LFSA_EGAD(1.0),2017-04-26 11:00:00,Annual,From 20 to 64 years,Percentage
Sweden,2017,Males,From 24 to 59 months,17.2,,,ESTAT:LFSA_EGAD(1.0),2017-04-26 11:00:00,Annual,From 20 to 64 years,Percentage
Sweden,2018,Males,From 24 to 59 months,18.4,b,,ESTAT:LFSA_EGAD(1.0),2017-04-26 11:00:00,Annual,From 20 to 64 years,Percentage
Sweden,2019,Males,From 24 to 59 months,19.2,,,ESTAT:LFSA_EGAD(1.0),2017-04-26 11:00:00,Annual,From 20 to 64 years,Percentage
Sweden,2020,Males,From 24 to 59 months,20.5,,,ESTAT:LFSA_EGAD(1.0),2017-04-26 11:00:00,Annual,From 20 to 64 years,Percentage
Sweden,2021,Males,From 24 to 59 months,20.1,b,,ESTAT:LFSA_EGAD(1.0),2017-04-26 11:00:00,Annual,From 20 to 64 years,Percentage
Sweden,2022,Males,From 24 to 59 months,19.0,,,ESTAT:LFSA_EGAD(1.0),2017-04-26 11:00:00,Annual,From 20 to 64 years,Percentage
Sweden,2023,Males,From 24 to 59 months,18.8,,,ESTAT:LFSA_EGAD(1.0),2017-04-26 11:00:00,Annual,From 20 to 64 years,Percentage
Sweden,2024,Males,From 24 to 59 months,19.6,,,ESTAT:LFSA_EGAD(1.0),2017-04-26 11:00:00,Annual,From 20 to 64 years,Percentage
Sweden,2025,Males,From 24 to 59 months,21.6,,,ESTAT:LFSA_EGAD(1.0),2017-04-26 11:00:00,Annual,From 20 to 64 years,Percentage
Slovenia,2016,Males,From 24 to 59 months,15.1,,,ESTAT:LFSA_EGAD(1.0),2017-04-26 11:00:00,Annual,From 20 to 64 years,Percentage
Slovenia,2017,Males,From 24 to 59 months,14.5,,,ESTAT:LFSA_EGAD(1.0),2017-04-26 11:00:00,Annual,From 20 to 64 years,Percentage
Slovenia,2018,Males,From 24 to 59 months,15.0,,,ESTAT:LFSA_EGAD(1.0),2017-04-26 11:00:00,Annual,From 20 to 64 years,Percentage
Slovenia,2019,Males,From 24 to 59 months,16.3,,,ESTAT:LFSA_EGAD(1.0),2017-04-26 11:00:00,Annual,From 20 to 64 years,Percentage
Slovenia,2020,Males,From 24 to 59 months,17.8,,,ESTAT:LFSA_EGAD(1.0),2017-04-26 11:00:00,Annual,From 20 to 64 years,Percentage
Slovenia,2021,Males,From 24 to 59 months,16.8,b,,ESTAT:LFSA_EGAD(1.0),2017-04-26 11:00:00,Annual,From 20 to 64 years,Percentage
Slovenia,2022,Males,From 24 to 59 months,15.5,,,ESTAT:LFSA_EGAD(1.0),2017-04-26 11:00:00,Annual,From 20 to 64 years,Percentage
Slovenia,2023,Males,From 24 to 59 months,14.8,,,ESTAT:LFSA_EGAD(1.0),2017-04-26 11:00:00,Annual,From 20 to 64 years,Percentage
Slovenia,2024,Males,From 24 to 59 months,15.7,,,ESTAT:LFSA_EGAD(1.0),2017-04-26 11:00:00,Annual,From 20 to 64 years,Percentage
Slovenia,2025,Males,From 24 to 59 months,16.4,,,ESTAT:LFSA_EGAD(1.0),2017-04-26 11:00:00,Annual,From 20 to 64 years,Percentage
Slovakia,2016,Males,From 24 to 59 months,17.0,,,ESTAT:LFSA_EGAD(1.0),2017-04-26 11:00:00,Annual,From 20 to 64 years,Percentage
Slovakia,2017,Males,From 24 to 59 months,16.7,,,ESTAT:LFSA_EGAD(1.0),2017-04-26 11:00:00,Annual,From 20 to 64 years,Percentage
Slovakia,2018,Males,From 24 to 59 months,18.6,,,ESTAT:LFSA_EGAD(1.0),2017-04-26 11:00:00,Annual,From 20 to 64 years,Percentage
Slovakia,2019,Males,From 24 to 59 months,18.4,,,ESTAT:LFSA_EGAD(1.0),2017-04-26 11:00:00,Annual,From 20 to 64 years,Percentage
Slovakia,2020,Males,From 24 to 59 months,18.6,,,ESTAT:LFSA_EGAD(1.0),2017-04-26 11:00:00,Annual,From 20 to 64 years,Percentage
Slovakia,2021,Males,From 24 to 59 months,18.4,b,,ESTAT:LFSA_EGAD(1.0),2017-04-26 11:00:00,Annual,From 20 to 64 years,Percentage
Slovakia,2022,Males,From 24 to 59 months,17.3,,,ESTAT:LFSA_EGAD(1.0),2017-04-26 11:00:00,Annual,From 20 to 64 years,Percentage
Slovakia,2023,Males,From 24 to 59 months,15.7,,,ESTAT:LFSA_EGAD(1.0),2017-04-26 11:00:00,Annual,From 20 to 64 years,Percentage
Slovakia,2024,Males,From 24 to 59 months,16.0,,,ESTAT:LFSA_EGAD(1.0),2017-04-26 11:00:00,Annual,From 20 to 64 years,Percentage
Slovakia,2025,Males,From 24 to 59 months,14.9,,,ESTAT:LFSA_EGAD(1.0),2017-04-26 11:00:00,Annual,From 20 to 64 years,Percentage
Türkiye,2016,Males,From 24 to 59 months,16.8,,,ESTAT:LFSA_EGAD(1.0),2017-04-26 11:00:00,Annual,From 20 to 64 years,Percentage
Türkiye,2017,Males,From 24 to 59 months,17.4,,,ESTAT:LFSA_EGAD(1.0),2017-04-26 11:00:00,Annual,From 20 to 64 years,Percentage
Türkiye,2018,Males,From 24 to 59 months,17.1,,,ESTAT:LFSA_EGAD(1.0),2017-04-26 11:00:00,Annual,From 20 to 64 years,Percentage
Türkiye,2019,Males,From 24 to 59 months,16.9,,,ESTAT:LFSA_EGAD(1.0),2017-04-26 11:00:00,Annual,From 20 to 64 years,Percentage
Türkiye,2020,Males,From 24 to 59 months,18.3,,,ESTAT:LFSA_EGAD(1.0),2017-04-26 11:00:00,Annual,From 20 to 64 years,Percentage
Türkiye,2021,Males,From 24 to 59 months,17.6,b,,ESTAT:LFSA_EGAD(1.0),2017-04-26 11:00:00,Annual,From 20 to 64 years,Percentage
Türkiye,2022,Males,From 24 to 59 months,17.0,,,ESTAT:LFSA_EGAD(1.0),2017-04-26 11:00:00,Annual,From 20 to 64 years,Percentage
Türkiye,2023,Males,From 24 to 59 months,15.2,,,ESTAT:LFSA_EGAD(1.0),2017-04-26 11:00:00,Annual,From 20 to 64 years,Percentage
Türkiye,2024,Males,From 24 to 59 months,14.9,,,ESTAT:LFSA_EGAD(1.0),2017-04-26 11:00:00,Annual,From 20 to 64 years,Percentage
Türkiye,2025,Males,From 24 to 59 months,16.0,,,ESTAT:LFSA_EGAD(1.0),2017-04-26 11:00:00,Annual,From 20 to 64 years,Percentage
United Kingdom,2016,Males,From 24 to 59 months,19.2,,,ESTAT:LFSA_EGAD(1.0),2017-04-26 11:00:00,Annual,From 20 to 64 years,Percentage
United Kingdom,2017,Males,From 24 to 59 months,19.6,,,ESTAT:LFSA_EGAD(1.0),2017-04-26 11:00:00,Annual,From 20 to 64 years,Percentage
United Kingdom,2018,Males,From 24 to 59 months,20.3,,,ESTAT:LFSA_EGAD(1.0),2017-04-26 11:00:00,Annual,From 20 to 64 years,Percentage
United Kingdom,2019,Males,From 24 to 59 months,20.2,,,ESTAT:LFSA_EGAD(1.0),2017-04-26 11:00:00,Annual,From 20 to 64 years,Percentage
Austria,2016,Females,60 months or over,56.6,,,ESTAT:LFSA_EGAD(1.0),2017-04-26 11:00:00,Annual,From 20 to 64 years,Percentage
Austria,2017,Females,60 months or over,57.1,,,ESTAT:LFSA_EGAD(1.0),2017-04-26 11:00:00,Annual,From 20 to 64 years,Percentage
Austria,2018,Females,60 months or over,56.7,,,ESTAT:LFSA_EGAD(1.0),2017-04-26 11:00:00,Annual,From 20 to 64 years,Percentage
Austria,2019,Females,60 months or over,56.5,,,ESTAT:LFSA_EGAD(1.0),2017-04-26 11:00:00,Annual,From 20 to 64 years,Percentage
Austria,2020,Females,60 months or over,57.4,,,ESTAT:LFSA_EGAD(1.0),2017-04-26 11:00:00,Annual,From 20 to 64 years,Percentage
Austria,2021,Females,60 months or over,58.2,b,,ESTAT:LFSA_EGAD(1.0),2017-04-26 11:00:00,Annual,From 20 to 64 years,Percentage
Austria,2022,Females,60 months or over,57.5,,,ESTAT:LFSA_EGAD(1.0),2017-04-26 11:00:00,Annual,From 20 to 64 years,Percentage
Austria,2023,Females,60 months or over,56.9,,,ESTAT:LFSA_EGAD(1.0),2017-04-26 11:00:00,Annual,From 20 to 64 years,Percentage
Austria,2024,Females,60 months or over,57.1,,,ESTAT:LFSA_EGAD(1.0),2017-04-26 11:00:00,Annual,From 20 to 64 years,Percentage
Austria,2025,Females,60 months or over,57.4,,,ESTAT:LFSA_EGAD(1.0),2017-04-26 11:00:00,Annual,From 20 to 64 years,Percentage
Bosnia and Herzegovina,2021,Females,60 months or over,61.7,b,,ESTAT:LFSA_EGAD(1.0),2017-04-26 11:00:00,Annual,From 20 to 64 years,Percentage
Bosnia and Herzegovina,2022,Females,60 months or over,65.0,,,ESTAT:LFSA_EGAD(1.0),2017-04-26 11:00:00,Annual,From 20 to 64 years,Percentage
Bosnia and Herzegovina,2023,Females,60 months or over,66.4,,,ESTAT:LFSA_EGAD(1.0),2017-04-26 11:00:00,Annual,From 20 to 64 years,Percentage
Bosnia and Herzegovina,2024,Females,60 months or over,66.4,,,ESTAT:LFSA_EGAD(1.0),2017-04-26 11:00:00,Annual,From 20 to 64 years,Percentage
Bosnia and Herzegovina,2025,Females,60 months or over,70.4,,,ESTAT:LFSA_EGAD(1.0),2017-04-26 11:00:00,Annual,From 20 to 64 years,Percentage
Belgium,2016,Females,60 months or over,65.6,,,ESTAT:LFSA_EGAD(1.0),2017-04-26 11:00:00,Annual,From 20 to 64 years,Percentage
Belgium,2017,Females,60 months or over,65.6,b,,ESTAT:LFSA_EGAD(1.0),2017-04-26 11:00:00,Annual,From 20 to 64 years,Percentage
Belgium,2018,Females,60 months or over,64.7,,,ESTAT:LFSA_EGAD(1.0),2017-04-26 11:00:00,Annual,From 20 to 64 years,Percentage
Belgium,2019,Females,60 months or over,63.5,,,ESTAT:LFSA_EGAD(1.0),2017-04-26 11:00:00,Annual,From 20 to 64 years,Percentage
Belgium,2020,Females,60 months or over,63.9,,,ESTAT:LFSA_EGAD(1.0),2017-04-26 11:00:00,Annual,From 20 to 64 years,Percentage
Belgium,2021,Females,60 months or over,63.6,b,,ESTAT:LFSA_EGAD(1.0),2017-04-26 11:00:00,Annual,From 20 to 64 years,Percentage
Belgium,2022,Females,60 months or over,63.3,,,ESTAT:LFSA_EGAD(1.0),2017-04-26 11:00:00,Annual,From 20 to 64 years,Percentage
Belgium,2023,Females,60 months or over,63.6,,,ESTAT:LFSA_EGAD(1.0),2017-04-26 11:00:00,Annual,From 20 to 64 years,Percentage
Belgium,2024,Females,60 months or over,63.3,,,ESTAT:LFSA_EGAD(1.0),2017-04-26 11:00:00,Annual,From 20 to 64 years,Percentage
Belgium,2025,Females,60 months or over,61.7,,,ESTAT:LFSA_EGAD(1.0),2017-04-26 11:00:00,Annual,From 20 to 64 years,Percentage
Bulgaria,2016,Females,60 months or over,65.6,,,ESTAT:LFSA_EGAD(1.0),2017-04-26 11:00:00,Annual,From 20 to 64 years,Percentage
Bulgaria,2017,Females,60 months or over,65.1,,,ESTAT:LFSA_EGAD(1.0),2017-04-26 11:00:00,Annual,From 20 to 64 years,Percentage
Bulgaria,2018,Females,60 months or over,65.7,,,ESTAT:LFSA_EGAD(1.0),2017-04-26 11:00:00,Annual,From 20 to 64 years,Percentage
Bulgaria,2019,Females,60 months or over,65.9,b,,ESTAT:LFSA_EGAD(1.0),2017-04-26 11:00:00,Annual,From 20 to 64 years,Percentage
Bulgaria,2020,Females,60 months or over,68.6,,,ESTAT:LFSA_EGAD(1.0),2017-04-26 11:00:00,Annual,From 20 to 64 years,Percentage
Bulgaria,2021,Females,60 months or over,70.7,b,,ESTAT:LFSA_EGAD(1.0),2017-04-26 11:00:00,Annual,From 20 to 64 years,Percentage
Bulgaria,2022,Females,60 months or over,70.1,,,ESTAT:LFSA_EGAD(1.0),2017-04-26 11:00:00,Annual,From 20 to 64 years,Percentage
Bulgaria,2023,Females,60 months or over,71.4,,,ESTAT:LFSA_EGAD(1.0),2017-04-26 11:00:00,Annual,From 20 to 64 years,Percentage
Bulgaria,2024,Females,60 months or over,71.5,b,,ESTAT:LFSA_EGAD(1.0),2017-04-26 11:00:00,Annual,From 20 to 64 years,Percentage
Bulgaria,2025,Females,60 months or over,71.3,,,ESTAT:LFSA_EGAD(1.0),2017-04-26 11:00:00,Annual,From 20 to 64 years,Percentage
Switzerland,2016,Females,60 months or over,50.1,,,ESTAT:LFSA_EGAD(1.0),2017-04-26 11:00:00,Annual,From 20 to 64 years,Percentage
Switzerland,2017,Females,60 months or over,50.4,,,ESTAT:LFSA_EGAD(1.0),2017-04-26 11:00:00,Annual,From 20 to 64 years,Percentage
Switzerland,2018,Females,60 months or over,50.9,,,ESTAT:LFSA_EGAD(1.0),2017-04-26 11:00:00,Annual,From 20 to 64 years,Percentage
Switzerland,2019,Females,60 months or over,50.2,,,ESTAT:LFSA_EGAD(1.0),2017-04-26 11:00:00,Annual,From 20 to 64 years,Percentage
Switzerland,2020,Females,60 months or over,50.1,,,ESTAT:LFSA_EGAD(1.0),2017-04-26 11:00:00,Annual,From 20 to 64 years,Percentage
Switzerland,2021,Females,60 months or over,49.9,b,,ESTAT:LFSA_EGAD(1.0),2017-04-26 11:00:00,Annual,From 20 to 64 years,Percentage
Switzerland,2022,Females,60 months or over,49.5,,,ESTAT:LFSA_EGAD(1.0),2017-04-26 11:00:00,Annual,From 20 to 64 years,Percentage
Switzerland,2023,Females,60 months or over,48.4,,,ESTAT:LFSA_EGAD(1.0),2017-04-26 11:00:00,Annual,From 20 to 64 years,Percentage
Switzerland,2024,Females,60 months or over,48.7,,,ESTAT:LFSA_EGAD(1.0),2017-04-26 11:00:00,Annual,From 20 to 64 years,Percentage
Switzerland,2025,Females,60 months or over,49.0,,,ESTAT:LFSA_EGAD(1.0),2017-04-26 11:00:00,Annual,From 20 to 64 years,Percentage
Cyprus,2016,Females,60 months or over,55.0,,,ESTAT:LFSA_EGAD(1.0),2017-04-26 11:00:00,Annual,From 20 to 64 years,Percentage
Cyprus,2017,Females,60 months or over,54.2,,,ESTAT:LFSA_EGAD(1.0),2017-04-26 11:00:00,Annual,From 20 to 64 years,Percentage
Cyprus,2018,Females,60 months or over,52.1,,,ESTAT:LFSA_EGAD(1.0),2017-04-26 11:00:00,Annual,From 20 to 64 years,Percentage
Cyprus,2019,Females,60 months or over,52.5,,,ESTAT:LFSA_EGAD(1.0),2017-04-26 11:00:00,Annual,From 20 to 64 years,Percentage
Cyprus,2020,Females,60 months or over,51.4,,,ESTAT:LFSA_EGAD(1.0),2017-04-26 11:00:00,Annual,From 20 to 64 years,Percentage
Cyprus,2021,Females,60 months or over,49.9,b,,ESTAT:LFSA_EGAD(1.0),2017-04-26 11:00:00,Annual,From 20 to 64 years,Percentage
Cyprus,2022,Females,60 months or over,52.0,,,ESTAT:LFSA_EGAD(1.0),2017-04-26 11:00:00,Annual,From 20 to 64 years,Percentage
Cyprus,2023,Females,60 months or over,53.1,,,ESTAT:LFSA_EGAD(1.0),2017-04-26 11:00:00,Annual,From 20 to 64 years,Percentage
Cyprus,2024,Females,60 months or over,52.5,,,ESTAT:LFSA_EGAD(1.0),2017-04-26 11:00:00,Annual,From 20 to 64 years,Percentage
Cyprus,2025,Females,60 months or over,54.4,,,ESTAT:LFSA_EGAD(1.0),2017-04-26 11:00:00,Annual,From 20 to 64 years,Percentage
Czechia,2016,Females,60 months or over,61.8,,,ESTAT:LFSA_EGAD(1.0),2017-04-26 11:00:00,Annual,From 20 to 64 years,Percentage
Czechia,2017,Females,60 months or over,60.3,,,ESTAT:LFSA_EGAD(1.0),2017-04-26 11:00:00,Annual,From 20 to 64 years,Percentage
Czechia,2018,Females,60 months or over,58.5,,,ESTAT:LFSA_EGAD(1.0),2017-04-26 11:00:00,Annual,From 20 to 64 years,Percentage
Czechia,2019,Females,60 months or over,58.8,,,ESTAT:LFSA_EGAD(1.0),2017-04-26 11:00:00,Annual,From 20 to 64 years,Percentage
Czechia,2020,Females,60 months or over,61.9,,,ESTAT:LFSA_EGAD(1.0),2017-04-26 11:00:00,Annual,From 20 to 64 years,Percentage
Czechia,2021,Females,60 months or over,62.9,b,,ESTAT:LFSA_EGAD(1.0),2017-04-26 11:00:00,Annual,From 20 to 64 years,Percentage
Czechia,2022,Females,60 months or over,63.8,,,ESTAT:LFSA_EGAD(1.0),2017-04-26 11:00:00,Annual,From 20 to 64 years,Percentage
Czechia,2023,Females,60 months or over,61.9,,,ESTAT:LFSA_EGAD(1.0),2017-04-26 11:00:00,Annual,From 20 to 64 years,Percentage
Czechia,2024,Females,60 months or over,61.6,,,ESTAT:LFSA_EGAD(1.0),2017-04-26 11:00:00,Annual,From 20 to 64 years,Percentage
Czechia,2025,Females,60 months or over,62.3,,,ESTAT:LFSA_EGAD(1.0),2017-04-26 11:00:00,Annual,From 20 to 64 years,Percentage
Germany,2016,Females,60 months or over,58.5,,,ESTAT:LFSA_EGAD(1.0),2017-04-26 11:00:00,Annual,From 20 to 64 years,Percentage
Germany,2017,Females,60 months or over,58.1,,,ESTAT:LFSA_EGAD(1.0),2017-04-26 11:00:00,Annual,From 20 to 64 years,Percentage
Germany,2018,Females,60 months or over,57.9,,,ESTAT:LFSA_EGAD(1.0),2017-04-26 11:00:00,Annual,From 20 to 64 years,Percentage
Germany,2019,Females,60 months or over,57.3,,,ESTAT:LFSA_EGAD(1.0),2017-04-26 11:00:00,Annual,From 20 to 64 years,Percentage
Germany,2020,Females,60 months or over,59.3,b,,ESTAT:LFSA_EGAD(1.0),2017-04-26 11:00:00,Annual,From 20 to 64 years,Percentage
Germany,2021,Females,60 months or over,58.6,b,,ESTAT:LFSA_EGAD(1.0),2017-04-26 11:00:00,Annual,From 20 to 64 years,Percentage
Germany,2022,Females,60 months or over,57.6,,,ESTAT:LFSA_EGAD(1.0),2017-04-26 11:00:00,Annual,From 20 to 64 years,Percentage
Germany,2023,Females,60 months or over,57.6,,,ESTAT:LFSA_EGAD(1.0),2017-04-26 11:00:00,Annual,From 20 to 64 years,Percentage
Germany,2024,Females,60 months or over,57.3,,,ESTAT:LFSA_EGAD(1.0),2017-04-26 11:00:00,Annual,From 20 to 64 years,Percentage
Germany,2025,Females,60 months or over,56.8,,,ESTAT:LFSA_EGAD(1.0),2017-04-26 11:00:00,Annual,From 20 to 64 years,Percentage
Denmark,2016,Females,60 months or over,48.7,b,,ESTAT:LFSA_EGAD(1.0),2017-04-26 11:00:00,Annual,From 20 to 64 years,Percentage
Denmark,2017,Females,60 months or over,47.8,b,,ESTAT:LFSA_EGAD(1.0),2017-04-26 11:00:00,Annual,From 20 to 64 years,Percentage
Denmark,2018,Females,60 months or over,46.7,,,ESTAT:LFSA_EGAD(1.0),2017-04-26 11:00:00,Annual,From 20 to 64 years,Percentage
Denmark,2019,Females,60 months or over,46.0,,,ESTAT:LFSA_EGAD(1.0),2017-04-26 11:00:00,Annual,From 20 to 64 years,Percentage
Denmark,2020,Females,60 months or over,45.1,,,ESTAT:LFSA_EGAD(1.0),2017-04-26 11:00:00,Annual,From 20 to 64 years,Percentage
Denmark,2021,Females,60 months or over,45.7,b,,ESTAT:LFSA_EGAD(1.0),2017-04-26 11:00:00,Annual,From 20 to 64 years,Percentage
Denmark,2022,Females,60 months or over,43.5,,,ESTAT:LFSA_EGAD(1.0),2017-04-26 11:00:00,Annual,From 20 to 64 years,Percentage
Denmark,2023,Females,60 months or over,43.7,b,,ESTAT:LFSA_EGAD(1.0),2017-04-26 11:00:00,Annual,From 20 to 64 years,Percentage
Denmark,2024,Females,60 months or over,44.2,,,ESTAT:LFSA_EGAD(1.0),2017-04-26 11:00:00,Annual,From 20 to 64 years,Percentage
Denmark,2025,Females,60 months or over,43.8,,,ESTAT:LFSA_EGAD(1.0),2017-04-26 11:00:00,Annual,From 20 to 64 years,Percentage
Euro area – 21 countries (from 2026),2016,Females,60 months or over,62.5,,,ESTAT:LFSA_EGAD(1.0),2017-04-26 11:00:00,Annual,From 20 to 64 years,Percentage
Euro area – 21 countries (from 2026),2017,Females,60 months or over,61.5,,,ESTAT:LFSA_EGAD(1.0),2017-04-26 11:00:00,Annual,From 20 to 64 years,Percentage
Euro area – 21 countries (from 2026),2018,Females,60 months or over,60.4,,,ESTAT:LFSA_EGAD(1.0),2017-04-26 11:00:00,Annual,From 20 to 64 years,Percentage
Euro area – 21 countries (from 2026),2019,Females,60 months or over,59.7,,,ESTAT:LFSA_EGAD(1.0),2017-04-26 11:00:00,Annual,From 20 to 64 years,Percentage
Euro area – 21 countries (from 2026),2020,Females,60 months or over,60.9,,,ESTAT:LFSA_EGAD(1.0),2017-04-26 11:00:00,Annual,From 20 to 64 years,Percentage
Euro area – 21 countries (from 2026),2021,Females,60 months or over,59.4,b,,ESTAT:LFSA_EGAD(1.0),2017-04-26 11:00:00,Annual,From 20 to 64 years,Percentage
Euro area – 21 countries (from 2026),2022,Females,60 months or over,58.4,,,ESTAT:LFSA_EGAD(1.0),2017-04-26 11:00:00,Annual,From 20 to 64 years,Percentage
Euro area – 21 countries (from 2026),2023,Females,60 months or over,58.1,,,ESTAT:LFSA_EGAD(1.0),2017-04-26 11:00:00,Annual,From 20 to 64 years,Percentage
Euro area – 21 countries (from 2026),2024,Females,60 months or over,58.0,,,ESTAT:LFSA_EGAD(1.0),2017-04-26 11:00:00,Annual,From 20 to 64 years,Percentage
Euro area – 21 countries (from 2026),2025,Females,60 months or over,58.1,,,ESTAT:LFSA_EGAD(1.0),2017-04-26 11:00:00,Annual,From 20 to 64 years,Percentage
Estonia,2016,Females,60 months or over,51.7,,,ESTAT:LFSA_EGAD(1.0),2017-04-26 11:00:00,Annual,From 20 to 64 years,Percentage
Estonia,2017,Females,60 months or over,51.3,,,ESTAT:LFSA_EGAD(1.0),2017-04-26 11:00:00,Annual,From 20 to 64 years,Percentage
Estonia,2018,Females,60 months or over,51.3,,,ESTAT:LFSA_EGAD(1.0),2017-04-26 11:00:00,Annual,From 20 to 64 years,Percentage
Estonia,2019,Females,60 months or over,49.7,,,ESTAT:LFSA_EGAD(1.0),2017-04-26 11:00:00,Annual,From 20 to 64 years,Percentage
Estonia,2020,Females,60 months or over,51.5,,,ESTAT:LFSA_EGAD(1.0),2017-04-26 11:00:00,Annual,From 20 to 64 years,Percentage
Estonia,2021,Females,60 months or over,52.2,b,,ESTAT:LFSA_EGAD(1.0),2017-04-26 11:00:00,Annual,From 20 to 64 years,Percentage
Estonia,2022,Females,60 months or over,50.9,,,ESTAT:LFSA_EGAD(1.0),2017-04-26 11:00:00,Annual,From 20 to 64 years,Percentage
Estonia,2023,Females,60 months or over,50.6,,,ESTAT:LFSA_EGAD(1.0),2017-04-26 11:00:00,Annual,From 20 to 64 years,Percentage
Estonia,2024,Females,60 months or over,51.5,,,ESTAT:LFSA_EGAD(1.0),2017-04-26 11:00:00,Annual,From 20 to 64 years,Percentage
Estonia,2025,Females,60 months or over,49.6,,,ESTAT:LFSA_EGAD(1.0),2017-04-26 11:00:00,Annual,From 20 to 64 years,Percentage
Greece,2016,Females,60 months or over,69.3,,,ESTAT:LFSA_EGAD(1.0),2017-04-26 11:00:00,Annual,From 20 to 64 years,Percentage
Greece,2017,Females,60 months or over,67.8,,,ESTAT:LFSA_EGAD(1.0),2017-04-26 11:00:00,Annual,From 20 to 64 years,Percentage
Greece,2018,Females,60 months or over,67.8,,,ESTAT:LFSA_EGAD(1.0),2017-04-26 11:00:00,Annual,From 20 to 64 years,Percentage
Greece,2019,Females,60 months or over,65.9,,,ESTAT:LFSA_EGAD(1.0),2017-04-26 11:00:00,Annual,From 20 to 64 years,Percentage
Greece,2020,Females,60 months or over,67.0,,,ESTAT:LFSA_EGAD(1.0),2017-04-26 11:00:00,Annual,From 20 to 64 years,Percentage
Greece,2021,Females,60 months or over,63.9,b,,ESTAT:LFSA_EGAD(1.0),2017-04-26 11:00:00,Annual,From 20 to 64 years,Percentage
Greece,2022,Females,60 months or over,62.4,,,ESTAT:LFSA_EGAD(1.0),2017-04-26 11:00:00,Annual,From 20 to 64 years,Percentage
Greece,2023,Females,60 months or over,62.4,,,ESTAT:LFSA_EGAD(1.0),2017-04-26 11:00:00,Annual,From 20 to 64 years,Percentage
Greece,2024,Females,60 months or over,62.9,,,ESTAT:LFSA_EGAD(1.0),2017-04-26 11:00:00,Annual,From 20 to 64 years,Percentage
Greece,2025,Females,60 months or over,63.2,,,ESTAT:LFSA_EGAD(1.0),2017-04-26 11:00:00,Annual,From 20 to 64 years,Percentage
Spain,2016,Females,60 months or over,62.2,,,ESTAT:LFSA_EGAD(1.0),2017-04-26 11:00:00,Annual,From 20 to 64 years,Percentage
Spain,2017,Females,60 months or over,60.2,,,ESTAT:LFSA_EGAD(1.0),2017-04-26 11:00:00,Annual,From 20 to 64 years,Percentage
Spain,2018,Females,60 months or over,57.8,,,ESTAT:LFSA_EGAD(1.0),2017-04-26 11:00:00,Annual,From 20 to 64 years,Percentage
Spain,2019,Females,60 months or over,57.8,,,ESTAT:LFSA_EGAD(1.0),2017-04-26 11:00:00,Annual,From 20 to 64 years,Percentage
Spain,2020,Females,60 months or over,59.5,,,ESTAT:LFSA_EGAD(1.0),2017-04-26 11:00:00,Annual,From 20 to 64 years,Percentage
Spain,2021,Females,60 months or over,58.0,bd,,ESTAT:LFSA_EGAD(1.0),2017-04-26 11:00:00,Annual,From 20 to 64 years,Percentage
Spain,2022,Females,60 months or over,57.1,d,,ESTAT:LFSA_EGAD(1.0),2017-04-26 11:00:00,Annual,From 20 to 64 years,Percentage
Spain,2023,Females,60 months or over,56.9,d,,ESTAT:LFSA_EGAD(1.0),2017-04-26 11:00:00,Annual,From 20 to 64 years,Percentage
Spain,2024,Females,60 months or over,55.5,d,,ESTAT:LFSA_EGAD(1.0),2017-04-26 11:00:00,Annual,From 20 to 64 years,Percentage
Spain,2025,Females,60 months or over,54.9,d,,ESTAT:LFSA_EGAD(1.0),2017-04-26 11:00:00,Annual,From 20 to 64 years,Percentage
European Union - 27 countries (from 2020),2016,Females,60 months or over,62.0,,,ESTAT:LFSA_EGAD(1.0),2017-04-26 11:00:00,Annual,From 20 to 64 years,Percentage
European Union - 27 countries (from 2020),2017,Females,60 months or over,61.0,,,ESTAT:LFSA_EGAD(1.0),2017-04-26 11:00:00,Annual,From 20 to 64 years,Percentage
European Union - 27 countries (from 2020),2018,Females,60 months or over,59.9,,,ESTAT:LFSA_EGAD(1.0),2017-04-26 11:00:00,Annual,From 20 to 64 years,Percentage
European Union - 27 countries (from 2020),2019,Females,60 months or over,59.3,,,ESTAT:LFSA_EGAD(1.0),2017-04-26 11:00:00,Annual,From 20 to 64 years,Percentage
European Union - 27 countries (from 2020),2020,Females,60 months or over,60.4,,,ESTAT:LFSA_EGAD(1.0),2017-04-26 11:00:00,Annual,From 20 to 64 years,Percentage
European Union - 27 countries (from 2020),2021,Females,60 months or over,59.3,b,,ESTAT:LFSA_EGAD(1.0),2017-04-26 11:00:00,Annual,From 20 to 64 years,Percentage
European Union - 27 countries (from 2020),2022,Females,60 months or over,58.6,,,ESTAT:LFSA_EGAD(1.0),2017-04-26 11:00:00,Annual,From 20 to 64 years,Percentage
European Union - 27 countries (from 2020),2023,Females,60 months or over,58.6,,,ESTAT:LFSA_EGAD(1.0),2017-04-26 11:00:00,Annual,From 20 to 64 years,Percentage
European Union - 27 countries (from 2020),2024,Females,60 months or over,58.5,,,ESTAT:LFSA_EGAD(1.0),2017-04-26 11:00:00,Annual,From 20 to 64 years,Percentage
European Union - 27 countries (from 2020),2025,Females,60 months or over,58.7,,,ESTAT:LFSA_EGAD(1.0),2017-04-26 11:00:00,Annual,From 20 to 64 years,Percentage
Finland,2016,Females,60 months or over,58.1,,,ESTAT:LFSA_EGAD(1.0),2017-04-26 11:00:00,Annual,From 20 to 64 years,Percentage
Finland,2017,Females,60 months or over,57.1,,,ESTAT:LFSA_EGAD(1.0),2017-04-26 11:00:00,Annual,From 20 to 64 years,Percentage
Finland,2018,Females,60 months or over,55.3,,,ESTAT:LFSA_EGAD(1.0),2017-04-26 11:00:00,Annual,From 20 to 64 years,Percentage
Finland,2019,Females,60 months or over,53.8,,,ESTAT:LFSA_EGAD(1.0),2017-04-26 11:00:00,Annual,From 20 to 64 years,Percentage
Finland,2020,Females,60 months or over,53.2,,,ESTAT:LFSA_EGAD(1.0),2017-04-26 11:00:00,Annual,From 20 to 64 years,Percentage
Finland,2021,Females,60 months or over,48.4,b,,ESTAT:LFSA_EGAD(1.0),2017-04-26 11:00:00,Annual,From 20 to 64 years,Percentage
Finland,2022,Females,60 months or over,48.0,,,ESTAT:LFSA_EGAD(1.0),2017-04-26 11:00:00,Annual,From 20 to 64 years,Percentage
Finland,2023,Females,60 months or over,47.7,,,ESTAT:LFSA_EGAD(1.0),2017-04-26 11:00:00,Annual,From 20 to 64 years,Percentage
Finland,2024,Females,60 months or over,48.6,,,ESTAT:LFSA_EGAD(1.0),2017-04-26 11:00:00,Annual,From 20 to 64 years,Percentage
Finland,2025,Females,60 months or over,49.4,,,ESTAT:LFSA_EGAD(1.0),2017-04-26 11:00:00,Annual,From 20 to 64 years,Percentage
France,2016,Females,60 months or over,65.1,,,ESTAT:LFSA_EGAD(1.0),2017-04-26 11:00:00,Annual,From 20 to 64 years,Percentage
France,2017,Females,60 months or over,63.6,,,ESTAT:LFSA_EGAD(1.0),2017-04-26 11:00:00,Annual,From 20 to 64 years,Percentage
France,2018,Females,60 months or over,62.5,,,ESTAT:LFSA_EGAD(1.0),2017-04-26 11:00:00,Annual,From 20 to 64 years,Percentage
France,2019,Females,60 months or over,61.7,,,ESTAT:LFSA_EGAD(1.0),2017-04-26 11:00:00,Annual,From 20 to 64 years,Percentage
France,2020,Females,60 months or over,61.9,,,ESTAT:LFSA_EGAD(1.0),2017-04-26 11:00:00,Annual,From 20 to 64 years,Percentage
France,2021,Females,60 months or over,58.3,bd,,ESTAT:LFSA_EGAD(1.0),2017-04-26 11:00:00,Annual,From 20 to 64 years,Percentage
France,2022,Females,60 months or over,57.4,d,,ESTAT:LFSA_EGAD(1.0),2017-04-26 11:00:00,Annual,From 20 to 64 years,Percentage
France,2023,Females,60 months or over,56.8,d,,ESTAT:LFSA_EGAD(1.0),2017-04-26 11:00:00,Annual,From 20 to 64 years,Percentage
France,2024,Females,60 months or over,56.8,d,,ESTAT:LFSA_EGAD(1.0),2017-04-26 11:00:00,Annual,From 20 to 64 years,Percentage
France,2025,Females,60 months or over,56.9,d,,ESTAT:LFSA_EGAD(1.0),2017-04-26 11:00:00,Annual,From 20 to 64 years,Percentage
Croatia,2016,Females,60 months or over,63.1,,,ESTAT:LFSA_EGAD(1.0),2017-04-26 11:00:00,Annual,From 20 to 64 years,Percentage
Croatia,2017,Females,60 months or over,61.9,,,ESTAT:LFSA_EGAD(1.0),2017-04-26 11:00:00,Annual,From 20 to 64 years,Percentage
Croatia,2018,Females,60 months or over,59.3,,,ESTAT:LFSA_EGAD(1.0),2017-04-26 11:00:00,Annual,From 20 to 64 years,Percentage
Croatia,2019,Females,60 months or over,57.8,,,ESTAT:LFSA_EGAD(1.0),2017-04-26 11:00:00,Annual,From 20 to 64 years,Percentage
Croatia,2020,Females,60 months or over,60.0,,,ESTAT:LFSA_EGAD(1.0),2017-04-26 11:00:00,Annual,From 20 to 64 years,Percentage
Croatia,2021,Females,60 months or over,60.2,b,,ESTAT:LFSA_EGAD(1.0),2017-04-26 11:00:00,Annual,From 20 to 64 years,Percentage
Croatia,2022,Females,60 months or over,60.0,,,ESTAT:LFSA_EGAD(1.0),2017-04-26 11:00:00,Annual,From 20 to 64 years,Percentage
Croatia,2023,Females,60 months or over,61.4,,,ESTAT:LFSA_EGAD(1.0),2017-04-26 11:00:00,Annual,From 20 to 64 years,Percentage
Croatia,2024,Females,60 months or over,63.1,,,ESTAT:LFSA_EGAD(1.0),2017-04-26 11:00:00,Annual,From 20 to 64 years,Percentage
Croatia,2025,Females,60 months or over,64.7,,,ESTAT:LFSA_EGAD(1.0),2017-04-26 11:00:00,Annual,From 20 to 64 years,Percentage
Hungary,2016,Females,60 months or over,56.0,,,ESTAT:LFSA_EGAD(1.0),2017-04-26 11:00:00,Annual,From 20 to 64 years,Percentage
Hungary,2017,Females,60 months or over,55.2,,,ESTAT:LFSA_EGAD(1.0),2017-04-26 11:00:00,Annual,From 20 to 64 years,Percentage
Hungary,2018,Females,60 months or over,54.8,b,,ESTAT:LFSA_EGAD(1.0),2017-04-26 11:00:00,Annual,From 20 to 64 years,Percentage
Hungary,2019,Females,60 months or over,54.3,,,ESTAT:LFSA_EGAD(1.0),2017-04-26 11:00:00,Annual,From 20 to 64 years,Percentage
Hungary,2020,Females,60 months or over,54.3,,,ESTAT:LFSA_EGAD(1.0),2017-04-26 11:00:00,Annual,From 20 to 64 years,Percentage
Hungary,2021,Females,60 months or over,55.8,b,,ESTAT:LFSA_EGAD(1.0),2017-04-26 11:00:00,Annual,From 20 to 64 years,Percentage
Hungary,2022,Females,60 months or over,56.7,,,ESTAT:LFSA_EGAD(1.0),2017-04-26 11:00:00,Annual,From 20 to 64 years,Percentage
Hungary,2023,Females,60 months or over,58.5,,,ESTAT:LFSA_EGAD(1.0),2017-04-26 11:00:00,Annual,From 20 to 64 years,Percentage
Hungary,2024,Females,60 months or over,57.8,,,ESTAT:LFSA_EGAD(1.0),2017-04-26 11:00:00,Annual,From 20 to 64 years,Percentage
Hungary,2025,Females,60 months or over,59.3,,,ESTAT:LFSA_EGAD(1.0),2017-04-26 11:00:00,Annual,From 20 to 64 years,Percentage
Ireland,2016,Females,60 months or over,56.3,,,ESTAT:LFSA_EGAD(1.0),2017-04-26 11:00:00,Annual,From 20 to 64 years,Percentage
Ireland,2017,Females,60 months or over,53.0,b,,ESTAT:LFSA_EGAD(1.0),2017-04-26 11:00:00,Annual,From 20 to 64 years,Percentage
Ireland,2018,Females,60 months or over,50.2,,,ESTAT:LFSA_EGAD(1.0),2017-04-26 11:00:00,Annual,From 20 to 64 years,Percentage
Ireland,2019,Females,60 months or over,50.6,,,ESTAT:LFSA_EGAD(1.0),2017-04-26 11:00:00,Annual,From 20 to 64 years,Percentage
Ireland,2020,Females,60 months or over,52.5,,,ESTAT:LFSA_EGAD(1.0),2017-04-26 11:00:00,Annual,From 20 to 64 years,Percentage
Ireland,2021,Females,60 months or over,50.3,b,,ESTAT:LFSA_EGAD(1.0),2017-04-26 11:00:00,Annual,From 20 to 64 years,Percentage
Ireland,2022,Females,60 months or over,49.1,,,ESTAT:LFSA_EGAD(1.0),2017-04-26 11:00:00,Annual,From 20 to 64 years,Percentage
Ireland,2023,Females,60 months or over,49.3,,,ESTAT:LFSA_EGAD(1.0),2017-04-26 11:00:00,Annual,From 20 to 64 years,Percentage
Ireland,2024,Females,60 months or over,49.2,,,ESTAT:LFSA_EGAD(1.0),2017-04-26 11:00:00,Annual,From 20 to 64 years,Percentage
Ireland,2025,Females,60 months or over,50.3,,,ESTAT:LFSA_EGAD(1.0),2017-04-26 11:00:00,Annual,From 20 to 64 years,Percentage
Iceland,2016,Females,60 months or over,50.4,,,ESTAT:LFSA_EGAD(1.0),2017-04-26 11:00:00,Annual,From 20 to 64 years,Percentage
Iceland,2017,Females,60 months or over,48.9,,,ESTAT:LFSA_EGAD(1.0),2017-04-26 11:00:00,Annual,From 20 to 64 years,Percentage
Iceland,2018,Females,60 months or over,47.6,,,ESTAT:LFSA_EGAD(1.0),2017-04-26 11:00:00,Annual,From 20 to 64 years,Percentage
Iceland,2019,Females,60 months or over,47.8,,,ESTAT:LFSA_EGAD(1.0),2017-04-26 11:00:00,Annual,From 20 to 64 years,Percentage
Iceland,2020,Females,60 months or over,49.1,b,,ESTAT:LFSA_EGAD(1.0),2017-04-26 11:00:00,Annual,From 20 to 64 years,Percentage
Iceland,2021,Females,60 months or over,48.8,b,,ESTAT:LFSA_EGAD(1.0),2017-04-26 11:00:00,Annual,From 20 to 64 years,Percentage
Iceland,2022,Females,60 months or over,47.3,,,ESTAT:LFSA_EGAD(1.0),2017-04-26 11:00:00,Annual,From 20 to 64 years,Percentage
Iceland,2023,Females,60 months or over,46.2,,,ESTAT:LFSA_EGAD(1.0),2017-04-26 11:00:00,Annual,From 20 to 64 years,Percentage
Iceland,2024,Females,60 months or over,46.6,,,ESTAT:LFSA_EGAD(1.0),2017-04-26 11:00:00,Annual,From 20 to 64 years,Percentage
Italy,2016,Females,60 months or over,68.1,,,ESTAT:LFSA_EGAD(1.0),2017-04-26 11:00:00,Annual,From 20 to 64 years,Percentage
Italy,2017,Females,60 months or over,67.8,,,ESTAT:LFSA_EGAD(1.0),2017-04-26 11:00:00,Annual,From 20 to 64 years,Percentage
Italy,2018,Females,60 months or over,66.7,b,,ESTAT:LFSA_EGAD(1.0),2017-04-26 11:00:00,Annual,From 20 to 64 years,Percentage
Italy,2019,Females,60 months or over,66.0,,,ESTAT:LFSA_EGAD(1.0),2017-04-26 11:00:00,Annual,From 20 to 64 years,Percentage
Italy,2020,Females,60 months or over,66.8,,,ESTAT:LFSA_EGAD(1.0),2017-04-26 11:00:00,Annual,From 20 to 64 years,Percentage
Italy,2021,Females,60 months or over,65.4,b,,ESTAT:LFSA_EGAD(1.0),2017-04-26 11:00:00,Annual,From 20 to 64 years,Percentage
Italy,2022,Females,60 months or over,63.5,,,ESTAT:LFSA_EGAD(1.0),2017-04-26 11:00:00,Annual,From 20 to 64 years,Percentage
Italy,2023,Females,60 months or over,63.0,,,ESTAT:LFSA_EGAD(1.0),2017-04-26 11:00:00,Annual,From 20 to 64 years,Percentage
Italy,2024,Females,60 months or over,64.0,,,ESTAT:LFSA_EGAD(1.0),2017-04-26 11:00:00,Annual,From 20 to 64 years,Percentage
Italy,2025,Females,60 months or over,65.8,,,ESTAT:LFSA_EGAD(1.0),2017-04-26 11:00:00,Annual,From 20 to 64 years,Percentage
Lithuania,2016,Females,60 months or over,53.0,,,ESTAT:LFSA_EGAD(1.0),2017-04-26 11:00:00,Annual,From 20 to 64 years,Percentage
Lithuania,2017,Females,60 months or over,52.9,,,ESTAT:LFSA_EGAD(1.0),2017-04-26 11:00:00,Annual,From 20 to 64 years,Percentage
Lithuania,2018,Females,60 months or over,52.8,,,ESTAT:LFSA_EGAD(1.0),2017-04-26 11:00:00,Annual,From 20 to 64 years,Percentage
Lithuania,2019,Females,60 months or over,52.3,,,ESTAT:LFSA_EGAD(1.0),2017-04-26 11:00:00,Annual,From 20 to 64 years,Percentage
Lithuania,2020,Females,60 months or over,52.4,,,ESTAT:LFSA_EGAD(1.0),2017-04-26 11:00:00,Annual,From 20 to 64 years,Percentage
Lithuania,2021,Females,60 months or over,57.5,b,,ESTAT:LFSA_EGAD(1.0),2017-04-26 11:00:00,Annual,From 20 to 64 years,Percentage
Lithuania,2022,Females,60 months or over,59.7,,,ESTAT:LFSA_EGAD(1.0),2017-04-26 11:00:00,Annual,From 20 to 64 years,Percentage
Lithuania,2023,Females,60 months or over,60.0,,,ESTAT:LFSA_EGAD(1.0),2017-04-26 11:00:00,Annual,From 20 to 64 years,Percentage
Lithuania,2024,Females,60 months or over,58.6,,,ESTAT:LFSA_EGAD(1.0),2017-04-26 11:00:00,Annual,From 20 to 64 years,Percentage
Lithuania,2025,Females,60 months or over,57.9,,,ESTAT:LFSA_EGAD(1.0),2017-04-26 11:00:00,Annual,From 20 to 64 years,Percentage
Luxembourg,2016,Females,60 months or over,56.6,b,,ESTAT:LFSA_EGAD(1.0),2017-04-26 11:00:00,Annual,From 20 to 64 years,Percentage
Luxembourg,2017,Females,60 months or over,55.7,,,ESTAT:LFSA_EGAD(1.0),2017-04-26 11:00:00,Annual,From 20 to 64 years,Percentage
Luxembourg,2018,Females,60 months or over,52.6,,,ESTAT:LFSA_EGAD(1.0),2017-04-26 11:00:00,Annual,From 20 to 64 years,Percentage
Luxembourg,2019,Females,60 months or over,52.2,,,ESTAT:LFSA_EGAD(1.0),2017-04-26 11:00:00,Annual,From 20 to 64 years,Percentage
Luxembourg,2020,Females,60 months or over,52.6,,,ESTAT:LFSA_EGAD(1.0),2017-04-26 11:00:00,Annual,From 20 to 64 years,Percentage
Luxembourg,2021,Females,60 months or over,59.7,b,,ESTAT:LFSA_EGAD(1.0),2017-04-26 11:00:00,Annual,From 20 to 64 years,Percentage
Luxembourg,2022,Females,60 months or over,60.1,,,ESTAT:LFSA_EGAD(1.0),2017-04-26 11:00:00,Annual,From 20 to 64 years,Percentage
Luxembourg,2023,Females,60 months or over,59.3,,,ESTAT:LFSA_EGAD(1.0),2017-04-26 11:00:00,Annual,From 20 to 64 years,Percentage
Luxembourg,2024,Females,60 months or over,58.1,,,ESTAT:LFSA_EGAD(1.0),2017-04-26 11:00:00,Annual,From 20 to 64 years,Percentage
Luxembourg,2025,Females,60 months or over,57.6,,,ESTAT:LFSA_EGAD(1.0),2017-04-26 11:00:00,Annual,From 20 to 64 years,Percentage
Latvia,2016,Females,60 months or over,57.6,,,ESTAT:LFSA_EGAD(1.0),2017-04-26 11:00:00,Annual,From 20 to 64 years,Percentage
Latvia,2017,Females,60 months or over,54.9,,,ESTAT:LFSA_EGAD(1.0),2017-04-26 11:00:00,Annual,From 20 to 64 years,Percentage
Latvia,2018,Females,60 months or over,56.8,,,ESTAT:LFSA_EGAD(1.0),2017-04-26 11:00:00,Annual,From 20 to 64 years,Percentage
Latvia,2019,Females,60 months or over,57.3,,,ESTAT:LFSA_EGAD(1.0),2017-04-26 11:00:00,Annual,From 20 to 64 years,Percentage
Latvia,2020,Females,60 months or over,57.8,,,ESTAT:LFSA_EGAD(1.0),2017-04-26 11:00:00,Annual,From 20 to 64 years,Percentage
Latvia,2021,Females,60 months or over,58.6,b,,ESTAT:LFSA_EGAD(1.0),2017-04-26 11:00:00,Annual,From 20 to 64 years,Percentage
Latvia,2022,Females,60 months or over,57.7,,,ESTAT:LFSA_EGAD(1.0),2017-04-26 11:00:00,Annual,From 20 to 64 years,Percentage
Latvia,2023,Females,60 months or over,57.4,,,ESTAT:LFSA_EGAD(1.0),2017-04-26 11:00:00,Annual,From 20 to 64 years,Percentage
Latvia,2024,Females,60 months or over,59.0,,,ESTAT:LFSA_EGAD(1.0),2017-04-26 11:00:00,Annual,From 20 to 64 years,Percentage
Latvia,2025,Females,60 months or over,58.4,,,ESTAT:LFSA_EGAD(1.0),2017-04-26 11:00:00,Annual,From 20 to 64 years,Percentage
Montenegro,2016,Females,60 months or over,62.5,,,ESTAT:LFSA_EGAD(1.0),2017-04-26 11:00:00,Annual,From 20 to 64 years,Percentage
Montenegro,2017,Females,60 months or over,63.1,,,ESTAT:LFSA_EGAD(1.0),2017-04-26 11:00:00,Annual,From 20 to 64 years,Percentage
Montenegro,2018,Females,60 months or over,60.8,,,ESTAT:LFSA_EGAD(1.0),2017-04-26 11:00:00,Annual,From 20 to 64 years,Percentage
Montenegro,2019,Females,60 months or over,60.6,,,ESTAT:LFSA_EGAD(1.0),2017-04-26 11:00:00,Annual,From 20 to 64 years,Percentage
Montenegro,2020,Females,60 months or over,61.0,,,ESTAT:LFSA_EGAD(1.0),2017-04-26 11:00:00,Annual,From 20 to 64 years,Percentage
North Macedonia,2016,Females,60 months or over,59.8,,,ESTAT:LFSA_EGAD(1.0),2017-04-26 11:00:00,Annual,From 20 to 64 years,Percentage
North Macedonia,2017,Females,60 months or over,61.5,,,ESTAT:LFSA_EGAD(1.0),2017-04-26 11:00:00,Annual,From 20 to 64 years,Percentage
North Macedonia,2018,Females,60 months or over,58.9,,,ESTAT:LFSA_EGAD(1.0),2017-04-26 11:00:00,Annual,From 20 to 64 years,Percentage
North Macedonia,2019,Females,60 months or over,56.8,,,ESTAT:LFSA_EGAD(1.0),2017-04-26 11:00:00,Annual,From 20 to 64 years,Percentage
North Macedonia,2020,Females,60 months or over,60.2,,,ESTAT:LFSA_EGAD(1.0),2017-04-26 11:00:00,Annual,From 20 to 64 years,Percentage
North Macedonia,2021,Females,60 months or over,61.3,b,,ESTAT:LFSA_EGAD(1.0),2017-04-26 11:00:00,Annual,From 20 to 64 years,Percentage
North Macedonia,2022,Females,60 months or over,62.0,,,ESTAT:LFSA_EGAD(1.0),2017-04-26 11:00:00,Annual,From 20 to 64 years,Percentage
North Macedonia,2023,Females,60 months or over,62.0,,,ESTAT:LFSA_EGAD(1.0),2017-04-26 11:00:00,Annual,From 20 to 64 years,Percentage
North Macedonia,2024,Females,60 months or over,60.5,,,ESTAT:LFSA_EGAD(1.0),2017-04-26 11:00:00,Annual,From 20 to 64 years,Percentage
North Macedonia,2025,Females,60 months or over,61.9,,,ESTAT:LFSA_EGAD(1.0),2017-04-26 11:00:00,Annual,From 20 to 64 years,Percentage
Malta,2016,Females,60 months or over,51.8,,,ESTAT:LFSA_EGAD(1.0),2017-04-26 11:00:00,Annual,From 20 to 64 years,Percentage
Malta,2017,Females,60 months or over,49.7,,,ESTAT:LFSA_EGAD(1.0),2017-04-26 11:00:00,Annual,From 20 to 64 years,Percentage
Malta,2018,Females,60 months or over,45.2,,,ESTAT:LFSA_EGAD(1.0),2017-04-26 11:00:00,Annual,From 20 to 64 years,Percentage
Malta,2019,Females,60 months or over,46.0,,,ESTAT:LFSA_EGAD(1.0),2017-04-26 11:00:00,Annual,From 20 to 64 years,Percentage
Malta,2020,Females,60 months or over,49.0,,,ESTAT:LFSA_EGAD(1.0),2017-04-26 11:00:00,Annual,From 20 to 64 years,Percentage
Malta,2021,Females,60 months or over,49.3,b,,ESTAT:LFSA_EGAD(1.0),2017-04-26 11:00:00,Annual,From 20 to 64 years,Percentage
Malta,2022,Females,60 months or over,51.6,,,ESTAT:LFSA_EGAD(1.0),2017-04-26 11:00:00,Annual,From 20 to 64 years,Percentage
Malta,2023,Females,60 months or over,48.8,,,ESTAT:LFSA_EGAD(1.0),2017-04-26 11:00:00,Annual,From 20 to 64 years,Percentage
Malta,2024,Females,60 months or over,49.3,,,ESTAT:LFSA_EGAD(1.0),2017-04-26 11:00:00,Annual,From 20 to 64 years,Percentage
Malta,2025,Females,60 months or over,48.8,,,ESTAT:LFSA_EGAD(1.0),2017-04-26 11:00:00,Annual,From 20 to 64 years,Percentage
Netherlands,2016,Females,60 months or over,61.1,,,ESTAT:LFSA_EGAD(1.0),2017-04-26 11:00:00,Annual,From 20 to 64 years,Percentage
Netherlands,2017,Females,60 months or over,58.9,,,ESTAT:LFSA_EGAD(1.0),2017-04-26 11:00:00,Annual,From 20 to 64 years,Percentage
Netherlands,2018,Females,60 months or over,56.1,,,ESTAT:LFSA_EGAD(1.0),2017-04-26 11:00:00,Annual,From 20 to 64 years,Percentage
Netherlands,2019,Females,60 months or over,54.4,,,ESTAT:LFSA_EGAD(1.0),2017-04-26 11:00:00,Annual,From 20 to 64 years,Percentage
Netherlands,2020,Females,60 months or over,53.9,,,ESTAT:LFSA_EGAD(1.0),2017-04-26 11:00:00,Annual,From 20 to 64 years,Percentage
Netherlands,2021,Females,60 months or over,48.8,b,,ESTAT:LFSA_EGAD(1.0),2017-04-26 11:00:00,Annual,From 20 to 64 years,Percentage
Netherlands,2022,Females,60 months or over,48.0,,,ESTAT:LFSA_EGAD(1.0),2017-04-26 11:00:00,Annual,From 20 to 64 years,Percentage
Netherlands,2023,Females,60 months or over,47.7,,,ESTAT:LFSA_EGAD(1.0),2017-04-26 11:00:00,Annual,From 20 to 64 years,Percentage
Netherlands,2024,Females,60 months or over,48.2,,,ESTAT:LFSA_EGAD(1.0),2017-04-26 11:00:00,Annual,From 20 to 64 years,Percentage
Netherlands,2025,Females,60 months or over,47.8,,,ESTAT:LFSA_EGAD(1.0),2017-04-26 11:00:00,Annual,From 20 to 64 years,Percentage
Norway,2016,Females,60 months or over,54.5,,,ESTAT:LFSA_EGAD(1.0),2017-04-26 11:00:00,Annual,From 20 to 64 years,Percentage
Norway,2017,Females,60 months or over,54.1,,,ESTAT:LFSA_EGAD(1.0),2017-04-26 11:00:00,Annual,From 20 to 64 years,Percentage
Norway,2018,Females,60 months or over,54.3,,,ESTAT:LFSA_EGAD(1.0),2017-04-26 11:00:00,Annual,From 20 to 64 years,Percentage
Norway,2019,Females,60 months or over,53.4,,,ESTAT:LFSA_EGAD(1.0),2017-04-26 11:00:00,Annual,From 20 to 64 years,Percentage
Norway,2020,Females,60 months or over,53.5,,,ESTAT:LFSA_EGAD(1.0),2017-04-26 11:00:00,Annual,From 20 to 64 years,Percentage
Norway,2021,Females,60 months or over,53.2,b,,ESTAT:LFSA_EGAD(1.0),2017-04-26 11:00:00,Annual,From 20 to 64 years,Percentage
Norway,2022,Females,60 months or over,51.8,,,ESTAT:LFSA_EGAD(1.0),2017-04-26 11:00:00,Annual,From 20 to 64 years,Percentage
Norway,2023,Females,60 months or over,50.7,,,ESTAT:LFSA_EGAD(1.0),2017-04-26 11:00:00,Annual,From 20 to 64 years,Percentage
Norway,2024,Females,60 months or over,51.1,,,ESTAT:LFSA_EGAD(1.0),2017-04-26 11:00:00,Annual,From 20 to 64 years,Percentage
Norway,2025,Females,60 months or over,50.2,,,ESTAT:LFSA_EGAD(1.0),2017-04-26 11:00:00,Annual,From 20 to 64 years,Percentage
Poland,2016,Females,60 months or over,61.6,,,ESTAT:LFSA_EGAD(1.0),2017-04-26 11:00:00,Annual,From 20 to 64 years,Percentage
Poland,2017,Females,60 months or over,61.0,,,ESTAT:LFSA_EGAD(1.0),2017-04-26 11:00:00,Annual,From 20 to 64 years,Percentage
Poland,2018,Females,60 months or over,59.5,,,ESTAT:LFSA_EGAD(1.0),2017-04-26 11:00:00,Annual,From 20 to 64 years,Percentage
Poland,2019,Females,60 months or over,58.4,b,,ESTAT:LFSA_EGAD(1.0),2017-04-26 11:00:00,Annual,From 20 to 64 years,Percentage
Poland,2020,Females,60 months or over,59.5,,,ESTAT:LFSA_EGAD(1.0),2017-04-26 11:00:00,Annual,From 20 to 64 years,Percentage
Poland,2021,Females,60 months or over,59.6,b,,ESTAT:LFSA_EGAD(1.0),2017-04-26 11:00:00,Annual,From 20 to 64 years,Percentage
Poland,2022,Females,60 months or over,60.4,,,ESTAT:LFSA_EGAD(1.0),2017-04-26 11:00:00,Annual,From 20 to 64 years,Percentage
Poland,2023,Females,60 months or over,60.6,,,ESTAT:LFSA_EGAD(1.0),2017-04-26 11:00:00,Annual,From 20 to 64 years,Percentage
Poland,2024,Females,60 months or over,60.7,,,ESTAT:LFSA_EGAD(1.0),2017-04-26 11:00:00,Annual,From 20 to 64 years,Percentage
Poland,2025,Females,60 months or over,60.7,,,ESTAT:LFSA_EGAD(1.0),2017-04-26 11:00:00,Annual,From 20 to 64 years,Percentage
Portugal,2016,Females,60 months or over,65.9,,,ESTAT:LFSA_EGAD(1.0),2017-04-26 11:00:00,Annual,From 20 to 64 years,Percentage
Portugal,2017,Females,60 months or over,64.2,,,ESTAT:LFSA_EGAD(1.0),2017-04-26 11:00:00,Annual,From 20 to 64 years,Percentage
Portugal,2018,Females,60 months or over,62.7,,,ESTAT:LFSA_EGAD(1.0),2017-04-26 11:00:00,Annual,From 20 to 64 years,Percentage
Portugal,2019,Females,60 months or over,61.6,,,ESTAT:LFSA_EGAD(1.0),2017-04-26 11:00:00,Annual,From 20 to 64 years,Percentage
Portugal,2020,Females,60 months or over,63.3,,,ESTAT:LFSA_EGAD(1.0),2017-04-26 11:00:00,Annual,From 20 to 64 years,Percentage
Portugal,2021,Females,60 months or over,64.9,b,,ESTAT:LFSA_EGAD(1.0),2017-04-26 11:00:00,Annual,From 20 to 64 years,Percentage
Portugal,2022,Females,60 months or over,63.9,,,ESTAT:LFSA_EGAD(1.0),2017-04-26 11:00:00,Annual,From 20 to 64 years,Percentage
Portugal,2023,Females,60 months or over,61.3,,,ESTAT:LFSA_EGAD(1.0),2017-04-26 11:00:00,Annual,From 20 to 64 years,Percentage
Portugal,2024,Females,60 months or over,60.9,,,ESTAT:LFSA_EGAD(1.0),2017-04-26 11:00:00,Annual,From 20 to 64 years,Percentage
Portugal,2025,Females,60 months or over,60.7,,,ESTAT:LFSA_EGAD(1.0),2017-04-26 11:00:00,Annual,From 20 to 64 years,Percentage
Romania,2016,Females,60 months or over,68.7,,,ESTAT:LFSA_EGAD(1.0),2017-04-26 11:00:00,Annual,From 20 to 64 years,Percentage
Romania,2017,Females,60 months or over,67.4,,,ESTAT:LFSA_EGAD(1.0),2017-04-26 11:00:00,Annual,From 20 to 64 years,Percentage
Romania,2018,Females,60 months or over,65.4,,,ESTAT:LFSA_EGAD(1.0),2017-04-26 11:00:00,Annual,From 20 to 64 years,Percentage
Romania,2019,Females,60 months or over,66.6,,,ESTAT:LFSA_EGAD(1.0),2017-04-26 11:00:00,Annual,From 20 to 64 years,Percentage
Romania,2020,Females,60 months or over,69.4,,,ESTAT:LFSA_EGAD(1.0),2017-04-26 11:00:00,Annual,From 20 to 64 years,Percentage
Romania,2021,Females,60 months or over,70.6,b,,ESTAT:LFSA_EGAD(1.0),2017-04-26 11:00:00,Annual,From 20 to 64 years,Percentage
Romania,2022,Females,60 months or over,71.6,,,ESTAT:LFSA_EGAD(1.0),2017-04-26 11:00:00,Annual,From 20 to 64 years,Percentage
Romania,2023,Females,60 months or over,74.7,,,ESTAT:LFSA_EGAD(1.0),2017-04-26 11:00:00,Annual,From 20 to 64 years,Percentage
Romania,2024,Females,60 months or over,74.5,,,ESTAT:LFSA_EGAD(1.0),2017-04-26 11:00:00,Annual,From 20 to 64 years,Percentage
Romania,2025,Females,60 months or over,76.8,,,ESTAT:LFSA_EGAD(1.0),2017-04-26 11:00:00,Annual,From 20 to 64 years,Percentage
Serbia,2016,Females,60 months or over,64.9,,,ESTAT:LFSA_EGAD(1.0),2017-04-26 11:00:00,Annual,From 20 to 64 years,Percentage
Serbia,2017,Females,60 months or over,64.4,,,ESTAT:LFSA_EGAD(1.0),2017-04-26 11:00:00,Annual,From 20 to 64 years,Percentage
Serbia,2018,Females,60 months or over,62.9,,,ESTAT:LFSA_EGAD(1.0),2017-04-26 11:00:00,Annual,From 20 to 64 years,Percentage
Serbia,2019,Females,60 months or over,61.7,,,ESTAT:LFSA_EGAD(1.0),2017-04-26 11:00:00,Annual,From 20 to 64 years,Percentage
Serbia,2020,Females,60 months or over,62.1,,,ESTAT:LFSA_EGAD(1.0),2017-04-26 11:00:00,Annual,From 20 to 64 years,Percentage
Serbia,2021,Females,60 months or over,60.7,b,,ESTAT:LFSA_EGAD(1.0),2017-04-26 11:00:00,Annual,From 20 to 64 years,Percentage
Serbia,2022,Females,60 months or over,60.4,,,ESTAT:LFSA_EGAD(1.0),2017-04-26 11:00:00,Annual,From 20 to 64 years,Percentage
Serbia,2023,Females,60 months or over,61.5,,,ESTAT:LFSA_EGAD(1.0),2017-04-26 11:00:00,Annual,From 20 to 64 years,Percentage
Serbia,2024,Females,60 months or over,61.7,,,ESTAT:LFSA_EGAD(1.0),2017-04-26 11:00:00,Annual,From 20 to 64 years,Percentage
Serbia,2025,Females,60 months or over,64.0,,,ESTAT:LFSA_EGAD(1.0),2017-04-26 11:00:00,Annual,From 20 to 64 years,Percentage
Sweden,2016,Females,60 months or over,51.9,,,ESTAT:LFSA_EGAD(1.0),2017-04-26 11:00:00,Annual,From 20 to 64 years,Percentage
Sweden,2017,Females,60 months or over,50.5,,,ESTAT:LFSA_EGAD(1.0),2017-04-26 11:00:00,Annual,From 20 to 64 years,Percentage
Sweden,2018,Females,60 months or over,48.6,b,,ESTAT:LFSA_EGAD(1.0),2017-04-26 11:00:00,Annual,From 20 to 64 years,Percentage
Sweden,2019,Females,60 months or over,48.7,,,ESTAT:LFSA_EGAD(1.0),2017-04-26 11:00:00,Annual,From 20 to 64 years,Percentage
Sweden,2020,Females,60 months or over,49.1,,,ESTAT:LFSA_EGAD(1.0),2017-04-26 11:00:00,Annual,From 20 to 64 years,Percentage
Sweden,2021,Females,60 months or over,47.6,b,,ESTAT:LFSA_EGAD(1.0),2017-04-26 11:00:00,Annual,From 20 to 64 years,Percentage
Sweden,2022,Females,60 months or over,48.0,,,ESTAT:LFSA_EGAD(1.0),2017-04-26 11:00:00,Annual,From 20 to 64 years,Percentage
Sweden,2023,Females,60 months or over,49.6,,,ESTAT:LFSA_EGAD(1.0),2017-04-26 11:00:00,Annual,From 20 to 64 years,Percentage
Sweden,2024,Females,60 months or over,51.2,,,ESTAT:LFSA_EGAD(1.0),2017-04-26 11:00:00,Annual,From 20 to 64 years,Percentage
Sweden,2025,Females,60 months or over,53.1,,,ESTAT:LFSA_EGAD(1.0),2017-04-26 11:00:00,Annual,From 20 to 64 years,Percentage
Slovenia,2016,Females,60 months or over,66.9,,,ESTAT:LFSA_EGAD(1.0),2017-04-26 11:00:00,Annual,From 20 to 64 years,Percentage
Slovenia,2017,Females,60 months or over,65.6,,,ESTAT:LFSA_EGAD(1.0),2017-04-26 11:00:00,Annual,From 20 to 64 years,Percentage
Slovenia,2018,Females,60 months or over,65.6,,,ESTAT:LFSA_EGAD(1.0),2017-04-26 11:00:00,Annual,From 20 to 64 years,Percentage
Slovenia,2019,Females,60 months or over,63.7,,,ESTAT:LFSA_EGAD(1.0),2017-04-26 11:00:00,Annual,From 20 to 64 years,Percentage
Slovenia,2020,Females,60 months or over,63.8,,,ESTAT:LFSA_EGAD(1.0),2017-04-26 11:00:00,Annual,From 20 to 64 years,Percentage
Slovenia,2021,Females,60 months or over,66.1,b,,ESTAT:LFSA_EGAD(1.0),2017-04-26 11:00:00,Annual,From 20 to 64 years,Percentage
Slovenia,2022,Females,60 months or over,65.8,,,ESTAT:LFSA_EGAD(1.0),2017-04-26 11:00:00,Annual,From 20 to 64 years,Percentage
Slovenia,2023,Females,60 months or over,64.4,,,ESTAT:LFSA_EGAD(1.0),2017-04-26 11:00:00,Annual,From 20 to 64 years,Percentage
Slovenia,2024,Females,60 months or over,64.8,,,ESTAT:LFSA_EGAD(1.0),2017-04-26 11:00:00,Annual,From 20 to 64 years,Percentage
Slovenia,2025,Females,60 months or over,66.5,,,ESTAT:LFSA_EGAD(1.0),2017-04-26 11:00:00,Annual,From 20 to 64 years,Percentage
Slovakia,2016,Females,60 months or over,62.2,,,ESTAT:LFSA_EGAD(1.0),2017-04-26 11:00:00,Annual,From 20 to 64 years,Percentage
Slovakia,2017,Females,60 months or over,60.9,,,ESTAT:LFSA_EGAD(1.0),2017-04-26 11:00:00,Annual,From 20 to 64 years,Percentage
Slovakia,2018,Females,60 months or over,61.9,,,ESTAT:LFSA_EGAD(1.0),2017-04-26 11:00:00,Annual,From 20 to 64 years,Percentage
Slovakia,2019,Females,60 months or over,61.8,,,ESTAT:LFSA_EGAD(1.0),2017-04-26 11:00:00,Annual,From 20 to 64 years,Percentage
Slovakia,2020,Females,60 months or over,63.2,,,ESTAT:LFSA_EGAD(1.0),2017-04-26 11:00:00,Annual,From 20 to 64 years,Percentage
Slovakia,2021,Females,60 months or over,67.6,b,,ESTAT:LFSA_EGAD(1.0),2017-04-26 11:00:00,Annual,From 20 to 64 years,Percentage
Slovakia,2022,Females,60 months or over,66.4,,,ESTAT:LFSA_EGAD(1.0),2017-04-26 11:00:00,Annual,From 20 to 64 years,Percentage
Slovakia,2023,Females,60 months or over,68.6,,,ESTAT:LFSA_EGAD(1.0),2017-04-26 11:00:00,Annual,From 20 to 64 years,Percentage
Slovakia,2024,Females,60 months or over,67.4,,,ESTAT:LFSA_EGAD(1.0),2017-04-26 11:00:00,Annual,From 20 to 64 years,Percentage
Slovakia,2025,Females,60 months or over,69.1,,,ESTAT:LFSA_EGAD(1.0),2017-04-26 11:00:00,Annual,From 20 to 64 years,Percentage
Türkiye,2016,Females,60 months or over,47.6,,,ESTAT:LFSA_EGAD(1.0),2017-04-26 11:00:00,Annual,From 20 to 64 years,Percentage
Türkiye,2017,Females,60 months or over,47.7,,,ESTAT:LFSA_EGAD(1.0),2017-04-26 11:00:00,Annual,From 20 to 64 years,Percentage
Türkiye,2018,Females,60 months or over,46.3,,,ESTAT:LFSA_EGAD(1.0),2017-04-26 11:00:00,Annual,From 20 to 64 years,Percentage
Türkiye,2019,Females,60 months or over,47.5,,,ESTAT:LFSA_EGAD(1.0),2017-04-26 11:00:00,Annual,From 20 to 64 years,Percentage
Türkiye,2020,Females,60 months or over,48.2,,,ESTAT:LFSA_EGAD(1.0),2017-04-26 11:00:00,Annual,From 20 to 64 years,Percentage
Türkiye,2021,Females,60 months or over,47.1,b,,ESTAT:LFSA_EGAD(1.0),2017-04-26 11:00:00,Annual,From 20 to 64 years,Percentage
Türkiye,2022,Females,60 months or over,46.0,,,ESTAT:LFSA_EGAD(1.0),2017-04-26 11:00:00,Annual,From 20 to 64 years,Percentage
Türkiye,2023,Females,60 months or over,45.9,,,ESTAT:LFSA_EGAD(1.0),2017-04-26 11:00:00,Annual,From 20 to 64 years,Percentage
Türkiye,2024,Females,60 months or over,45.2,,,ESTAT:LFSA_EGAD(1.0),2017-04-26 11:00:00,Annual,From 20 to 64 years,Percentage
Türkiye,2025,Females,60 months or over,44.9,,,ESTAT:LFSA_EGAD(1.0),2017-04-26 11:00:00,Annual,From 20 to 64 years,Percentage
United Kingdom,2016,Females,60 months or over,52.1,,,ESTAT:LFSA_EGAD(1.0),2017-04-26 11:00:00,Annual,From 20 to 64 years,Percentage
United Kingdom,2017,Females,60 months or over,51.6,,,ESTAT:LFSA_EGAD(1.0),2017-04-26 11:00:00,Annual,From 20 to 64 years,Percentage
United Kingdom,2018,Females,60 months or over,51.7,,,ESTAT:LFSA_EGAD(1.0),2017-04-26 11:00:00,Annual,From 20 to 64 years,Percentage
United Kingdom,2019,Females,60 months or over,50.9,,,ESTAT:LFSA_EGAD(1.0),2017-04-26 11:00:00,Annual,From 20 to 64 years,Percentage
Austria,2016,Males,60 months or over,62.3,,,ESTAT:LFSA_EGAD(1.0),2017-04-26 11:00:00,Annual,From 20 to 64 years,Percentage
Austria,2017,Males,60 months or over,61.5,,,ESTAT:LFSA_EGAD(1.0),2017-04-26 11:00:00,Annual,From 20 to 64 years,Percentage
Austria,2018,Males,60 months or over,61.1,,,ESTAT:LFSA_EGAD(1.0),2017-04-26 11:00:00,Annual,From 20 to 64 years,Percentage
Austria,2019,Males,60 months or over,60.5,,,ESTAT:LFSA_EGAD(1.0),2017-04-26 11:00:00,Annual,From 20 to 64 years,Percentage
Austria,2020,Males,60 months or over,61.4,,,ESTAT:LFSA_EGAD(1.0),2017-04-26 11:00:00,Annual,From 20 to 64 years,Percentage
Austria,2021,Males,60 months or over,61.9,b,,ESTAT:LFSA_EGAD(1.0),2017-04-26 11:00:00,Annual,From 20 to 64 years,Percentage
Austria,2022,Males,60 months or over,61.2,,,ESTAT:LFSA_EGAD(1.0),2017-04-26 11:00:00,Annual,From 20 to 64 years,Percentage
Austria,2023,Males,60 months or over,60.9,,,ESTAT:LFSA_EGAD(1.0),2017-04-26 11:00:00,Annual,From 20 to 64 years,Percentage
Austria,2024,Males,60 months or over,61.4,,,ESTAT:LFSA_EGAD(1.0),2017-04-26 11:00:00,Annual,From 20 to 64 years,Percentage
Austria,2025,Males,60 months or over,61.3,,,ESTAT:LFSA_EGAD(1.0),2017-04-26 11:00:00,Annual,From 20 to 64 years,Percentage
Bosnia and Herzegovina,2021,Males,60 months or over,64.9,b,,ESTAT:LFSA_EGAD(1.0),2017-04-26 11:00:00,Annual,From 20 to 64 years,Percentage
Bosnia and Herzegovina,2022,Males,60 months or over,69.2,,,ESTAT:LFSA_EGAD(1.0),2017-04-26 11:00:00,Annual,From 20 to 64 years,Percentage
Bosnia and Herzegovina,2023,Males,60 months or over,71.8,,,ESTAT:LFSA_EGAD(1.0),2017-04-26 11:00:00,Annual,From 20 to 64 years,Percentage
Bosnia and Herzegovina,2024,Males,60 months or over,72.4,,,ESTAT:LFSA_EGAD(1.0),2017-04-26 11:00:00,Annual,From 20 to 64 years,Percentage
Bosnia and Herzegovina,2025,Males,60 months or over,75.1,,,ESTAT:LFSA_EGAD(1.0),2017-04-26 11:00:00,Annual,From 20 to 64 years,Percentage
Belgium,2016,Males,60 months or over,65.7,,,ESTAT:LFSA_EGAD(1.0),2017-04-26 11:00:00,Annual,From 20 to 64 years,Percentage
Belgium,2017,Males,60 months or over,64.7,b,,ESTAT:LFSA_EGAD(1.0),2017-04-26 11:00:00,Annual,From 20 to 64 years,Percentage
Belgium,2018,Males,60 months or over,64.4,,,ESTAT:LFSA_EGAD(1.0),2017-04-26 11:00:00,Annual,From 20 to 64 years,Percentage
Belgium,2019,Males,60 months or over,62.4,,,ESTAT:LFSA_EGAD(1.0),2017-04-26 11:00:00,Annual,From 20 to 64 years,Percentage
Belgium,2020,Males,60 months or over,62.9,,,ESTAT:LFSA_EGAD(1.0),2017-04-26 11:00:00,Annual,From 20 to 64 years,Percentage
Belgium,2021,Males,60 months or over,62.4,b,,ESTAT:LFSA_EGAD(1.0),2017-04-26 11:00:00,Annual,From 20 to 64 years,Percentage
Belgium,2022,Males,60 months or over,63.4,,,ESTAT:LFSA_EGAD(1.0),2017-04-26 11:00:00,Annual,From 20 to 64 years,Percentage
Belgium,2023,Males,60 months or over,64.2,,,ESTAT:LFSA_EGAD(1.0),2017-04-26 11:00:00,Annual,From 20 to 64 years,Percentage
Belgium,2024,Males,60 months or over,64.3,,,ESTAT:LFSA_EGAD(1.0),2017-04-26 11:00:00,Annual,From 20 to 64 years,Percentage
Belgium,2025,Males,60 months or over,63.8,,,ESTAT:LFSA_EGAD(1.0),2017-04-26 11:00:00,Annual,From 20 to 64 years,Percentage
Bulgaria,2016,Males,60 months or over,64.4,,,ESTAT:LFSA_EGAD(1.0),2017-04-26 11:00:00,Annual,From 20 to 64 years,Percentage
Bulgaria,2017,Males,60 months or over,64.8,,,ESTAT:LFSA_EGAD(1.0),2017-04-26 11:00:00,Annual,From 20 to 64 years,Percentage
Bulgaria,2018,Males,60 months or over,65.6,,,ESTAT:LFSA_EGAD(1.0),2017-04-26 11:00:00,Annual,From 20 to 64 years,Percentage
Bulgaria,2019,Males,60 months or over,66.7,b,,ESTAT:LFSA_EGAD(1.0),2017-04-26 11:00:00,Annual,From 20 to 64 years,Percentage
Bulgaria,2020,Males,60 months or over,69.3,,,ESTAT:LFSA_EGAD(1.0),2017-04-26 11:00:00,Annual,From 20 to 64 years,Percentage
Bulgaria,2021,Males,60 months or over,70.3,b,,ESTAT:LFSA_EGAD(1.0),2017-04-26 11:00:00,Annual,From 20 to 64 years,Percentage
Bulgaria,2022,Males,60 months or over,70.3,,,ESTAT:LFSA_EGAD(1.0),2017-04-26 11:00:00,Annual,From 20 to 64 years,Percentage
Bulgaria,2023,Males,60 months or over,72.1,,,ESTAT:LFSA_EGAD(1.0),2017-04-26 11:00:00,Annual,From 20 to 64 years,Percentage
Bulgaria,2024,Males,60 months or over,72.5,b,,ESTAT:LFSA_EGAD(1.0),2017-04-26 11:00:00,Annual,From 20 to 64 years,Percentage
Bulgaria,2025,Males,60 months or over,72.9,,,ESTAT:LFSA_EGAD(1.0),2017-04-26 11:00:00,Annual,From 20 to 64 years,Percentage
Switzerland,2016,Males,60 months or over,56.1,,,ESTAT:LFSA_EGAD(1.0),2017-04-26 11:00:00,Annual,From 20 to 64 years,Percentage
Switzerland,2017,Males,60 months or over,55.8,,,ESTAT:LFSA_EGAD(1.0),2017-04-26 11:00:00,Annual,From 20 to 64 years,Percentage
Switzerland,2018,Males,60 months or over,55.1,,,ESTAT:LFSA_EGAD(1.0),2017-04-26 11:00:00,Annual,From 20 to 64 years,Percentage
Switzerland,2019,Males,60 months or over,54.6,,,ESTAT:LFSA_EGAD(1.0),2017-04-26 11:00:00,Annual,From 20 to 64 years,Percentage
Switzerland,2020,Males,60 months or over,55.1,,,ESTAT:LFSA_EGAD(1.0),2017-04-26 11:00:00,Annual,From 20 to 64 years,Percentage
Switzerland,2021,Males,60 months or over,54.2,b,,ESTAT:LFSA_EGAD(1.0),2017-04-26 11:00:00,Annual,From 20 to 64 years,Percentage
Switzerland,2022,Males,60 months or over,53.8,,,ESTAT:LFSA_EGAD(1.0),2017-04-26 11:00:00,Annual,From 20 to 64 years,Percentage
Switzerland,2023,Males,60 months or over,53.1,,,ESTAT:LFSA_EGAD(1.0),2017-04-26 11:00:00,Annual,From 20 to 64 years,Percentage
Switzerland,2024,Males,60 months or over,53.4,,,ESTAT:LFSA_EGAD(1.0),2017-04-26 11:00:00,Annual,From 20 to 64 years,Percentage
Switzerland,2025,Males,60 months or over,53.4,,,ESTAT:LFSA_EGAD(1.0),2017-04-26 11:00:00,Annual,From 20 to 64 years,Percentage
Cyprus,2016,Males,60 months or over,58.7,,,ESTAT:LFSA_EGAD(1.0),2017-04-26 11:00:00,Annual,From 20 to 64 years,Percentage
Cyprus,2017,Males,60 months or over,57.8,,,ESTAT:LFSA_EGAD(1.0),2017-04-26 11:00:00,Annual,From 20 to 64 years,Percentage
Cyprus,2018,Males,60 months or over,55.5,,,ESTAT:LFSA_EGAD(1.0),2017-04-26 11:00:00,Annual,From 20 to 64 years,Percentage
Cyprus,2019,Males,60 months or over,51.2,,,ESTAT:LFSA_EGAD(1.0),2017-04-26 11:00:00,Annual,From 20 to 64 years,Percentage
Cyprus,2020,Males,60 months or over,51.6,,,ESTAT:LFSA_EGAD(1.0),2017-04-26 11:00:00,Annual,From 20 to 64 years,Percentage
Cyprus,2021,Males,60 months or over,53.4,b,,ESTAT:LFSA_EGAD(1.0),2017-04-26 11:00:00,Annual,From 20 to 64 years,Percentage
Cyprus,2022,Males,60 months or over,54.7,,,ESTAT:LFSA_EGAD(1.0),2017-04-26 11:00:00,Annual,From 20 to 64 years,Percentage
Cyprus,2023,Males,60 months or over,56.7,,,ESTAT:LFSA_EGAD(1.0),2017-04-26 11:00:00,Annual,From 20 to 64 years,Percentage
Cyprus,2024,Males,60 months or over,56.7,,,ESTAT:LFSA_EGAD(1.0),2017-04-26 11:00:00,Annual,From 20 to 64 years,Percentage
Cyprus,2025,Males,60 months or over,54.9,,,ESTAT:LFSA_EGAD(1.0),2017-04-26 11:00:00,Annual,From 20 to 64 years,Percentage
Czechia,2016,Males,60 months or over,69.1,,,ESTAT:LFSA_EGAD(1.0),2017-04-26 11:00:00,Annual,From 20 to 64 years,Percentage
Czechia,2017,Males,60 months or over,67.8,,,ESTAT:LFSA_EGAD(1.0),2017-04-26 11:00:00,Annual,From 20 to 64 years,Percentage
Czechia,2018,Males,60 months or over,67.0,,,ESTAT:LFSA_EGAD(1.0),2017-04-26 11:00:00,Annual,From 20 to 64 years,Percentage
Czechia,2019,Males,60 months or over,67.5,,,ESTAT:LFSA_EGAD(1.0),2017-04-26 11:00:00,Annual,From 20 to 64 years,Percentage
Czechia,2020,Males,60 months or over,69.1,,,ESTAT:LFSA_EGAD(1.0),2017-04-26 11:00:00,Annual,From 20 to 64 years,Percentage
Czechia,2021,Males,60 months or over,69.5,b,,ESTAT:LFSA_EGAD(1.0),2017-04-26 11:00:00,Annual,From 20 to 64 years,Percentage
Czechia,2022,Males,60 months or over,70.3,,,ESTAT:LFSA_EGAD(1.0),2017-04-26 11:00:00,Annual,From 20 to 64 years,Percentage
Czechia,2023,Males,60 months or over,69.1,,,ESTAT:LFSA_EGAD(1.0),2017-04-26 11:00:00,Annual,From 20 to 64 years,Percentage
Czechia,2024,Males,60 months or over,67.6,,,ESTAT:LFSA_EGAD(1.0),2017-04-26 11:00:00,Annual,From 20 to 64 years,Percentage
Czechia,2025,Males,60 months or over,68.7,,,ESTAT:LFSA_EGAD(1.0),2017-04-26 11:00:00,Annual,From 20 to 64 years,Percentage
Germany,2016,Males,60 months or over,61.1,,,ESTAT:LFSA_EGAD(1.0),2017-04-26 11:00:00,Annual,From 20 to 64 years,Percentage
Germany,2017,Males,60 months or over,61.0,,,ESTAT:LFSA_EGAD(1.0),2017-04-26 11:00:00,Annual,From 20 to 64 years,Percentage
Germany,2018,Males,60 months or over,60.3,,,ESTAT:LFSA_EGAD(1.0),2017-04-26 11:00:00,Annual,From 20 to 64 years,Percentage
Germany,2019,Males,60 months or over,59.8,,,ESTAT:LFSA_EGAD(1.0),2017-04-26 11:00:00,Annual,From 20 to 64 years,Percentage
Germany,2020,Males,60 months or over,62.2,b,,ESTAT:LFSA_EGAD(1.0),2017-04-26 11:00:00,Annual,From 20 to 64 years,Percentage
Germany,2021,Males,60 months or over,61.2,b,,ESTAT:LFSA_EGAD(1.0),2017-04-26 11:00:00,Annual,From 20 to 64 years,Percentage
Germany,2022,Males,60 months or over,60.1,,,ESTAT:LFSA_EGAD(1.0),2017-04-26 11:00:00,Annual,From 20 to 64 years,Percentage
Germany,2023,Males,60 months or over,59.7,,,ESTAT:LFSA_EGAD(1.0),2017-04-26 11:00:00,Annual,From 20 to 64 years,Percentage
Germany,2024,Males,60 months or over,59.9,,,ESTAT:LFSA_EGAD(1.0),2017-04-26 11:00:00,Annual,From 20 to 64 years,Percentage
Germany,2025,Males,60 months or over,59.5,,,ESTAT:LFSA_EGAD(1.0),2017-04-26 11:00:00,Annual,From 20 to 64 years,Percentage
Denmark,2016,Males,60 months or over,49.2,b,,ESTAT:LFSA_EGAD(1.0),2017-04-26 11:00:00,Annual,From 20 to 64 years,Percentage
Denmark,2017,Males,60 months or over,47.8,b,,ESTAT:LFSA_EGAD(1.0),2017-04-26 11:00:00,Annual,From 20 to 64 years,Percentage
Denmark,2018,Males,60 months or over,47.6,,,ESTAT:LFSA_EGAD(1.0),2017-04-26 11:00:00,Annual,From 20 to 64 years,Percentage
Denmark,2019,Males,60 months or over,47.4,,,ESTAT:LFSA_EGAD(1.0),2017-04-26 11:00:00,Annual,From 20 to 64 years,Percentage
Denmark,2020,Males,60 months or over,46.9,,,ESTAT:LFSA_EGAD(1.0),2017-04-26 11:00:00,Annual,From 20 to 64 years,Percentage
Denmark,2021,Males,60 months or over,47.3,b,,ESTAT:LFSA_EGAD(1.0),2017-04-26 11:00:00,Annual,From 20 to 64 years,Percentage
Denmark,2022,Males,60 months or over,46.9,,,ESTAT:LFSA_EGAD(1.0),2017-04-26 11:00:00,Annual,From 20 to 64 years,Percentage
Denmark,2023,Males,60 months or over,47.3,b,,ESTAT:LFSA_EGAD(1.0),2017-04-26 11:00:00,Annual,From 20 to 64 years,Percentage
Denmark,2024,Males,60 months or over,46.7,,,ESTAT:LFSA_EGAD(1.0),2017-04-26 11:00:00,Annual,From 20 to 64 years,Percentage
Denmark,2025,Males,60 months or over,46.6,,,ESTAT:LFSA_EGAD(1.0),2017-04-26 11:00:00,Annual,From 20 to 64 years,Percentage
Euro area – 21 countries (from 2026),2016,Males,60 months or over,64.3,,,ESTAT:LFSA_EGAD(1.0),2017-04-26 11:00:00,Annual,From 20 to 64 years,Percentage
Euro area – 21 countries (from 2026),2017,Males,60 months or over,63.5,,,ESTAT:LFSA_EGAD(1.0),2017-04-26 11:00:00,Annual,From 20 to 64 years,Percentage
Euro area – 21 countries (from 2026),2018,Males,60 months or over,62.2,,,ESTAT:LFSA_EGAD(1.0),2017-04-26 11:00:00,Annual,From 20 to 64 years,Percentage
Euro area – 21 countries (from 2026),2019,Males,60 months or over,61.4,,,ESTAT:LFSA_EGAD(1.0),2017-04-26 11:00:00,Annual,From 20 to 64 years,Percentage
Euro area – 21 countries (from 2026),2020,Males,60 months or over,62.8,,,ESTAT:LFSA_EGAD(1.0),2017-04-26 11:00:00,Annual,From 20 to 64 years,Percentage
Euro area – 21 countries (from 2026),2021,Males,60 months or over,61.8,b,,ESTAT:LFSA_EGAD(1.0),2017-04-26 11:00:00,Annual,From 20 to 64 years,Percentage
Euro area – 21 countries (from 2026),2022,Males,60 months or over,61.0,,,ESTAT:LFSA_EGAD(1.0),2017-04-26 11:00:00,Annual,From 20 to 64 years,Percentage
Euro area – 21 countries (from 2026),2023,Males,60 months or over,61.1,,,ESTAT:LFSA_EGAD(1.0),2017-04-26 11:00:00,Annual,From 20 to 64 years,Percentage
Euro area – 21 countries (from 2026),2024,Males,60 months or over,61.3,,,ESTAT:LFSA_EGAD(1.0),2017-04-26 11:00:00,Annual,From 20 to 64 years,Percentage
Euro area – 21 countries (from 2026),2025,Males,60 months or over,61.1,,,ESTAT:LFSA_EGAD(1.0),2017-04-26 11:00:00,Annual,From 20 to 64 years,Percentage
Estonia,2016,Males,60 months or over,51.4,,,ESTAT:LFSA_EGAD(1.0),2017-04-26 11:00:00,Annual,From 20 to 64 years,Percentage
Estonia,2017,Males,60 months or over,52.4,,,ESTAT:LFSA_EGAD(1.0),2017-04-26 11:00:00,Annual,From 20 to 64 years,Percentage
Estonia,2018,Males,60 months or over,50.8,,,ESTAT:LFSA_EGAD(1.0),2017-04-26 11:00:00,Annual,From 20 to 64 years,Percentage
Estonia,2019,Males,60 months or over,50.7,,,ESTAT:LFSA_EGAD(1.0),2017-04-26 11:00:00,Annual,From 20 to 64 years,Percentage
Estonia,2020,Males,60 months or over,52.1,,,ESTAT:LFSA_EGAD(1.0),2017-04-26 11:00:00,Annual,From 20 to 64 years,Percentage
Estonia,2021,Males,60 months or over,52.5,b,,ESTAT:LFSA_EGAD(1.0),2017-04-26 11:00:00,Annual,From 20 to 64 years,Percentage
Estonia,2022,Males,60 months or over,52.6,,,ESTAT:LFSA_EGAD(1.0),2017-04-26 11:00:00,Annual,From 20 to 64 years,Percentage
Estonia,2023,Males,60 months or over,53.7,,,ESTAT:LFSA_EGAD(1.0),2017-04-26 11:00:00,Annual,From 20 to 64 years,Percentage
Estonia,2024,Males,60 months or over,53.2,,,ESTAT:LFSA_EGAD(1.0),2017-04-26 11:00:00,Annual,From 20 to 64 years,Percentage
Estonia,2025,Males,60 months or over,54.8,,,ESTAT:LFSA_EGAD(1.0),2017-04-26 11:00:00,Annual,From 20 to 64 years,Percentage
Greece,2016,Males,60 months or over,72.1,,,ESTAT:LFSA_EGAD(1.0),2017-04-26 11:00:00,Annual,From 20 to 64 years,Percentage
Greece,2017,Males,60 months or over,71.7,,,ESTAT:LFSA_EGAD(1.0),2017-04-26 11:00:00,Annual,From 20 to 64 years,Percentage
Greece,2018,Males,60 months or over,71.3,,,ESTAT:LFSA_EGAD(1.0),2017-04-26 11:00:00,Annual,From 20 to 64 years,Percentage
Greece,2019,Males,60 months or over,70.2,,,ESTAT:LFSA_EGAD(1.0),2017-04-26 11:00:00,Annual,From 20 to 64 years,Percentage
Greece,2020,Males,60 months or over,72.4,,,ESTAT:LFSA_EGAD(1.0),2017-04-26 11:00:00,Annual,From 20 to 64 years,Percentage
Greece,2021,Males,60 months or over,70.8,b,,ESTAT:LFSA_EGAD(1.0),2017-04-26 11:00:00,Annual,From 20 to 64 years,Percentage
Greece,2022,Males,60 months or over,70.6,,,ESTAT:LFSA_EGAD(1.0),2017-04-26 11:00:00,Annual,From 20 to 64 years,Percentage
Greece,2023,Males,60 months or over,70.5,,,ESTAT:LFSA_EGAD(1.0),2017-04-26 11:00:00,Annual,From 20 to 64 years,Percentage
Greece,2024,Males,60 months or over,70.9,,,ESTAT:LFSA_EGAD(1.0),2017-04-26 11:00:00,Annual,From 20 to 64 years,Percentage
Greece,2025,Males,60 months or over,69.2,,,ESTAT:LFSA_EGAD(1.0),2017-04-26 11:00:00,Annual,From 20 to 64 years,Percentage
Spain,2016,Males,60 months or over,63.0,,,ESTAT:LFSA_EGAD(1.0),2017-04-26 11:00:00,Annual,From 20 to 64 years,Percentage
Spain,2017,Males,60 months or over,61.4,,,ESTAT:LFSA_EGAD(1.0),2017-04-26 11:00:00,Annual,From 20 to 64 years,Percentage
Spain,2018,Males,60 months or over,59.4,,,ESTAT:LFSA_EGAD(1.0),2017-04-26 11:00:00,Annual,From 20 to 64 years,Percentage
Spain,2019,Males,60 months or over,58.7,,,ESTAT:LFSA_EGAD(1.0),2017-04-26 11:00:00,Annual,From 20 to 64 years,Percentage
Spain,2020,Males,60 months or over,60.9,,,ESTAT:LFSA_EGAD(1.0),2017-04-26 11:00:00,Annual,From 20 to 64 years,Percentage
Spain,2021,Males,60 months or over,61.1,bd,,ESTAT:LFSA_EGAD(1.0),2017-04-26 11:00:00,Annual,From 20 to 64 years,Percentage
Spain,2022,Males,60 months or over,59.9,d,,ESTAT:LFSA_EGAD(1.0),2017-04-26 11:00:00,Annual,From 20 to 64 years,Percentage
Spain,2023,Males,60 months or over,59.5,d,,ESTAT:LFSA_EGAD(1.0),2017-04-26 11:00:00,Annual,From 20 to 64 years,Percentage
Spain,2024,Males,60 months or over,58.8,d,,ESTAT:LFSA_EGAD(1.0),2017-04-26 11:00:00,Annual,From 20 to 64 years,Percentage
Spain,2025,Males,60 months or over,57.5,d,,ESTAT:LFSA_EGAD(1.0),2017-04-26 11:00:00,Annual,From 20 to 64 years,Percentage
European Union - 27 countries (from 2020),2016,Males,60 months or over,63.7,,,ESTAT:LFSA_EGAD(1.0),2017-04-26 11:00:00,Annual,From 20 to 64 years,Percentage
European Union - 27 countries (from 2020),2017,Males,60 months or over,62.9,,,ESTAT:LFSA_EGAD(1.0),2017-04-26 11:00:00,Annual,From 20 to 64 years,Percentage
European Union - 27 countries (from 2020),2018,Males,60 months or over,61.6,,,ESTAT:LFSA_EGAD(1.0),2017-04-26 11:00:00,Annual,From 20 to 64 years,Percentage
European Union - 27 countries (from 2020),2019,Males,60 months or over,61.0,,,ESTAT:LFSA_EGAD(1.0),2017-04-26 11:00:00,Annual,From 20 to 64 years,Percentage
European Union - 27 countries (from 2020),2020,Males,60 months or over,62.5,,,ESTAT:LFSA_EGAD(1.0),2017-04-26 11:00:00,Annual,From 20 to 64 years,Percentage
European Union - 27 countries (from 2020),2021,Males,60 months or over,61.6,b,,ESTAT:LFSA_EGAD(1.0),2017-04-26 11:00:00,Annual,From 20 to 64 years,Percentage
European Union - 27 countries (from 2020),2022,Males,60 months or over,61.2,,,ESTAT:LFSA_EGAD(1.0),2017-04-26 11:00:00,Annual,From 20 to 64 years,Percentage
European Union - 27 countries (from 2020),2023,Males,60 months or over,61.5,,,ESTAT:LFSA_EGAD(1.0),2017-04-26 11:00:00,Annual,From 20 to 64 years,Percentage
European Union - 27 countries (from 2020),2024,Males,60 months or over,61.7,,,ESTAT:LFSA_EGAD(1.0),2017-04-26 11:00:00,Annual,From 20 to 64 years,Percentage
European Union - 27 countries (from 2020),2025,Males,60 months or over,61.7,,,ESTAT:LFSA_EGAD(1.0),2017-04-26 11:00:00,Annual,From 20 to 64 years,Percentage
Finland,2016,Males,60 months or over,59.2,,,ESTAT:LFSA_EGAD(1.0),2017-04-26 11:00:00,Annual,From 20 to 64 years,Percentage
Finland,2017,Males,60 months or over,58.3,,,ESTAT:LFSA_EGAD(1.0),2017-04-26 11:00:00,Annual,From 20 to 64 years,Percentage
Finland,2018,Males,60 months or over,56.4,,,ESTAT:LFSA_EGAD(1.0),2017-04-26 11:00:00,Annual,From 20 to 64 years,Percentage
Finland,2019,Males,60 months or over,54.0,,,ESTAT:LFSA_EGAD(1.0),2017-04-26 11:00:00,Annual,From 20 to 64 years,Percentage
Finland,2020,Males,60 months or over,54.1,,,ESTAT:LFSA_EGAD(1.0),2017-04-26 11:00:00,Annual,From 20 to 64 years,Percentage
Finland,2021,Males,60 months or over,52.2,b,,ESTAT:LFSA_EGAD(1.0),2017-04-26 11:00:00,Annual,From 20 to 64 years,Percentage
Finland,2022,Males,60 months or over,52.5,,,ESTAT:LFSA_EGAD(1.0),2017-04-26 11:00:00,Annual,From 20 to 64 years,Percentage
Finland,2023,Males,60 months or over,52.3,,,ESTAT:LFSA_EGAD(1.0),2017-04-26 11:00:00,Annual,From 20 to 64 years,Percentage
Finland,2024,Males,60 months or over,53.5,,,ESTAT:LFSA_EGAD(1.0),2017-04-26 11:00:00,Annual,From 20 to 64 years,Percentage
Finland,2025,Males,60 months or over,53.3,,,ESTAT:LFSA_EGAD(1.0),2017-04-26 11:00:00,Annual,From 20 to 64 years,Percentage
France,2016,Males,60 months or over,65.2,,,ESTAT:LFSA_EGAD(1.0),2017-04-26 11:00:00,Annual,From 20 to 64 years,Percentage
France,2017,Males,60 months or over,63.9,,,ESTAT:LFSA_EGAD(1.0),2017-04-26 11:00:00,Annual,From 20 to 64 years,Percentage
France,2018,Males,60 months or over,62.1,,,ESTAT:LFSA_EGAD(1.0),2017-04-26 11:00:00,Annual,From 20 to 64 years,Percentage
France,2019,Males,60 months or over,60.9,,,ESTAT:LFSA_EGAD(1.0),2017-04-26 11:00:00,Annual,From 20 to 64 years,Percentage
France,2020,Males,60 months or over,60.9,,,ESTAT:LFSA_EGAD(1.0),2017-04-26 11:00:00,Annual,From 20 to 64 years,Percentage
France,2021,Males,60 months or over,58.6,bd,,ESTAT:LFSA_EGAD(1.0),2017-04-26 11:00:00,Annual,From 20 to 64 years,Percentage
France,2022,Males,60 months or over,57.8,d,,ESTAT:LFSA_EGAD(1.0),2017-04-26 11:00:00,Annual,From 20 to 64 years,Percentage
France,2023,Males,60 months or over,58.9,d,,ESTAT:LFSA_EGAD(1.0),2017-04-26 11:00:00,Annual,From 20 to 64 years,Percentage
France,2024,Males,60 months or over,58.8,d,,ESTAT:LFSA_EGAD(1.0),2017-04-26 11:00:00,Annual,From 20 to 64 years,Percentage
France,2025,Males,60 months or over,57.9,d,,ESTAT:LFSA_EGAD(1.0),2017-04-26 11:00:00,Annual,From 20 to 64 years,Percentage
Croatia,2016,Males,60 months or over,62.6,,,ESTAT:LFSA_EGAD(1.0),2017-04-26 11:00:00,Annual,From 20 to 64 years,Percentage
Croatia,2017,Males,60 months or over,60.6,,,ESTAT:LFSA_EGAD(1.0),2017-04-26 11:00:00,Annual,From 20 to 64 years,Percentage
Croatia,2018,Males,60 months or over,59.1,,,ESTAT:LFSA_EGAD(1.0),2017-04-26 11:00:00,Annual,From 20 to 64 years,Percentage
Croatia,2019,Males,60 months or over,58.7,,,ESTAT:LFSA_EGAD(1.0),2017-04-26 11:00:00,Annual,From 20 to 64 years,Percentage
Croatia,2020,Males,60 months or over,59.8,,,ESTAT:LFSA_EGAD(1.0),2017-04-26 11:00:00,Annual,From 20 to 64 years,Percentage
Croatia,2021,Males,60 months or over,63.1,b,,ESTAT:LFSA_EGAD(1.0),2017-04-26 11:00:00,Annual,From 20 to 64 years,Percentage
Croatia,2022,Males,60 months or over,61.1,,,ESTAT:LFSA_EGAD(1.0),2017-04-26 11:00:00,Annual,From 20 to 64 years,Percentage
Croatia,2023,Males,60 months or over,63.0,,,ESTAT:LFSA_EGAD(1.0),2017-04-26 11:00:00,Annual,From 20 to 64 years,Percentage
Croatia,2024,Males,60 months or over,64.2,,,ESTAT:LFSA_EGAD(1.0),2017-04-26 11:00:00,Annual,From 20 to 64 years,Percentage
Croatia,2025,Males,60 months or over,64.6,,,ESTAT:LFSA_EGAD(1.0),2017-04-26 11:00:00,Annual,From 20 to 64 years,Percentage
Hungary,2016,Males,60 months or over,58.5,,,ESTAT:LFSA_EGAD(1.0),2017-04-26 11:00:00,Annual,From 20 to 64 years,Percentage
Hungary,2017,Males,60 months or over,57.4,,,ESTAT:LFSA_EGAD(1.0),2017-04-26 11:00:00,Annual,From 20 to 64 years,Percentage
Hungary,2018,Males,60 months or over,57.0,b,,ESTAT:LFSA_EGAD(1.0),2017-04-26 11:00:00,Annual,From 20 to 64 years,Percentage
Hungary,2019,Males,60 months or over,57.4,,,ESTAT:LFSA_EGAD(1.0),2017-04-26 11:00:00,Annual,From 20 to 64 years,Percentage
Hungary,2020,Males,60 months or over,57.3,,,ESTAT:LFSA_EGAD(1.0),2017-04-26 11:00:00,Annual,From 20 to 64 years,Percentage
Hungary,2021,Males,60 months or over,58.5,b,,ESTAT:LFSA_EGAD(1.0),2017-04-26 11:00:00,Annual,From 20 to 64 years,Percentage
Hungary,2022,Males,60 months or over,58.2,,,ESTAT:LFSA_EGAD(1.0),2017-04-26 11:00:00,Annual,From 20 to 64 years,Percentage
Hungary,2023,Males,60 months or over,58.8,,,ESTAT:LFSA_EGAD(1.0),2017-04-26 11:00:00,Annual,From 20 to 64 years,Percentage
Hungary,2024,Males,60 months or over,59.3,,,ESTAT:LFSA_EGAD(1.0),2017-04-26 11:00:00,Annual,From 20 to 64 years,Percentage
Hungary,2025,Males,60 months or over,61.7,,,ESTAT:LFSA_EGAD(1.0),2017-04-26 11:00:00,Annual,From 20 to 64 years,Percentage
Ireland,2016,Males,60 months or over,55.0,,,ESTAT:LFSA_EGAD(1.0),2017-04-26 11:00:00,Annual,From 20 to 64 years,Percentage
Ireland,2017,Males,60 months or over,52.9,b,,ESTAT:LFSA_EGAD(1.0),2017-04-26 11:00:00,Annual,From 20 to 64 years,Percentage
Ireland,2018,Males,60 months or over,50.8,,,ESTAT:LFSA_EGAD(1.0),2017-04-26 11:00:00,Annual,From 20 to 64 years,Percentage
Ireland,2019,Males,60 months or over,50.9,,,ESTAT:LFSA_EGAD(1.0),2017-04-26 11:00:00,Annual,From 20 to 64 years,Percentage
Ireland,2020,Males,60 months or over,53.6,,,ESTAT:LFSA_EGAD(1.0),2017-04-26 11:00:00,Annual,From 20 to 64 years,Percentage
Ireland,2021,Males,60 months or over,51.7,b,,ESTAT:LFSA_EGAD(1.0),2017-04-26 11:00:00,Annual,From 20 to 64 years,Percentage
Ireland,2022,Males,60 months or over,51.8,,,ESTAT:LFSA_EGAD(1.0),2017-04-26 11:00:00,Annual,From 20 to 64 years,Percentage
Ireland,2023,Males,60 months or over,51.8,,,ESTAT:LFSA_EGAD(1.0),2017-04-26 11:00:00,Annual,From 20 to 64 years,Percentage
Ireland,2024,Males,60 months or over,51.8,,,ESTAT:LFSA_EGAD(1.0),2017-04-26 11:00:00,Annual,From 20 to 64 years,Percentage
Ireland,2025,Males,60 months or over,53.0,,,ESTAT:LFSA_EGAD(1.0),2017-04-26 11:00:00,Annual,From 20 to 64 years,Percentage
Iceland,2016,Males,60 months or over,52.2,,,ESTAT:LFSA_EGAD(1.0),2017-04-26 11:00:00,Annual,From 20 to 64 years,Percentage
Iceland,2017,Males,60 months or over,51.2,,,ESTAT:LFSA_EGAD(1.0),2017-04-26 11:00:00,Annual,From 20 to 64 years,Percentage
Iceland,2018,Males,60 months or over,48.3,,,ESTAT:LFSA_EGAD(1.0),2017-04-26 11:00:00,Annual,From 20 to 64 years,Percentage
Iceland,2019,Males,60 months or over,50.6,,,ESTAT:LFSA_EGAD(1.0),2017-04-26 11:00:00,Annual,From 20 to 64 years,Percentage
Iceland,2020,Males,60 months or over,51.6,b,,ESTAT:LFSA_EGAD(1.0),2017-04-26 11:00:00,Annual,From 20 to 64 years,Percentage
Iceland,2021,Males,60 months or over,52.0,b,,ESTAT:LFSA_EGAD(1.0),2017-04-26 11:00:00,Annual,From 20 to 64 years,Percentage
Iceland,2022,Males,60 months or over,51.9,,,ESTAT:LFSA_EGAD(1.0),2017-04-26 11:00:00,Annual,From 20 to 64 years,Percentage
Iceland,2023,Males,60 months or over,51.3,,,ESTAT:LFSA_EGAD(1.0),2017-04-26 11:00:00,Annual,From 20 to 64 years,Percentage
Iceland,2024,Males,60 months or over,50.0,,,ESTAT:LFSA_EGAD(1.0),2017-04-26 11:00:00,Annual,From 20 to 64 years,Percentage
Italy,2016,Males,60 months or over,71.9,,,ESTAT:LFSA_EGAD(1.0),2017-04-26 11:00:00,Annual,From 20 to 64 years,Percentage
Italy,2017,Males,60 months or over,71.3,,,ESTAT:LFSA_EGAD(1.0),2017-04-26 11:00:00,Annual,From 20 to 64 years,Percentage
Italy,2018,Males,60 months or over,70.0,b,,ESTAT:LFSA_EGAD(1.0),2017-04-26 11:00:00,Annual,From 20 to 64 years,Percentage
Italy,2019,Males,60 months or over,69.0,,,ESTAT:LFSA_EGAD(1.0),2017-04-26 11:00:00,Annual,From 20 to 64 years,Percentage
Italy,2020,Males,60 months or over,69.6,,,ESTAT:LFSA_EGAD(1.0),2017-04-26 11:00:00,Annual,From 20 to 64 years,Percentage
Italy,2021,Males,60 months or over,68.4,b,,ESTAT:LFSA_EGAD(1.0),2017-04-26 11:00:00,Annual,From 20 to 64 years,Percentage
Italy,2022,Males,60 months or over,67.2,,,ESTAT:LFSA_EGAD(1.0),2017-04-26 11:00:00,Annual,From 20 to 64 years,Percentage
Italy,2023,Males,60 months or over,67.5,,,ESTAT:LFSA_EGAD(1.0),2017-04-26 11:00:00,Annual,From 20 to 64 years,Percentage
Italy,2024,Males,60 months or over,68.3,,,ESTAT:LFSA_EGAD(1.0),2017-04-26 11:00:00,Annual,From 20 to 64 years,Percentage
Italy,2025,Males,60 months or over,70.3,,,ESTAT:LFSA_EGAD(1.0),2017-04-26 11:00:00,Annual,From 20 to 64 years,Percentage
Lithuania,2016,Males,60 months or over,47.3,,,ESTAT:LFSA_EGAD(1.0),2017-04-26 11:00:00,Annual,From 20 to 64 years,Percentage
Lithuania,2017,Males,60 months or over,48.0,,,ESTAT:LFSA_EGAD(1.0),2017-04-26 11:00:00,Annual,From 20 to 64 years,Percentage
Lithuania,2018,Males,60 months or over,47.0,,,ESTAT:LFSA_EGAD(1.0),2017-04-26 11:00:00,Annual,From 20 to 64 years,Percentage
Lithuania,2019,Males,60 months or over,46.5,,,ESTAT:LFSA_EGAD(1.0),2017-04-26 11:00:00,Annual,From 20 to 64 years,Percentage
Lithuania,2020,Males,60 months or over,46.5,,,ESTAT:LFSA_EGAD(1.0),2017-04-26 11:00:00,Annual,From 20 to 64 years,Percentage
Lithuania,2021,Males,60 months or over,53.1,b,,ESTAT:LFSA_EGAD(1.0),2017-04-26 11:00:00,Annual,From 20 to 64 years,Percentage
Lithuania,2022,Males,60 months or over,57.0,,,ESTAT:LFSA_EGAD(1.0),2017-04-26 11:00:00,Annual,From 20 to 64 years,Percentage
Lithuania,2023,Males,60 months or over,58.2,,,ESTAT:LFSA_EGAD(1.0),2017-04-26 11:00:00,Annual,From 20 to 64 years,Percentage
Lithuania,2024,Males,60 months or over,56.0,,,ESTAT:LFSA_EGAD(1.0),2017-04-26 11:00:00,Annual,From 20 to 64 years,Percentage
Lithuania,2025,Males,60 months or over,56.1,,,ESTAT:LFSA_EGAD(1.0),2017-04-26 11:00:00,Annual,From 20 to 64 years,Percentage
Luxembourg,2016,Males,60 months or over,59.2,b,,ESTAT:LFSA_EGAD(1.0),2017-04-26 11:00:00,Annual,From 20 to 64 years,Percentage
Luxembourg,2017,Males,60 months or over,57.4,,,ESTAT:LFSA_EGAD(1.0),2017-04-26 11:00:00,Annual,From 20 to 64 years,Percentage
Luxembourg,2018,Males,60 months or over,56.3,,,ESTAT:LFSA_EGAD(1.0),2017-04-26 11:00:00,Annual,From 20 to 64 years,Percentage
Luxembourg,2019,Males,60 months or over,51.4,,,ESTAT:LFSA_EGAD(1.0),2017-04-26 11:00:00,Annual,From 20 to 64 years,Percentage
Luxembourg,2020,Males,60 months or over,53.1,,,ESTAT:LFSA_EGAD(1.0),2017-04-26 11:00:00,Annual,From 20 to 64 years,Percentage
Luxembourg,2021,Males,60 months or over,61.0,b,,ESTAT:LFSA_EGAD(1.0),2017-04-26 11:00:00,Annual,From 20 to 64 years,Percentage
Luxembourg,2022,Males,60 months or over,63.3,,,ESTAT:LFSA_EGAD(1.0),2017-04-26 11:00:00,Annual,From 20 to 64 years,Percentage
Luxembourg,2023,Males,60 months or over,62.7,,,ESTAT:LFSA_EGAD(1.0),2017-04-26 11:00:00,Annual,From 20 to 64 years,Percentage
Luxembourg,2024,Males,60 months or over,58.1,,,ESTAT:LFSA_EGAD(1.0),2017-04-26 11:00:00,Annual,From 20 to 64 years,Percentage
Luxembourg,2025,Males,60 months or over,59.9,,,ESTAT:LFSA_EGAD(1.0),2017-04-26 11:00:00,Annual,From 20 to 64 years,Percentage
Latvia,2016,Males,60 months or over,54.5,,,ESTAT:LFSA_EGAD(1.0),2017-04-26 11:00:00,Annual,From 20 to 64 years,Percentage
Latvia,2017,Males,60 months or over,54.1,,,ESTAT:LFSA_EGAD(1.0),2017-04-26 11:00:00,Annual,From 20 to 64 years,Percentage
Latvia,2018,Males,60 months or over,53.4,,,ESTAT:LFSA_EGAD(1.0),2017-04-26 11:00:00,Annual,From 20 to 64 years,Percentage
Latvia,2019,Males,60 months or over,53.6,,,ESTAT:LFSA_EGAD(1.0),2017-04-26 11:00:00,Annual,From 20 to 64 years,Percentage
Latvia,2020,Males,60 months or over,56.9,,,ESTAT:LFSA_EGAD(1.0),2017-04-26 11:00:00,Annual,From 20 to 64 years,Percentage
Latvia,2021,Males,60 months or over,55.9,b,,ESTAT:LFSA_EGAD(1.0),2017-04-26 11:00:00,Annual,From 20 to 64 years,Percentage
Latvia,2022,Males,60 months or over,57.5,,,ESTAT:LFSA_EGAD(1.0),2017-04-26 11:00:00,Annual,From 20 to 64 years,Percentage
Latvia,2023,Males,60 months or over,59.3,,,ESTAT:LFSA_EGAD(1.0),2017-04-26 11:00:00,Annual,From 20 to 64 years,Percentage
Latvia,2024,Males,60 months or over,58.6,,,ESTAT:LFSA_EGAD(1.0),2017-04-26 11:00:00,Annual,From 20 to 64 years,Percentage
Latvia,2025,Males,60 months or over,58.8,,,ESTAT:LFSA_EGAD(1.0),2017-04-26 11:00:00,Annual,From 20 to 64 years,Percentage
Montenegro,2016,Males,60 months or over,64.6,,,ESTAT:LFSA_EGAD(1.0),2017-04-26 11:00:00,Annual,From 20 to 64 years,Percentage
Montenegro,2017,Males,60 months or over,63.6,,,ESTAT:LFSA_EGAD(1.0),2017-04-26 11:00:00,Annual,From 20 to 64 years,Percentage
Montenegro,2018,Males,60 months or over,61.5,,,ESTAT:LFSA_EGAD(1.0),2017-04-26 11:00:00,Annual,From 20 to 64 years,Percentage
Montenegro,2019,Males,60 months or over,61.1,,,ESTAT:LFSA_EGAD(1.0),2017-04-26 11:00:00,Annual,From 20 to 64 years,Percentage
Montenegro,2020,Males,60 months or over,63.5,,,ESTAT:LFSA_EGAD(1.0),2017-04-26 11:00:00,Annual,From 20 to 64 years,Percentage
North Macedonia,2016,Males,60 months or over,63.1,,,ESTAT:LFSA_EGAD(1.0),2017-04-26 11:00:00,Annual,From 20 to 64 years,Percentage
North Macedonia,2017,Males,60 months or over,63.0,,,ESTAT:LFSA_EGAD(1.0),2017-04-26 11:00:00,Annual,From 20 to 64 years,Percentage
North Macedonia,2018,Males,60 months or over,62.0,,,ESTAT:LFSA_EGAD(1.0),2017-04-26 11:00:00,Annual,From 20 to 64 years,Percentage
North Macedonia,2019,Males,60 months or over,60.8,,,ESTAT:LFSA_EGAD(1.0),2017-04-26 11:00:00,Annual,From 20 to 64 years,Percentage
North Macedonia,2020,Males,60 months or over,61.9,,,ESTAT:LFSA_EGAD(1.0),2017-04-26 11:00:00,Annual,From 20 to 64 years,Percentage
North Macedonia,2021,Males,60 months or over,63.2,b,,ESTAT:LFSA_EGAD(1.0),2017-04-26 11:00:00,Annual,From 20 to 64 years,Percentage
North Macedonia,2022,Males,60 months or over,63.4,,,ESTAT:LFSA_EGAD(1.0),2017-04-26 11:00:00,Annual,From 20 to 64 years,Percentage
North Macedonia,2023,Males,60 months or over,63.2,,,ESTAT:LFSA_EGAD(1.0),2017-04-26 11:00:00,Annual,From 20 to 64 years,Percentage
North Macedonia,2024,Males,60 months or over,63.2,,,ESTAT:LFSA_EGAD(1.0),2017-04-26 11:00:00,Annual,From 20 to 64 years,Percentage
North Macedonia,2025,Males,60 months or over,64.8,,,ESTAT:LFSA_EGAD(1.0),2017-04-26 11:00:00,Annual,From 20 to 64 years,Percentage
Malta,2016,Males,60 months or over,60.9,,,ESTAT:LFSA_EGAD(1.0),2017-04-26 11:00:00,Annual,From 20 to 64 years,Percentage
Malta,2017,Males,60 months or over,56.9,,,ESTAT:LFSA_EGAD(1.0),2017-04-26 11:00:00,Annual,From 20 to 64 years,Percentage
Malta,2018,Males,60 months or over,54.0,,,ESTAT:LFSA_EGAD(1.0),2017-04-26 11:00:00,Annual,From 20 to 64 years,Percentage
Malta,2019,Males,60 months or over,52.7,,,ESTAT:LFSA_EGAD(1.0),2017-04-26 11:00:00,Annual,From 20 to 64 years,Percentage
Malta,2020,Males,60 months or over,56.2,,,ESTAT:LFSA_EGAD(1.0),2017-04-26 11:00:00,Annual,From 20 to 64 years,Percentage
Malta,2021,Males,60 months or over,55.6,b,,ESTAT:LFSA_EGAD(1.0),2017-04-26 11:00:00,Annual,From 20 to 64 years,Percentage
Malta,2022,Males,60 months or over,55.5,,,ESTAT:LFSA_EGAD(1.0),2017-04-26 11:00:00,Annual,From 20 to 64 years,Percentage
Malta,2023,Males,60 months or over,49.4,,,ESTAT:LFSA_EGAD(1.0),2017-04-26 11:00:00,Annual,From 20 to 64 years,Percentage
Malta,2024,Males,60 months or over,52.3,,,ESTAT:LFSA_EGAD(1.0),2017-04-26 11:00:00,Annual,From 20 to 64 years,Percentage
Malta,2025,Males,60 months or over,51.1,,,ESTAT:LFSA_EGAD(1.0),2017-04-26 11:00:00,Annual,From 20 to 64 years,Percentage
Netherlands,2016,Males,60 months or over,62.5,,,ESTAT:LFSA_EGAD(1.0),2017-04-26 11:00:00,Annual,From 20 to 64 years,Percentage
Netherlands,2017,Males,60 months or over,60.9,,,ESTAT:LFSA_EGAD(1.0),2017-04-26 11:00:00,Annual,From 20 to 64 years,Percentage
Netherlands,2018,Males,60 months or over,59.2,,,ESTAT:LFSA_EGAD(1.0),2017-04-26 11:00:00,Annual,From 20 to 64 years,Percentage
Netherlands,2019,Males,60 months or over,58.0,,,ESTAT:LFSA_EGAD(1.0),2017-04-26 11:00:00,Annual,From 20 to 64 years,Percentage
Netherlands,2020,Males,60 months or over,58.5,,,ESTAT:LFSA_EGAD(1.0),2017-04-26 11:00:00,Annual,From 20 to 64 years,Percentage
Netherlands,2021,Males,60 months or over,54.1,b,,ESTAT:LFSA_EGAD(1.0),2017-04-26 11:00:00,Annual,From 20 to 64 years,Percentage
Netherlands,2022,Males,60 months or over,53.2,,,ESTAT:LFSA_EGAD(1.0),2017-04-26 11:00:00,Annual,From 20 to 64 years,Percentage
Netherlands,2023,Males,60 months or over,52.8,,,ESTAT:LFSA_EGAD(1.0),2017-04-26 11:00:00,Annual,From 20 to 64 years,Percentage
Netherlands,2024,Males,60 months or over,53.6,,,ESTAT:LFSA_EGAD(1.0),2017-04-26 11:00:00,Annual,From 20 to 64 years,Percentage
Netherlands,2025,Males,60 months or over,52.8,,,ESTAT:LFSA_EGAD(1.0),2017-04-26 11:00:00,Annual,From 20 to 64 years,Percentage
Norway,2016,Males,60 months or over,55.6,,,ESTAT:LFSA_EGAD(1.0),2017-04-26 11:00:00,Annual,From 20 to 64 years,Percentage
Norway,2017,Males,60 months or over,56.0,,,ESTAT:LFSA_EGAD(1.0),2017-04-26 11:00:00,Annual,From 20 to 64 years,Percentage
Norway,2018,Males,60 months or over,54.4,,,ESTAT:LFSA_EGAD(1.0),2017-04-26 11:00:00,Annual,From 20 to 64 years,Percentage
Norway,2019,Males,60 months or over,54.7,,,ESTAT:LFSA_EGAD(1.0),2017-04-26 11:00:00,Annual,From 20 to 64 years,Percentage
Norway,2020,Males,60 months or over,55.2,,,ESTAT:LFSA_EGAD(1.0),2017-04-26 11:00:00,Annual,From 20 to 64 years,Percentage
Norway,2021,Males,60 months or over,54.2,b,,ESTAT:LFSA_EGAD(1.0),2017-04-26 11:00:00,Annual,From 20 to 64 years,Percentage
Norway,2022,Males,60 months or over,52.4,,,ESTAT:LFSA_EGAD(1.0),2017-04-26 11:00:00,Annual,From 20 to 64 years,Percentage
Norway,2023,Males,60 months or over,51.5,,,ESTAT:LFSA_EGAD(1.0),2017-04-26 11:00:00,Annual,From 20 to 64 years,Percentage
Norway,2024,Males,60 months or over,53.1,,,ESTAT:LFSA_EGAD(1.0),2017-04-26 11:00:00,Annual,From 20 to 64 years,Percentage
Norway,2025,Males,60 months or over,52.9,,,ESTAT:LFSA_EGAD(1.0),2017-04-26 11:00:00,Annual,From 20 to 64 years,Percentage
Poland,2016,Males,60 months or over,60.6,,,ESTAT:LFSA_EGAD(1.0),2017-04-26 11:00:00,Annual,From 20 to 64 years,Percentage
Poland,2017,Males,60 months or over,60.7,,,ESTAT:LFSA_EGAD(1.0),2017-04-26 11:00:00,Annual,From 20 to 64 years,Percentage
Poland,2018,Males,60 months or over,59.9,,,ESTAT:LFSA_EGAD(1.0),2017-04-26 11:00:00,Annual,From 20 to 64 years,Percentage
Poland,2019,Males,60 months or over,59.4,b,,ESTAT:LFSA_EGAD(1.0),2017-04-26 11:00:00,Annual,From 20 to 64 years,Percentage
Poland,2020,Males,60 months or over,61.3,,,ESTAT:LFSA_EGAD(1.0),2017-04-26 11:00:00,Annual,From 20 to 64 years,Percentage
Poland,2021,Males,60 months or over,61.2,b,,ESTAT:LFSA_EGAD(1.0),2017-04-26 11:00:00,Annual,From 20 to 64 years,Percentage
Poland,2022,Males,60 months or over,62.6,,,ESTAT:LFSA_EGAD(1.0),2017-04-26 11:00:00,Annual,From 20 to 64 years,Percentage
Poland,2023,Males,60 months or over,63.5,,,ESTAT:LFSA_EGAD(1.0),2017-04-26 11:00:00,Annual,From 20 to 64 years,Percentage
Poland,2024,Males,60 months or over,63.7,,,ESTAT:LFSA_EGAD(1.0),2017-04-26 11:00:00,Annual,From 20 to 64 years,Percentage
Poland,2025,Males,60 months or over,63.4,,,ESTAT:LFSA_EGAD(1.0),2017-04-26 11:00:00,Annual,From 20 to 64 years,Percentage
Portugal,2016,Males,60 months or over,64.4,,,ESTAT:LFSA_EGAD(1.0),2017-04-26 11:00:00,Annual,From 20 to 64 years,Percentage
Portugal,2017,Males,60 months or over,62.8,,,ESTAT:LFSA_EGAD(1.0),2017-04-26 11:00:00,Annual,From 20 to 64 years,Percentage
Portugal,2018,Males,60 months or over,61.1,,,ESTAT:LFSA_EGAD(1.0),2017-04-26 11:00:00,Annual,From 20 to 64 years,Percentage
Portugal,2019,Males,60 months or over,60.1,,,ESTAT:LFSA_EGAD(1.0),2017-04-26 11:00:00,Annual,From 20 to 64 years,Percentage
Portugal,2020,Males,60 months or over,62.7,,,ESTAT:LFSA_EGAD(1.0),2017-04-26 11:00:00,Annual,From 20 to 64 years,Percentage
Portugal,2021,Males,60 months or over,65.2,b,,ESTAT:LFSA_EGAD(1.0),2017-04-26 11:00:00,Annual,From 20 to 64 years,Percentage
Portugal,2022,Males,60 months or over,64.1,,,ESTAT:LFSA_EGAD(1.0),2017-04-26 11:00:00,Annual,From 20 to 64 years,Percentage
Portugal,2023,Males,60 months or over,61.4,,,ESTAT:LFSA_EGAD(1.0),2017-04-26 11:00:00,Annual,From 20 to 64 years,Percentage
Portugal,2024,Males,60 months or over,61.9,,,ESTAT:LFSA_EGAD(1.0),2017-04-26 11:00:00,Annual,From 20 to 64 years,Percentage
Portugal,2025,Males,60 months or over,61.1,,,ESTAT:LFSA_EGAD(1.0),2017-04-26 11:00:00,Annual,From 20 to 64 years,Percentage
Romania,2016,Males,60 months or over,67.8,,,ESTAT:LFSA_EGAD(1.0),2017-04-26 11:00:00,Annual,From 20 to 64 years,Percentage
Romania,2017,Males,60 months or over,67.9,,,ESTAT:LFSA_EGAD(1.0),2017-04-26 11:00:00,Annual,From 20 to 64 years,Percentage
Romania,2018,Males,60 months or over,64.5,,,ESTAT:LFSA_EGAD(1.0),2017-04-26 11:00:00,Annual,From 20 to 64 years,Percentage
Romania,2019,Males,60 months or over,65.4,,,ESTAT:LFSA_EGAD(1.0),2017-04-26 11:00:00,Annual,From 20 to 64 years,Percentage
Romania,2020,Males,60 months or over,69.0,,,ESTAT:LFSA_EGAD(1.0),2017-04-26 11:00:00,Annual,From 20 to 64 years,Percentage
Romania,2021,Males,60 months or over,69.5,b,,ESTAT:LFSA_EGAD(1.0),2017-04-26 11:00:00,Annual,From 20 to 64 years,Percentage
Romania,2022,Males,60 months or over,70.7,,,ESTAT:LFSA_EGAD(1.0),2017-04-26 11:00:00,Annual,From 20 to 64 years,Percentage
Romania,2023,Males,60 months or over,72.8,,,ESTAT:LFSA_EGAD(1.0),2017-04-26 11:00:00,Annual,From 20 to 64 years,Percentage
Romania,2024,Males,60 months or over,73.4,,,ESTAT:LFSA_EGAD(1.0),2017-04-26 11:00:00,Annual,From 20 to 64 years,Percentage
Romania,2025,Males,60 months or over,76.7,,,ESTAT:LFSA_EGAD(1.0),2017-04-26 11:00:00,Annual,From 20 to 64 years,Percentage
Serbia,2016,Males,60 months or over,64.9,,,ESTAT:LFSA_EGAD(1.0),2017-04-26 11:00:00,Annual,From 20 to 64 years,Percentage
Serbia,2017,Males,60 months or over,62.9,,,ESTAT:LFSA_EGAD(1.0),2017-04-26 11:00:00,Annual,From 20 to 64 years,Percentage
Serbia,2018,Males,60 months or over,61.5,,,ESTAT:LFSA_EGAD(1.0),2017-04-26 11:00:00,Annual,From 20 to 64 years,Percentage
Serbia,2019,Males,60 months or over,60.8,,,ESTAT:LFSA_EGAD(1.0),2017-04-26 11:00:00,Annual,From 20 to 64 years,Percentage
Serbia,2020,Males,60 months or over,61.6,,,ESTAT:LFSA_EGAD(1.0),2017-04-26 11:00:00,Annual,From 20 to 64 years,Percentage
Serbia,2021,Males,60 months or over,61.3,b,,ESTAT:LFSA_EGAD(1.0),2017-04-26 11:00:00,Annual,From 20 to 64 years,Percentage
Serbia,2022,Males,60 months or over,60.3,,,ESTAT:LFSA_EGAD(1.0),2017-04-26 11:00:00,Annual,From 20 to 64 years,Percentage
Serbia,2023,Males,60 months or over,61.3,,,ESTAT:LFSA_EGAD(1.0),2017-04-26 11:00:00,Annual,From 20 to 64 years,Percentage
Serbia,2024,Males,60 months or over,62.2,,,ESTAT:LFSA_EGAD(1.0),2017-04-26 11:00:00,Annual,From 20 to 64 years,Percentage
Serbia,2025,Males,60 months or over,63.5,,,ESTAT:LFSA_EGAD(1.0),2017-04-26 11:00:00,Annual,From 20 to 64 years,Percentage
Sweden,2016,Males,60 months or over,53.2,,,ESTAT:LFSA_EGAD(1.0),2017-04-26 11:00:00,Annual,From 20 to 64 years,Percentage
Sweden,2017,Males,60 months or over,51.2,,,ESTAT:LFSA_EGAD(1.0),2017-04-26 11:00:00,Annual,From 20 to 64 years,Percentage
Sweden,2018,Males,60 months or over,50.2,b,,ESTAT:LFSA_EGAD(1.0),2017-04-26 11:00:00,Annual,From 20 to 64 years,Percentage
Sweden,2019,Males,60 months or over,49.4,,,ESTAT:LFSA_EGAD(1.0),2017-04-26 11:00:00,Annual,From 20 to 64 years,Percentage
Sweden,2020,Males,60 months or over,51.0,,,ESTAT:LFSA_EGAD(1.0),2017-04-26 11:00:00,Annual,From 20 to 64 years,Percentage
Sweden,2021,Males,60 months or over,43.1,b,,ESTAT:LFSA_EGAD(1.0),2017-04-26 11:00:00,Annual,From 20 to 64 years,Percentage
Sweden,2022,Males,60 months or over,45.5,,,ESTAT:LFSA_EGAD(1.0),2017-04-26 11:00:00,Annual,From 20 to 64 years,Percentage
Sweden,2023,Males,60 months or over,50.4,,,ESTAT:LFSA_EGAD(1.0),2017-04-26 11:00:00,Annual,From 20 to 64 years,Percentage
Sweden,2024,Males,60 months or over,53.6,,,ESTAT:LFSA_EGAD(1.0),2017-04-26 11:00:00,Annual,From 20 to 64 years,Percentage
Sweden,2025,Males,60 months or over,53.1,,,ESTAT:LFSA_EGAD(1.0),2017-04-26 11:00:00,Annual,From 20 to 64 years,Percentage
Slovenia,2016,Males,60 months or over,66.3,,,ESTAT:LFSA_EGAD(1.0),2017-04-26 11:00:00,Annual,From 20 to 64 years,Percentage
Slovenia,2017,Males,60 months or over,64.1,,,ESTAT:LFSA_EGAD(1.0),2017-04-26 11:00:00,Annual,From 20 to 64 years,Percentage
Slovenia,2018,Males,60 months or over,64.9,,,ESTAT:LFSA_EGAD(1.0),2017-04-26 11:00:00,Annual,From 20 to 64 years,Percentage
Slovenia,2019,Males,60 months or over,63.3,,,ESTAT:LFSA_EGAD(1.0),2017-04-26 11:00:00,Annual,From 20 to 64 years,Percentage
Slovenia,2020,Males,60 months or over,63.6,,,ESTAT:LFSA_EGAD(1.0),2017-04-26 11:00:00,Annual,From 20 to 64 years,Percentage
Slovenia,2021,Males,60 months or over,66.1,b,,ESTAT:LFSA_EGAD(1.0),2017-04-26 11:00:00,Annual,From 20 to 64 years,Percentage
Slovenia,2022,Males,60 months or over,68.2,,,ESTAT:LFSA_EGAD(1.0),2017-04-26 11:00:00,Annual,From 20 to 64 years,Percentage
Slovenia,2023,Males,60 months or over,68.2,,,ESTAT:LFSA_EGAD(1.0),2017-04-26 11:00:00,Annual,From 20 to 64 years,Percentage
Slovenia,2024,Males,60 months or over,67.2,,,ESTAT:LFSA_EGAD(1.0),2017-04-26 11:00:00,Annual,From 20 to 64 years,Percentage
Slovenia,2025,Males,60 months or over,67.7,,,ESTAT:LFSA_EGAD(1.0),2017-04-26 11:00:00,Annual,From 20 to 64 years,Percentage
Slovakia,2016,Males,60 months or over,62.8,,,ESTAT:LFSA_EGAD(1.0),2017-04-26 11:00:00,Annual,From 20 to 64 years,Percentage
Slovakia,2017,Males,60 months or over,63.0,,,ESTAT:LFSA_EGAD(1.0),2017-04-26 11:00:00,Annual,From 20 to 64 years,Percentage
Slovakia,2018,Males,60 months or over,62.1,,,ESTAT:LFSA_EGAD(1.0),2017-04-26 11:00:00,Annual,From 20 to 64 years,Percentage
Slovakia,2019,Males,60 months or over,64.1,,,ESTAT:LFSA_EGAD(1.0),2017-04-26 11:00:00,Annual,From 20 to 64 years,Percentage
Slovakia,2020,Males,60 months or over,65.5,,,ESTAT:LFSA_EGAD(1.0),2017-04-26 11:00:00,Annual,From 20 to 64 years,Percentage
Slovakia,2021,Males,60 months or over,67.6,b,,ESTAT:LFSA_EGAD(1.0),2017-04-26 11:00:00,Annual,From 20 to 64 years,Percentage
Slovakia,2022,Males,60 months or over,69.0,,,ESTAT:LFSA_EGAD(1.0),2017-04-26 11:00:00,Annual,From 20 to 64 years,Percentage
Slovakia,2023,Males,60 months or over,71.0,,,ESTAT:LFSA_EGAD(1.0),2017-04-26 11:00:00,Annual,From 20 to 64 years,Percentage
Slovakia,2024,Males,60 months or over,70.0,,,ESTAT:LFSA_EGAD(1.0),2017-04-26 11:00:00,Annual,From 20 to 64 years,Percentage
Slovakia,2025,Males,60 months or over,70.8,,,ESTAT:LFSA_EGAD(1.0),2017-04-26 11:00:00,Annual,From 20 to 64 years,Percentage
Türkiye,2016,Males,60 months or over,49.0,,,ESTAT:LFSA_EGAD(1.0),2017-04-26 11:00:00,Annual,From 20 to 64 years,Percentage
Türkiye,2017,Males,60 months or over,48.9,,,ESTAT:LFSA_EGAD(1.0),2017-04-26 11:00:00,Annual,From 20 to 64 years,Percentage
Türkiye,2018,Males,60 months or over,48.1,,,ESTAT:LFSA_EGAD(1.0),2017-04-26 11:00:00,Annual,From 20 to 64 years,Percentage
Türkiye,2019,Males,60 months or over,49.5,,,ESTAT:LFSA_EGAD(1.0),2017-04-26 11:00:00,Annual,From 20 to 64 years,Percentage
Türkiye,2020,Males,60 months or over,50.7,,,ESTAT:LFSA_EGAD(1.0),2017-04-26 11:00:00,Annual,From 20 to 64 years,Percentage
Türkiye,2021,Males,60 months or over,49.0,b,,ESTAT:LFSA_EGAD(1.0),2017-04-26 11:00:00,Annual,From 20 to 64 years,Percentage
Türkiye,2022,Males,60 months or over,48.9,,,ESTAT:LFSA_EGAD(1.0),2017-04-26 11:00:00,Annual,From 20 to 64 years,Percentage
Türkiye,2023,Males,60 months or over,49.7,,,ESTAT:LFSA_EGAD(1.0),2017-04-26 11:00:00,Annual,From 20 to 64 years,Percentage
Türkiye,2024,Males,60 months or over,49.0,,,ESTAT:LFSA_EGAD(1.0),2017-04-26 11:00:00,Annual,From 20 to 64 years,Percentage
Türkiye,2025,Males,60 months or over,48.6,,,ESTAT:LFSA_EGAD(1.0),2017-04-26 11:00:00,Annual,From 20 to 64 years,Percentage
United Kingdom,2016,Males,60 months or over,54.2,,,ESTAT:LFSA_EGAD(1.0),2017-04-26 11:00:00,Annual,From 20 to 64 years,Percentage
United Kingdom,2017,Males,60 months or over,54.0,,,ESTAT:LFSA_EGAD(1.0),2017-04-26 11:00:00,Annual,From 20 to 64 years,Percentage
United Kingdom,2018,Males,60 months or over,53.7,,,ESTAT:LFSA_EGAD(1.0),2017-04-26 11:00:00,Annual,From 20 to 64 years,Percentage
United Kingdom,2019,Males,60 months or over,54.1,,,ESTAT:LFSA_EGAD(1.0),2017-04-26 11:00:00,Annual,From 20 to 64 years,Percentage
Bosnia and Herzegovina,2021,Females,No response,,bu,,ESTAT:LFSA_EGAD(1.0),2017-04-26 11:00:00,Annual,From 20 to 64 years,Percentage
Bosnia and Herzegovina,2022,Females,No response,,u,,ESTAT:LFSA_EGAD(1.0),2017-04-26 11:00:00,Annual,From 20 to 64 years,Percentage
Belgium,2016,Females,No response,,u,,ESTAT:LFSA_EGAD(1.0),2017-04-26 11:00:00,Annual,From 20 to 64 years,Percentage
Belgium,2017,Females,No response,0.1,bu,,ESTAT:LFSA_EGAD(1.0),2017-04-26 11:00:00,Annual,From 20 to 64 years,Percentage
Belgium,2018,Females,No response,,u,,ESTAT:LFSA_EGAD(1.0),2017-04-26 11:00:00,Annual,From 20 to 64 years,Percentage
Belgium,2021,Females,No response,,bu,,ESTAT:LFSA_EGAD(1.0),2017-04-26 11:00:00,Annual,From 20 to 64 years,Percentage
Belgium,2022,Females,No response,,u,,ESTAT:LFSA_EGAD(1.0),2017-04-26 11:00:00,Annual,From 20 to 64 years,Percentage
Belgium,2024,Females,No response,,u,,ESTAT:LFSA_EGAD(1.0),2017-04-26 11:00:00,Annual,From 20 to 64 years,Percentage
Belgium,2025,Females,No response,0.2,u,,ESTAT:LFSA_EGAD(1.0),2017-04-26 11:00:00,Annual,From 20 to 64 years,Percentage
Bulgaria,2016,Females,No response,,u,,ESTAT:LFSA_EGAD(1.0),2017-04-26 11:00:00,Annual,From 20 to 64 years,Percentage
Bulgaria,2017,Females,No response,,u,,ESTAT:LFSA_EGAD(1.0),2017-04-26 11:00:00,Annual,From 20 to 64 years,Percentage
Bulgaria,2018,Females,No response,,u,,ESTAT:LFSA_EGAD(1.0),2017-04-26 11:00:00,Annual,From 20 to 64 years,Percentage
Bulgaria,2019,Females,No response,,bu,,ESTAT:LFSA_EGAD(1.0),2017-04-26 11:00:00,Annual,From 20 to 64 years,Percentage
Bulgaria,2020,Females,No response,,u,,ESTAT:LFSA_EGAD(1.0),2017-04-26 11:00:00,Annual,From 20 to 64 years,Percentage
Bulgaria,2021,Females,No response,,bu,,ESTAT:LFSA_EGAD(1.0),2017-04-26 11:00:00,Annual,From 20 to 64 years,Percentage
Bulgaria,2022,Females,No response,,u,,ESTAT:LFSA_EGAD(1.0),2017-04-26 11:00:00,Annual,From 20 to 64 years,Percentage
Switzerland,2016,Females,No response,0.4,,,ESTAT:LFSA_EGAD(1.0),2017-04-26 11:00:00,Annual,From 20 to 64 years,Percentage
Switzerland,2017,Females,No response,0.5,,,ESTAT:LFSA_EGAD(1.0),2017-04-26 11:00:00,Annual,From 20 to 64 years,Percentage
Switzerland,2018,Females,No response,0.4,,,ESTAT:LFSA_EGAD(1.0),2017-04-26 11:00:00,Annual,From 20 to 64 years,Percentage
Switzerland,2019,Females,No response,0.4,,,ESTAT:LFSA_EGAD(1.0),2017-04-26 11:00:00,Annual,From 20 to 64 years,Percentage
Switzerland,2020,Females,No response,0.5,,,ESTAT:LFSA_EGAD(1.0),2017-04-26 11:00:00,Annual,From 20 to 64 years,Percentage
Switzerland,2021,Females,No response,0.9,b,,ESTAT:LFSA_EGAD(1.0),2017-04-26 11:00:00,Annual,From 20 to 64 years,Percentage
Switzerland,2022,Females,No response,0.9,,,ESTAT:LFSA_EGAD(1.0),2017-04-26 11:00:00,Annual,From 20 to 64 years,Percentage
Switzerland,2023,Females,No response,0.9,,,ESTAT:LFSA_EGAD(1.0),2017-04-26 11:00:00,Annual,From 20 to 64 years,Percentage
Switzerland,2024,Females,No response,1.1,,,ESTAT:LFSA_EGAD(1.0),2017-04-26 11:00:00,Annual,From 20 to 64 years,Percentage
Switzerland,2025,Females,No response,1.1,,,ESTAT:LFSA_EGAD(1.0),2017-04-26 11:00:00,Annual,From 20 to 64 years,Percentage
Czechia,2016,Females,No response,0.1,u,,ESTAT:LFSA_EGAD(1.0),2017-04-26 11:00:00,Annual,From 20 to 64 years,Percentage
Czechia,2017,Females,No response,0.1,u,,ESTAT:LFSA_EGAD(1.0),2017-04-26 11:00:00,Annual,From 20 to 64 years,Percentage
Czechia,2018,Females,No response,0.2,,,ESTAT:LFSA_EGAD(1.0),2017-04-26 11:00:00,Annual,From 20 to 64 years,Percentage
Czechia,2019,Females,No response,0.1,u,,ESTAT:LFSA_EGAD(1.0),2017-04-26 11:00:00,Annual,From 20 to 64 years,Percentage
Czechia,2020,Females,No response,0.1,u,,ESTAT:LFSA_EGAD(1.0),2017-04-26 11:00:00,Annual,From 20 to 64 years,Percentage
Czechia,2021,Females,No response,0.1,bu,,ESTAT:LFSA_EGAD(1.0),2017-04-26 11:00:00,Annual,From 20 to 64 years,Percentage
Czechia,2022,Females,No response,0.2,,,ESTAT:LFSA_EGAD(1.0),2017-04-26 11:00:00,Annual,From 20 to 64 years,Percentage
Czechia,2023,Females,No response,2.1,,,ESTAT:LFSA_EGAD(1.0),2017-04-26 11:00:00,Annual,From 20 to 64 years,Percentage
Czechia,2024,Females,No response,3.5,,,ESTAT:LFSA_EGAD(1.0),2017-04-26 11:00:00,Annual,From 20 to 64 years,Percentage
Czechia,2025,Females,No response,3.3,,,ESTAT:LFSA_EGAD(1.0),2017-04-26 11:00:00,Annual,From 20 to 64 years,Percentage
Germany,2016,Females,No response,3.4,,,ESTAT:LFSA_EGAD(1.0),2017-04-26 11:00:00,Annual,From 20 to 64 years,Percentage
Germany,2017,Females,No response,2.8,,,ESTAT:LFSA_EGAD(1.0),2017-04-26 11:00:00,Annual,From 20 to 64 years,Percentage
Germany,2018,Females,No response,2.5,,,ESTAT:LFSA_EGAD(1.0),2017-04-26 11:00:00,Annual,From 20 to 64 years,Percentage
Germany,2019,Females,No response,2.8,,,ESTAT:LFSA_EGAD(1.0),2017-04-26 11:00:00,Annual,From 20 to 64 years,Percentage
Germany,2020,Females,No response,1.5,b,,ESTAT:LFSA_EGAD(1.0),2017-04-26 11:00:00,Annual,From 20 to 64 years,Percentage
Germany,2021,Females,No response,1.1,b,,ESTAT:LFSA_EGAD(1.0),2017-04-26 11:00:00,Annual,From 20 to 64 years,Percentage
Germany,2022,Females,No response,0.6,,,ESTAT:LFSA_EGAD(1.0),2017-04-26 11:00:00,Annual,From 20 to 64 years,Percentage
Germany,2023,Females,No response,0.5,,,ESTAT:LFSA_EGAD(1.0),2017-04-26 11:00:00,Annual,From 20 to 64 years,Percentage
Germany,2024,Females,No response,0.4,,,ESTAT:LFSA_EGAD(1.0),2017-04-26 11:00:00,Annual,From 20 to 64 years,Percentage
Germany,2025,Females,No response,0.3,,,ESTAT:LFSA_EGAD(1.0),2017-04-26 11:00:00,Annual,From 20 to 64 years,Percentage
Denmark,2016,Females,No response,,bu,,ESTAT:LFSA_EGAD(1.0),2017-04-26 11:00:00,Annual,From 20 to 64 years,Percentage
Denmark,2017,Females,No response,,bu,,ESTAT:LFSA_EGAD(1.0),2017-04-26 11:00:00,Annual,From 20 to 64 years,Percentage
Denmark,2021,Females,No response,,bu,,ESTAT:LFSA_EGAD(1.0),2017-04-26 11:00:00,Annual,From 20 to 64 years,Percentage
Denmark,2022,Females,No response,,u,,ESTAT:LFSA_EGAD(1.0),2017-04-26 11:00:00,Annual,From 20 to 64 years,Percentage
Denmark,2023,Females,No response,,bu,,ESTAT:LFSA_EGAD(1.0),2017-04-26 11:00:00,Annual,From 20 to 64 years,Percentage
Denmark,2025,Females,No response,,u,,ESTAT:LFSA_EGAD(1.0),2017-04-26 11:00:00,Annual,From 20 to 64 years,Percentage
Euro area – 21 countries (from 2026),2016,Females,No response,1.3,,,ESTAT:LFSA_EGAD(1.0),2017-04-26 11:00:00,Annual,From 20 to 64 years,Percentage
Euro area – 21 countries (from 2026),2017,Females,No response,1.1,,,ESTAT:LFSA_EGAD(1.0),2017-04-26 11:00:00,Annual,From 20 to 64 years,Percentage
Euro area – 21 countries (from 2026),2018,Females,No response,1.0,,,ESTAT:LFSA_EGAD(1.0),2017-04-26 11:00:00,Annual,From 20 to 64 years,Percentage
Euro area – 21 countries (from 2026),2019,Females,No response,1.1,,,ESTAT:LFSA_EGAD(1.0),2017-04-26 11:00:00,Annual,From 20 to 64 years,Percentage
Euro area – 21 countries (from 2026),2020,Females,No response,0.7,,,ESTAT:LFSA_EGAD(1.0),2017-04-26 11:00:00,Annual,From 20 to 64 years,Percentage
Euro area – 21 countries (from 2026),2021,Females,No response,1.0,b,,ESTAT:LFSA_EGAD(1.0),2017-04-26 11:00:00,Annual,From 20 to 64 years,Percentage
Euro area – 21 countries (from 2026),2022,Females,No response,0.7,,,ESTAT:LFSA_EGAD(1.0),2017-04-26 11:00:00,Annual,From 20 to 64 years,Percentage
Euro area – 21 countries (from 2026),2023,Females,No response,0.7,,,ESTAT:LFSA_EGAD(1.0),2017-04-26 11:00:00,Annual,From 20 to 64 years,Percentage
Euro area – 21 countries (from 2026),2024,Females,No response,0.6,,,ESTAT:LFSA_EGAD(1.0),2017-04-26 11:00:00,Annual,From 20 to 64 years,Percentage
Euro area – 21 countries (from 2026),2025,Females,No response,0.6,,,ESTAT:LFSA_EGAD(1.0),2017-04-26 11:00:00,Annual,From 20 to 64 years,Percentage
Estonia,2016,Females,No response,,u,,ESTAT:LFSA_EGAD(1.0),2017-04-26 11:00:00,Annual,From 20 to 64 years,Percentage
Estonia,2017,Females,No response,,u,,ESTAT:LFSA_EGAD(1.0),2017-04-26 11:00:00,Annual,From 20 to 64 years,Percentage
Estonia,2018,Females,No response,,u,,ESTAT:LFSA_EGAD(1.0),2017-04-26 11:00:00,Annual,From 20 to 64 years,Percentage
Estonia,2019,Females,No response,,u,,ESTAT:LFSA_EGAD(1.0),2017-04-26 11:00:00,Annual,From 20 to 64 years,Percentage
Estonia,2020,Females,No response,,u,,ESTAT:LFSA_EGAD(1.0),2017-04-26 11:00:00,Annual,From 20 to 64 years,Percentage
Estonia,2021,Females,No response,0.5,bu,,ESTAT:LFSA_EGAD(1.0),2017-04-26 11:00:00,Annual,From 20 to 64 years,Percentage
Estonia,2022,Females,No response,,u,,ESTAT:LFSA_EGAD(1.0),2017-04-26 11:00:00,Annual,From 20 to 64 years,Percentage
Estonia,2023,Females,No response,,u,,ESTAT:LFSA_EGAD(1.0),2017-04-26 11:00:00,Annual,From 20 to 64 years,Percentage
Estonia,2024,Females,No response,,u,,ESTAT:LFSA_EGAD(1.0),2017-04-26 11:00:00,Annual,From 20 to 64 years,Percentage
Estonia,2025,Females,No response,,u,,ESTAT:LFSA_EGAD(1.0),2017-04-26 11:00:00,Annual,From 20 to 64 years,Percentage
Greece,2021,Females,No response,1.2,b,,ESTAT:LFSA_EGAD(1.0),2017-04-26 11:00:00,Annual,From 20 to 64 years,Percentage
Greece,2022,Females,No response,2.6,,,ESTAT:LFSA_EGAD(1.0),2017-04-26 11:00:00,Annual,From 20 to 64 years,Percentage
Greece,2023,Females,No response,2.2,,,ESTAT:LFSA_EGAD(1.0),2017-04-26 11:00:00,Annual,From 20 to 64 years,Percentage
Greece,2024,Females,No response,2.2,,,ESTAT:LFSA_EGAD(1.0),2017-04-26 11:00:00,Annual,From 20 to 64 years,Percentage
Greece,2025,Females,No response,2.4,,,ESTAT:LFSA_EGAD(1.0),2017-04-26 11:00:00,Annual,From 20 to 64 years,Percentage
European Union - 27 countries (from 2020),2016,Females,No response,1.1,,,ESTAT:LFSA_EGAD(1.0),2017-04-26 11:00:00,Annual,From 20 to 64 years,Percentage
European Union - 27 countries (from 2020),2017,Females,No response,1.0,,,ESTAT:LFSA_EGAD(1.0),2017-04-26 11:00:00,Annual,From 20 to 64 years,Percentage
European Union - 27 countries (from 2020),2018,Females,No response,0.9,,,ESTAT:LFSA_EGAD(1.0),2017-04-26 11:00:00,Annual,From 20 to 64 years,Percentage
European Union - 27 countries (from 2020),2019,Females,No response,1.1,,,ESTAT:LFSA_EGAD(1.0),2017-04-26 11:00:00,Annual,From 20 to 64 years,Percentage
European Union - 27 countries (from 2020),2020,Females,No response,0.8,,,ESTAT:LFSA_EGAD(1.0),2017-04-26 11:00:00,Annual,From 20 to 64 years,Percentage
European Union - 27 countries (from 2020),2021,Females,No response,1.2,b,,ESTAT:LFSA_EGAD(1.0),2017-04-26 11:00:00,Annual,From 20 to 64 years,Percentage
European Union - 27 countries (from 2020),2022,Females,No response,1.0,,,ESTAT:LFSA_EGAD(1.0),2017-04-26 11:00:00,Annual,From 20 to 64 years,Percentage
European Union - 27 countries (from 2020),2023,Females,No response,0.9,,,ESTAT:LFSA_EGAD(1.0),2017-04-26 11:00:00,Annual,From 20 to 64 years,Percentage
European Union - 27 countries (from 2020),2024,Females,No response,1.0,,,ESTAT:LFSA_EGAD(1.0),2017-04-26 11:00:00,Annual,From 20 to 64 years,Percentage
European Union - 27 countries (from 2020),2025,Females,No response,0.9,,,ESTAT:LFSA_EGAD(1.0),2017-04-26 11:00:00,Annual,From 20 to 64 years,Percentage
Finland,2016,Females,No response,0.2,u,,ESTAT:LFSA_EGAD(1.0),2017-04-26 11:00:00,Annual,From 20 to 64 years,Percentage
Finland,2017,Females,No response,,u,,ESTAT:LFSA_EGAD(1.0),2017-04-26 11:00:00,Annual,From 20 to 64 years,Percentage
Finland,2018,Females,No response,,u,,ESTAT:LFSA_EGAD(1.0),2017-04-26 11:00:00,Annual,From 20 to 64 years,Percentage
Finland,2019,Females,No response,,u,,ESTAT:LFSA_EGAD(1.0),2017-04-26 11:00:00,Annual,From 20 to 64 years,Percentage
Finland,2020,Females,No response,,u,,ESTAT:LFSA_EGAD(1.0),2017-04-26 11:00:00,Annual,From 20 to 64 years,Percentage
Finland,2021,Females,No response,2.6,b,,ESTAT:LFSA_EGAD(1.0),2017-04-26 11:00:00,Annual,From 20 to 64 years,Percentage
Finland,2022,Females,No response,2.3,,,ESTAT:LFSA_EGAD(1.0),2017-04-26 11:00:00,Annual,From 20 to 64 years,Percentage
Finland,2023,Females,No response,2.4,,,ESTAT:LFSA_EGAD(1.0),2017-04-26 11:00:00,Annual,From 20 to 64 years,Percentage
Finland,2024,Females,No response,1.8,,,ESTAT:LFSA_EGAD(1.0),2017-04-26 11:00:00,Annual,From 20 to 64 years,Percentage
Finland,2025,Females,No response,1.8,,,ESTAT:LFSA_EGAD(1.0),2017-04-26 11:00:00,Annual,From 20 to 64 years,Percentage
France,2016,Females,No response,1.0,,,ESTAT:LFSA_EGAD(1.0),2017-04-26 11:00:00,Annual,From 20 to 64 years,Percentage
France,2017,Females,No response,1.1,,,ESTAT:LFSA_EGAD(1.0),2017-04-26 11:00:00,Annual,From 20 to 64 years,Percentage
France,2018,Females,No response,0.9,,,ESTAT:LFSA_EGAD(1.0),2017-04-26 11:00:00,Annual,From 20 to 64 years,Percentage
France,2019,Females,No response,1.0,,,ESTAT:LFSA_EGAD(1.0),2017-04-26 11:00:00,Annual,From 20 to 64 years,Percentage
France,2020,Females,No response,0.8,,,ESTAT:LFSA_EGAD(1.0),2017-04-26 11:00:00,Annual,From 20 to 64 years,Percentage
France,2021,Females,No response,1.8,bd,,ESTAT:LFSA_EGAD(1.0),2017-04-26 11:00:00,Annual,From 20 to 64 years,Percentage
France,2022,Females,No response,1.1,d,,ESTAT:LFSA_EGAD(1.0),2017-04-26 11:00:00,Annual,From 20 to 64 years,Percentage
France,2023,Females,No response,1.0,d,,ESTAT:LFSA_EGAD(1.0),2017-04-26 11:00:00,Annual,From 20 to 64 years,Percentage
France,2024,Females,No response,1.0,d,,ESTAT:LFSA_EGAD(1.0),2017-04-26 11:00:00,Annual,From 20 to 64 years,Percentage
France,2025,Females,No response,1.2,d,,ESTAT:LFSA_EGAD(1.0),2017-04-26 11:00:00,Annual,From 20 to 64 years,Percentage
Croatia,2016,Females,No response,1.1,u,,ESTAT:LFSA_EGAD(1.0),2017-04-26 11:00:00,Annual,From 20 to 64 years,Percentage
Croatia,2017,Females,No response,1.2,u,,ESTAT:LFSA_EGAD(1.0),2017-04-26 11:00:00,Annual,From 20 to 64 years,Percentage
Croatia,2018,Females,No response,1.5,,,ESTAT:LFSA_EGAD(1.0),2017-04-26 11:00:00,Annual,From 20 to 64 years,Percentage
Croatia,2019,Females,No response,1.4,,,ESTAT:LFSA_EGAD(1.0),2017-04-26 11:00:00,Annual,From 20 to 64 years,Percentage
Croatia,2020,Females,No response,2.3,,,ESTAT:LFSA_EGAD(1.0),2017-04-26 11:00:00,Annual,From 20 to 64 years,Percentage
Croatia,2021,Females,No response,2.4,b,,ESTAT:LFSA_EGAD(1.0),2017-04-26 11:00:00,Annual,From 20 to 64 years,Percentage
Croatia,2022,Females,No response,2.2,,,ESTAT:LFSA_EGAD(1.0),2017-04-26 11:00:00,Annual,From 20 to 64 years,Percentage
Croatia,2023,Females,No response,2.6,,,ESTAT:LFSA_EGAD(1.0),2017-04-26 11:00:00,Annual,From 20 to 64 years,Percentage
Croatia,2024,Females,No response,2.0,,,ESTAT:LFSA_EGAD(1.0),2017-04-26 11:00:00,Annual,From 20 to 64 years,Percentage
Croatia,2025,Females,No response,1.8,,,ESTAT:LFSA_EGAD(1.0),2017-04-26 11:00:00,Annual,From 20 to 64 years,Percentage
Hungary,2016,Females,No response,,u,,ESTAT:LFSA_EGAD(1.0),2017-04-26 11:00:00,Annual,From 20 to 64 years,Percentage
Ireland,2016,Females,No response,3.3,,,ESTAT:LFSA_EGAD(1.0),2017-04-26 11:00:00,Annual,From 20 to 64 years,Percentage
Ireland,2017,Females,No response,4.7,b,,ESTAT:LFSA_EGAD(1.0),2017-04-26 11:00:00,Annual,From 20 to 64 years,Percentage
Ireland,2018,Females,No response,4.9,,,ESTAT:LFSA_EGAD(1.0),2017-04-26 11:00:00,Annual,From 20 to 64 years,Percentage
Ireland,2019,Females,No response,3.8,,,ESTAT:LFSA_EGAD(1.0),2017-04-26 11:00:00,Annual,From 20 to 64 years,Percentage
Ireland,2020,Females,No response,2.2,,,ESTAT:LFSA_EGAD(1.0),2017-04-26 11:00:00,Annual,From 20 to 64 years,Percentage
Ireland,2021,Females,No response,5.0,b,,ESTAT:LFSA_EGAD(1.0),2017-04-26 11:00:00,Annual,From 20 to 64 years,Percentage
Ireland,2022,Females,No response,5.6,,,ESTAT:LFSA_EGAD(1.0),2017-04-26 11:00:00,Annual,From 20 to 64 years,Percentage
Ireland,2023,Females,No response,5.7,,,ESTAT:LFSA_EGAD(1.0),2017-04-26 11:00:00,Annual,From 20 to 64 years,Percentage
Ireland,2024,Females,No response,4.6,,,ESTAT:LFSA_EGAD(1.0),2017-04-26 11:00:00,Annual,From 20 to 64 years,Percentage
Ireland,2025,Females,No response,1.9,,,ESTAT:LFSA_EGAD(1.0),2017-04-26 11:00:00,Annual,From 20 to 64 years,Percentage
Iceland,2016,Females,No response,0.9,,,ESTAT:LFSA_EGAD(1.0),2017-04-26 11:00:00,Annual,From 20 to 64 years,Percentage
Iceland,2017,Females,No response,,u,,ESTAT:LFSA_EGAD(1.0),2017-04-26 11:00:00,Annual,From 20 to 64 years,Percentage
Iceland,2018,Females,No response,,u,,ESTAT:LFSA_EGAD(1.0),2017-04-26 11:00:00,Annual,From 20 to 64 years,Percentage
Iceland,2019,Females,No response,,u,,ESTAT:LFSA_EGAD(1.0),2017-04-26 11:00:00,Annual,From 20 to 64 years,Percentage
Iceland,2020,Females,No response,0.8,b,,ESTAT:LFSA_EGAD(1.0),2017-04-26 11:00:00,Annual,From 20 to 64 years,Percentage
Iceland,2021,Females,No response,0.9,b,,ESTAT:LFSA_EGAD(1.0),2017-04-26 11:00:00,Annual,From 20 to 64 years,Percentage
Iceland,2022,Females,No response,0.9,,,ESTAT:LFSA_EGAD(1.0),2017-04-26 11:00:00,Annual,From 20 to 64 years,Percentage
Iceland,2023,Females,No response,1.3,,,ESTAT:LFSA_EGAD(1.0),2017-04-26 11:00:00,Annual,From 20 to 64 years,Percentage
Iceland,2024,Females,No response,0.8,,,ESTAT:LFSA_EGAD(1.0),2017-04-26 11:00:00,Annual,From 20 to 64 years,Percentage
Italy,2021,Females,No response,,bu,,ESTAT:LFSA_EGAD(1.0),2017-04-26 11:00:00,Annual,From 20 to 64 years,Percentage
Luxembourg,2016,Females,No response,3.0,b,,ESTAT:LFSA_EGAD(1.0),2017-04-26 11:00:00,Annual,From 20 to 64 years,Percentage
Luxembourg,2017,Females,No response,2.8,,,ESTAT:LFSA_EGAD(1.0),2017-04-26 11:00:00,Annual,From 20 to 64 years,Percentage
Luxembourg,2018,Females,No response,4.1,,,ESTAT:LFSA_EGAD(1.0),2017-04-26 11:00:00,Annual,From 20 to 64 years,Percentage
Luxembourg,2019,Females,No response,4.3,,,ESTAT:LFSA_EGAD(1.0),2017-04-26 11:00:00,Annual,From 20 to 64 years,Percentage
Luxembourg,2020,Females,No response,3.8,,,ESTAT:LFSA_EGAD(1.0),2017-04-26 11:00:00,Annual,From 20 to 64 years,Percentage
Luxembourg,2021,Females,No response,1.4,b,,ESTAT:LFSA_EGAD(1.0),2017-04-26 11:00:00,Annual,From 20 to 64 years,Percentage
Luxembourg,2022,Females,No response,1.3,,,ESTAT:LFSA_EGAD(1.0),2017-04-26 11:00:00,Annual,From 20 to 64 years,Percentage
Luxembourg,2023,Females,No response,,u,,ESTAT:LFSA_EGAD(1.0),2017-04-26 11:00:00,Annual,From 20 to 64 years,Percentage
Luxembourg,2024,Females,No response,1.8,u,,ESTAT:LFSA_EGAD(1.0),2017-04-26 11:00:00,Annual,From 20 to 64 years,Percentage
Luxembourg,2025,Females,No response,,u,,ESTAT:LFSA_EGAD(1.0),2017-04-26 11:00:00,Annual,From 20 to 64 years,Percentage
Latvia,2016,Females,No response,,u,,ESTAT:LFSA_EGAD(1.0),2017-04-26 11:00:00,Annual,From 20 to 64 years,Percentage
Latvia,2018,Females,No response,,u,,ESTAT:LFSA_EGAD(1.0),2017-04-26 11:00:00,Annual,From 20 to 64 years,Percentage
Latvia,2021,Females,No response,,bu,,ESTAT:LFSA_EGAD(1.0),2017-04-26 11:00:00,Annual,From 20 to 64 years,Percentage
Latvia,2023,Females,No response,,u,,ESTAT:LFSA_EGAD(1.0),2017-04-26 11:00:00,Annual,From 20 to 64 years,Percentage
Latvia,2024,Females,No response,,u,,ESTAT:LFSA_EGAD(1.0),2017-04-26 11:00:00,Annual,From 20 to 64 years,Percentage
Montenegro,2016,Females,No response,,u,,ESTAT:LFSA_EGAD(1.0),2017-04-26 11:00:00,Annual,From 20 to 64 years,Percentage
Montenegro,2019,Females,No response,,u,,ESTAT:LFSA_EGAD(1.0),2017-04-26 11:00:00,Annual,From 20 to 64 years,Percentage
North Macedonia,2016,Females,No response,,u,,ESTAT:LFSA_EGAD(1.0),2017-04-26 11:00:00,Annual,From 20 to 64 years,Percentage
North Macedonia,2017,Females,No response,,u,,ESTAT:LFSA_EGAD(1.0),2017-04-26 11:00:00,Annual,From 20 to 64 years,Percentage
North Macedonia,2018,Females,No response,,u,,ESTAT:LFSA_EGAD(1.0),2017-04-26 11:00:00,Annual,From 20 to 64 years,Percentage
North Macedonia,2019,Females,No response,,u,,ESTAT:LFSA_EGAD(1.0),2017-04-26 11:00:00,Annual,From 20 to 64 years,Percentage
North Macedonia,2021,Females,No response,,bu,,ESTAT:LFSA_EGAD(1.0),2017-04-26 11:00:00,Annual,From 20 to 64 years,Percentage
North Macedonia,2022,Females,No response,,u,,ESTAT:LFSA_EGAD(1.0),2017-04-26 11:00:00,Annual,From 20 to 64 years,Percentage
North Macedonia,2023,Females,No response,,u,,ESTAT:LFSA_EGAD(1.0),2017-04-26 11:00:00,Annual,From 20 to 64 years,Percentage
North Macedonia,2024,Females,No response,,u,,ESTAT:LFSA_EGAD(1.0),2017-04-26 11:00:00,Annual,From 20 to 64 years,Percentage
Malta,2017,Females,No response,,u,,ESTAT:LFSA_EGAD(1.0),2017-04-26 11:00:00,Annual,From 20 to 64 years,Percentage
Malta,2018,Females,No response,,u,,ESTAT:LFSA_EGAD(1.0),2017-04-26 11:00:00,Annual,From 20 to 64 years,Percentage
Netherlands,2016,Females,No response,1.3,,,ESTAT:LFSA_EGAD(1.0),2017-04-26 11:00:00,Annual,From 20 to 64 years,Percentage
Netherlands,2017,Females,No response,1.4,,,ESTAT:LFSA_EGAD(1.0),2017-04-26 11:00:00,Annual,From 20 to 64 years,Percentage
Netherlands,2018,Females,No response,1.4,,,ESTAT:LFSA_EGAD(1.0),2017-04-26 11:00:00,Annual,From 20 to 64 years,Percentage
Netherlands,2019,Females,No response,1.4,,,ESTAT:LFSA_EGAD(1.0),2017-04-26 11:00:00,Annual,From 20 to 64 years,Percentage
Netherlands,2020,Females,No response,1.5,,,ESTAT:LFSA_EGAD(1.0),2017-04-26 11:00:00,Annual,From 20 to 64 years,Percentage
Netherlands,2021,Females,No response,2.4,b,,ESTAT:LFSA_EGAD(1.0),2017-04-26 11:00:00,Annual,From 20 to 64 years,Percentage
Netherlands,2022,Females,No response,2.1,,,ESTAT:LFSA_EGAD(1.0),2017-04-26 11:00:00,Annual,From 20 to 64 years,Percentage
Netherlands,2023,Females,No response,2.4,,,ESTAT:LFSA_EGAD(1.0),2017-04-26 11:00:00,Annual,From 20 to 64 years,Percentage
Netherlands,2024,Females,No response,2.4,,,ESTAT:LFSA_EGAD(1.0),2017-04-26 11:00:00,Annual,From 20 to 64 years,Percentage
Netherlands,2025,Females,No response,2.5,,,ESTAT:LFSA_EGAD(1.0),2017-04-26 11:00:00,Annual,From 20 to 64 years,Percentage
Norway,2016,Females,No response,1.6,,,ESTAT:LFSA_EGAD(1.0),2017-04-26 11:00:00,Annual,From 20 to 64 years,Percentage
Norway,2017,Females,No response,1.5,,,ESTAT:LFSA_EGAD(1.0),2017-04-26 11:00:00,Annual,From 20 to 64 years,Percentage
Norway,2018,Females,No response,1.4,,,ESTAT:LFSA_EGAD(1.0),2017-04-26 11:00:00,Annual,From 20 to 64 years,Percentage
Norway,2019,Females,No response,1.1,,,ESTAT:LFSA_EGAD(1.0),2017-04-26 11:00:00,Annual,From 20 to 64 years,Percentage
Norway,2020,Females,No response,1.0,,,ESTAT:LFSA_EGAD(1.0),2017-04-26 11:00:00,Annual,From 20 to 64 years,Percentage
Norway,2021,Females,No response,1.0,b,,ESTAT:LFSA_EGAD(1.0),2017-04-26 11:00:00,Annual,From 20 to 64 years,Percentage
Norway,2022,Females,No response,0.9,,,ESTAT:LFSA_EGAD(1.0),2017-04-26 11:00:00,Annual,From 20 to 64 years,Percentage
Norway,2023,Females,No response,1.4,,,ESTAT:LFSA_EGAD(1.0),2017-04-26 11:00:00,Annual,From 20 to 64 years,Percentage
Norway,2024,Females,No response,,u,,ESTAT:LFSA_EGAD(1.0),2017-04-26 11:00:00,Annual,From 20 to 64 years,Percentage
Norway,2025,Females,No response,,u,,ESTAT:LFSA_EGAD(1.0),2017-04-26 11:00:00,Annual,From 20 to 64 years,Percentage
Poland,2016,Females,No response,1.5,,,ESTAT:LFSA_EGAD(1.0),2017-04-26 11:00:00,Annual,From 20 to 64 years,Percentage
Poland,2017,Females,No response,1.3,,,ESTAT:LFSA_EGAD(1.0),2017-04-26 11:00:00,Annual,From 20 to 64 years,Percentage
Poland,2018,Females,No response,1.6,,,ESTAT:LFSA_EGAD(1.0),2017-04-26 11:00:00,Annual,From 20 to 64 years,Percentage
Poland,2019,Females,No response,2.0,b,,ESTAT:LFSA_EGAD(1.0),2017-04-26 11:00:00,Annual,From 20 to 64 years,Percentage
Poland,2020,Females,No response,2.2,,,ESTAT:LFSA_EGAD(1.0),2017-04-26 11:00:00,Annual,From 20 to 64 years,Percentage
Poland,2021,Females,No response,4.0,b,,ESTAT:LFSA_EGAD(1.0),2017-04-26 11:00:00,Annual,From 20 to 64 years,Percentage
Poland,2022,Females,No response,3.7,,,ESTAT:LFSA_EGAD(1.0),2017-04-26 11:00:00,Annual,From 20 to 64 years,Percentage
Poland,2023,Females,No response,3.9,,,ESTAT:LFSA_EGAD(1.0),2017-04-26 11:00:00,Annual,From 20 to 64 years,Percentage
Poland,2024,Females,No response,4.4,,,ESTAT:LFSA_EGAD(1.0),2017-04-26 11:00:00,Annual,From 20 to 64 years,Percentage
Poland,2025,Females,No response,4.5,,,ESTAT:LFSA_EGAD(1.0),2017-04-26 11:00:00,Annual,From 20 to 64 years,Percentage
Sweden,2016,Females,No response,0.7,,,ESTAT:LFSA_EGAD(1.0),2017-04-26 11:00:00,Annual,From 20 to 64 years,Percentage
Sweden,2017,Females,No response,0.7,,,ESTAT:LFSA_EGAD(1.0),2017-04-26 11:00:00,Annual,From 20 to 64 years,Percentage
Sweden,2018,Females,No response,0.6,b,,ESTAT:LFSA_EGAD(1.0),2017-04-26 11:00:00,Annual,From 20 to 64 years,Percentage
Sweden,2019,Females,No response,0.6,,,ESTAT:LFSA_EGAD(1.0),2017-04-26 11:00:00,Annual,From 20 to 64 years,Percentage
Sweden,2020,Females,No response,0.5,,,ESTAT:LFSA_EGAD(1.0),2017-04-26 11:00:00,Annual,From 20 to 64 years,Percentage
Sweden,2021,Females,No response,5.2,b,,ESTAT:LFSA_EGAD(1.0),2017-04-26 11:00:00,Annual,From 20 to 64 years,Percentage
Sweden,2022,Females,No response,4.0,,,ESTAT:LFSA_EGAD(1.0),2017-04-26 11:00:00,Annual,From 20 to 64 years,Percentage
Sweden,2023,Females,No response,1.5,,,ESTAT:LFSA_EGAD(1.0),2017-04-26 11:00:00,Annual,From 20 to 64 years,Percentage
Sweden,2024,Females,No response,0.6,,,ESTAT:LFSA_EGAD(1.0),2017-04-26 11:00:00,Annual,From 20 to 64 years,Percentage
Sweden,2025,Females,No response,0.4,,,ESTAT:LFSA_EGAD(1.0),2017-04-26 11:00:00,Annual,From 20 to 64 years,Percentage
Slovenia,2021,Females,No response,,bu,,ESTAT:LFSA_EGAD(1.0),2017-04-26 11:00:00,Annual,From 20 to 64 years,Percentage
Slovenia,2022,Females,No response,,u,,ESTAT:LFSA_EGAD(1.0),2017-04-26 11:00:00,Annual,From 20 to 64 years,Percentage
Slovenia,2023,Females,No response,,u,,ESTAT:LFSA_EGAD(1.0),2017-04-26 11:00:00,Annual,From 20 to 64 years,Percentage
Slovenia,2024,Females,No response,,u,,ESTAT:LFSA_EGAD(1.0),2017-04-26 11:00:00,Annual,From 20 to 64 years,Percentage
Slovenia,2025,Females,No response,,u,,ESTAT:LFSA_EGAD(1.0),2017-04-26 11:00:00,Annual,From 20 to 64 years,Percentage
Slovakia,2021,Females,No response,,bu,,ESTAT:LFSA_EGAD(1.0),2017-04-26 11:00:00,Annual,From 20 to 64 years,Percentage
Slovakia,2022,Females,No response,,u,,ESTAT:LFSA_EGAD(1.0),2017-04-26 11:00:00,Annual,From 20 to 64 years,Percentage
Slovakia,2023,Females,No response,,u,,ESTAT:LFSA_EGAD(1.0),2017-04-26 11:00:00,Annual,From 20 to 64 years,Percentage
Slovakia,2024,Females,No response,,u,,ESTAT:LFSA_EGAD(1.0),2017-04-26 11:00:00,Annual,From 20 to 64 years,Percentage
Slovakia,2025,Females,No response,,u,,ESTAT:LFSA_EGAD(1.0),2017-04-26 11:00:00,Annual,From 20 to 64 years,Percentage
United Kingdom,2016,Females,No response,0.7,,,ESTAT:LFSA_EGAD(1.0),2017-04-26 11:00:00,Annual,From 20 to 64 years,Percentage
United Kingdom,2017,Females,No response,0.6,,,ESTAT:LFSA_EGAD(1.0),2017-04-26 11:00:00,Annual,From 20 to 64 years,Percentage
United Kingdom,2018,Females,No response,0.6,,,ESTAT:LFSA_EGAD(1.0),2017-04-26 11:00:00,Annual,From 20 to 64 years,Percentage
United Kingdom,2019,Females,No response,0.6,,,ESTAT:LFSA_EGAD(1.0),2017-04-26 11:00:00,Annual,From 20 to 64 years,Percentage
Bosnia and Herzegovina,2021,Males,No response,0.1,bu,,ESTAT:LFSA_EGAD(1.0),2017-04-26 11:00:00,Annual,From 20 to 64 years,Percentage
Bosnia and Herzegovina,2022,Males,No response,,u,,ESTAT:LFSA_EGAD(1.0),2017-04-26 11:00:00,Annual,From 20 to 64 years,Percentage
Belgium,2017,Males,No response,,bu,,ESTAT:LFSA_EGAD(1.0),2017-04-26 11:00:00,Annual,From 20 to 64 years,Percentage
Belgium,2018,Males,No response,,u,,ESTAT:LFSA_EGAD(1.0),2017-04-26 11:00:00,Annual,From 20 to 64 years,Percentage
Belgium,2021,Males,No response,,bu,,ESTAT:LFSA_EGAD(1.0),2017-04-26 11:00:00,Annual,From 20 to 64 years,Percentage
Belgium,2022,Males,No response,,u,,ESTAT:LFSA_EGAD(1.0),2017-04-26 11:00:00,Annual,From 20 to 64 years,Percentage
Belgium,2024,Males,No response,,u,,ESTAT:LFSA_EGAD(1.0),2017-04-26 11:00:00,Annual,From 20 to 64 years,Percentage
Belgium,2025,Males,No response,0.2,,,ESTAT:LFSA_EGAD(1.0),2017-04-26 11:00:00,Annual,From 20 to 64 years,Percentage
Bulgaria,2016,Males,No response,,u,,ESTAT:LFSA_EGAD(1.0),2017-04-26 11:00:00,Annual,From 20 to 64 years,Percentage
Bulgaria,2017,Males,No response,,u,,ESTAT:LFSA_EGAD(1.0),2017-04-26 11:00:00,Annual,From 20 to 64 years,Percentage
Bulgaria,2018,Males,No response,,u,,ESTAT:LFSA_EGAD(1.0),2017-04-26 11:00:00,Annual,From 20 to 64 years,Percentage
Bulgaria,2019,Males,No response,,bu,,ESTAT:LFSA_EGAD(1.0),2017-04-26 11:00:00,Annual,From 20 to 64 years,Percentage
Bulgaria,2020,Males,No response,,u,,ESTAT:LFSA_EGAD(1.0),2017-04-26 11:00:00,Annual,From 20 to 64 years,Percentage
Bulgaria,2021,Males,No response,,bu,,ESTAT:LFSA_EGAD(1.0),2017-04-26 11:00:00,Annual,From 20 to 64 years,Percentage
Bulgaria,2022,Males,No response,,u,,ESTAT:LFSA_EGAD(1.0),2017-04-26 11:00:00,Annual,From 20 to 64 years,Percentage
Switzerland,2016,Males,No response,0.4,,,ESTAT:LFSA_EGAD(1.0),2017-04-26 11:00:00,Annual,From 20 to 64 years,Percentage
Switzerland,2017,Males,No response,0.5,,,ESTAT:LFSA_EGAD(1.0),2017-04-26 11:00:00,Annual,From 20 to 64 years,Percentage
Switzerland,2018,Males,No response,0.3,,,ESTAT:LFSA_EGAD(1.0),2017-04-26 11:00:00,Annual,From 20 to 64 years,Percentage
Switzerland,2019,Males,No response,0.4,,,ESTAT:LFSA_EGAD(1.0),2017-04-26 11:00:00,Annual,From 20 to 64 years,Percentage
Switzerland,2020,Males,No response,0.3,,,ESTAT:LFSA_EGAD(1.0),2017-04-26 11:00:00,Annual,From 20 to 64 years,Percentage
Switzerland,2021,Males,No response,0.9,b,,ESTAT:LFSA_EGAD(1.0),2017-04-26 11:00:00,Annual,From 20 to 64 years,Percentage
Switzerland,2022,Males,No response,1.0,,,ESTAT:LFSA_EGAD(1.0),2017-04-26 11:00:00,Annual,From 20 to 64 years,Percentage
Switzerland,2023,Males,No response,1.0,,,ESTAT:LFSA_EGAD(1.0),2017-04-26 11:00:00,Annual,From 20 to 64 years,Percentage
Switzerland,2024,Males,No response,1.0,,,ESTAT:LFSA_EGAD(1.0),2017-04-26 11:00:00,Annual,From 20 to 64 years,Percentage
Switzerland,2025,Males,No response,1.1,,,ESTAT:LFSA_EGAD(1.0),2017-04-26 11:00:00,Annual,From 20 to 64 years,Percentage
Czechia,2016,Males,No response,0.2,,,ESTAT:LFSA_EGAD(1.0),2017-04-26 11:00:00,Annual,From 20 to 64 years,Percentage
Czechia,2017,Males,No response,0.1,,,ESTAT:LFSA_EGAD(1.0),2017-04-26 11:00:00,Annual,From 20 to 64 years,Percentage
Czechia,2018,Males,No response,0.2,,,ESTAT:LFSA_EGAD(1.0),2017-04-26 11:00:00,Annual,From 20 to 64 years,Percentage
Czechia,2019,Males,No response,0.2,,,ESTAT:LFSA_EGAD(1.0),2017-04-26 11:00:00,Annual,From 20 to 64 years,Percentage
Czechia,2020,Males,No response,0.1,,,ESTAT:LFSA_EGAD(1.0),2017-04-26 11:00:00,Annual,From 20 to 64 years,Percentage
Czechia,2021,Males,No response,0.2,b,,ESTAT:LFSA_EGAD(1.0),2017-04-26 11:00:00,Annual,From 20 to 64 years,Percentage
Czechia,2022,Males,No response,0.2,,,ESTAT:LFSA_EGAD(1.0),2017-04-26 11:00:00,Annual,From 20 to 64 years,Percentage
Czechia,2023,Males,No response,2.3,,,ESTAT:LFSA_EGAD(1.0),2017-04-26 11:00:00,Annual,From 20 to 64 years,Percentage
Czechia,2024,Males,No response,4.2,,,ESTAT:LFSA_EGAD(1.0),2017-04-26 11:00:00,Annual,From 20 to 64 years,Percentage
Czechia,2025,Males,No response,3.7,,,ESTAT:LFSA_EGAD(1.0),2017-04-26 11:00:00,Annual,From 20 to 64 years,Percentage
Germany,2016,Males,No response,3.3,,,ESTAT:LFSA_EGAD(1.0),2017-04-26 11:00:00,Annual,From 20 to 64 years,Percentage
Germany,2017,Males,No response,2.8,,,ESTAT:LFSA_EGAD(1.0),2017-04-26 11:00:00,Annual,From 20 to 64 years,Percentage
Germany,2018,Males,No response,2.4,,,ESTAT:LFSA_EGAD(1.0),2017-04-26 11:00:00,Annual,From 20 to 64 years,Percentage
Germany,2019,Males,No response,2.8,,,ESTAT:LFSA_EGAD(1.0),2017-04-26 11:00:00,Annual,From 20 to 64 years,Percentage
Germany,2020,Males,No response,1.2,b,,ESTAT:LFSA_EGAD(1.0),2017-04-26 11:00:00,Annual,From 20 to 64 years,Percentage
Germany,2021,Males,No response,1.1,b,,ESTAT:LFSA_EGAD(1.0),2017-04-26 11:00:00,Annual,From 20 to 64 years,Percentage
Germany,2022,Males,No response,0.6,,,ESTAT:LFSA_EGAD(1.0),2017-04-26 11:00:00,Annual,From 20 to 64 years,Percentage
Germany,2023,Males,No response,0.5,,,ESTAT:LFSA_EGAD(1.0),2017-04-26 11:00:00,Annual,From 20 to 64 years,Percentage
Germany,2024,Males,No response,0.4,,,ESTAT:LFSA_EGAD(1.0),2017-04-26 11:00:00,Annual,From 20 to 64 years,Percentage
Germany,2025,Males,No response,0.3,,,ESTAT:LFSA_EGAD(1.0),2017-04-26 11:00:00,Annual,From 20 to 64 years,Percentage
Denmark,2016,Males,No response,,bu,,ESTAT:LFSA_EGAD(1.0),2017-04-26 11:00:00,Annual,From 20 to 64 years,Percentage
Denmark,2021,Males,No response,,bu,,ESTAT:LFSA_EGAD(1.0),2017-04-26 11:00:00,Annual,From 20 to 64 years,Percentage
Denmark,2022,Males,No response,,u,,ESTAT:LFSA_EGAD(1.0),2017-04-26 11:00:00,Annual,From 20 to 64 years,Percentage
Denmark,2023,Males,No response,,bu,,ESTAT:LFSA_EGAD(1.0),2017-04-26 11:00:00,Annual,From 20 to 64 years,Percentage
Denmark,2024,Males,No response,,u,,ESTAT:LFSA_EGAD(1.0),2017-04-26 11:00:00,Annual,From 20 to 64 years,Percentage
Denmark,2025,Males,No response,,u,,ESTAT:LFSA_EGAD(1.0),2017-04-26 11:00:00,Annual,From 20 to 64 years,Percentage
Euro area – 21 countries (from 2026),2016,Males,No response,1.2,,,ESTAT:LFSA_EGAD(1.0),2017-04-26 11:00:00,Annual,From 20 to 64 years,Percentage
Euro area – 21 countries (from 2026),2017,Males,No response,1.1,,,ESTAT:LFSA_EGAD(1.0),2017-04-26 11:00:00,Annual,From 20 to 64 years,Percentage
Euro area – 21 countries (from 2026),2018,Males,No response,1.0,,,ESTAT:LFSA_EGAD(1.0),2017-04-26 11:00:00,Annual,From 20 to 64 years,Percentage
Euro area – 21 countries (from 2026),2019,Males,No response,1.1,,,ESTAT:LFSA_EGAD(1.0),2017-04-26 11:00:00,Annual,From 20 to 64 years,Percentage
Euro area – 21 countries (from 2026),2020,Males,No response,0.6,,,ESTAT:LFSA_EGAD(1.0),2017-04-26 11:00:00,Annual,From 20 to 64 years,Percentage
Euro area – 21 countries (from 2026),2021,Males,No response,1.0,b,,ESTAT:LFSA_EGAD(1.0),2017-04-26 11:00:00,Annual,From 20 to 64 years,Percentage
Euro area – 21 countries (from 2026),2022,Males,No response,0.7,,,ESTAT:LFSA_EGAD(1.0),2017-04-26 11:00:00,Annual,From 20 to 64 years,Percentage
Euro area – 21 countries (from 2026),2023,Males,No response,0.7,,,ESTAT:LFSA_EGAD(1.0),2017-04-26 11:00:00,Annual,From 20 to 64 years,Percentage
Euro area – 21 countries (from 2026),2024,Males,No response,0.6,,,ESTAT:LFSA_EGAD(1.0),2017-04-26 11:00:00,Annual,From 20 to 64 years,Percentage
Euro area – 21 countries (from 2026),2025,Males,No response,0.6,,,ESTAT:LFSA_EGAD(1.0),2017-04-26 11:00:00,Annual,From 20 to 64 years,Percentage
Estonia,2016,Males,No response,,u,,ESTAT:LFSA_EGAD(1.0),2017-04-26 11:00:00,Annual,From 20 to 64 years,Percentage
Estonia,2017,Males,No response,0.4,u,,ESTAT:LFSA_EGAD(1.0),2017-04-26 11:00:00,Annual,From 20 to 64 years,Percentage
Estonia,2018,Males,No response,,u,,ESTAT:LFSA_EGAD(1.0),2017-04-26 11:00:00,Annual,From 20 to 64 years,Percentage
Estonia,2019,Males,No response,,u,,ESTAT:LFSA_EGAD(1.0),2017-04-26 11:00:00,Annual,From 20 to 64 years,Percentage
Estonia,2020,Males,No response,0.4,u,,ESTAT:LFSA_EGAD(1.0),2017-04-26 11:00:00,Annual,From 20 to 64 years,Percentage
Estonia,2021,Males,No response,0.4,bu,,ESTAT:LFSA_EGAD(1.0),2017-04-26 11:00:00,Annual,From 20 to 64 years,Percentage
Estonia,2022,Males,No response,0.3,u,,ESTAT:LFSA_EGAD(1.0),2017-04-26 11:00:00,Annual,From 20 to 64 years,Percentage
Estonia,2023,Males,No response,,u,,ESTAT:LFSA_EGAD(1.0),2017-04-26 11:00:00,Annual,From 20 to 64 years,Percentage
Estonia,2024,Males,No response,,u,,ESTAT:LFSA_EGAD(1.0),2017-04-26 11:00:00,Annual,From 20 to 64 years,Percentage
Estonia,2025,Males,No response,,u,,ESTAT:LFSA_EGAD(1.0),2017-04-26 11:00:00,Annual,From 20 to 64 years,Percentage
Greece,2021,Males,No response,1.0,b,,ESTAT:LFSA_EGAD(1.0),2017-04-26 11:00:00,Annual,From 20 to 64 years,Percentage
Greece,2022,Males,No response,2.6,,,ESTAT:LFSA_EGAD(1.0),2017-04-26 11:00:00,Annual,From 20 to 64 years,Percentage
Greece,2023,Males,No response,2.1,,,ESTAT:LFSA_EGAD(1.0),2017-04-26 11:00:00,Annual,From 20 to 64 years,Percentage
Greece,2024,Males,No response,1.7,,,ESTAT:LFSA_EGAD(1.0),2017-04-26 11:00:00,Annual,From 20 to 64 years,Percentage
Greece,2025,Males,No response,2.4,,,ESTAT:LFSA_EGAD(1.0),2017-04-26 11:00:00,Annual,From 20 to 64 years,Percentage
European Union - 27 countries (from 2020),2016,Males,No response,1.1,,,ESTAT:LFSA_EGAD(1.0),2017-04-26 11:00:00,Annual,From 20 to 64 years,Percentage
European Union - 27 countries (from 2020),2017,Males,No response,1.0,,,ESTAT:LFSA_EGAD(1.0),2017-04-26 11:00:00,Annual,From 20 to 64 years,Percentage
European Union - 27 countries (from 2020),2018,Males,No response,1.0,,,ESTAT:LFSA_EGAD(1.0),2017-04-26 11:00:00,Annual,From 20 to 64 years,Percentage
European Union - 27 countries (from 2020),2019,Males,No response,1.1,,,ESTAT:LFSA_EGAD(1.0),2017-04-26 11:00:00,Annual,From 20 to 64 years,Percentage
European Union - 27 countries (from 2020),2020,Males,No response,0.7,,,ESTAT:LFSA_EGAD(1.0),2017-04-26 11:00:00,Annual,From 20 to 64 years,Percentage
European Union - 27 countries (from 2020),2021,Males,No response,1.4,b,,ESTAT:LFSA_EGAD(1.0),2017-04-26 11:00:00,Annual,From 20 to 64 years,Percentage
European Union - 27 countries (from 2020),2022,Males,No response,1.1,,,ESTAT:LFSA_EGAD(1.0),2017-04-26 11:00:00,Annual,From 20 to 64 years,Percentage
European Union - 27 countries (from 2020),2023,Males,No response,1.0,,,ESTAT:LFSA_EGAD(1.0),2017-04-26 11:00:00,Annual,From 20 to 64 years,Percentage
European Union - 27 countries (from 2020),2024,Males,No response,1.0,,,ESTAT:LFSA_EGAD(1.0),2017-04-26 11:00:00,Annual,From 20 to 64 years,Percentage
European Union - 27 countries (from 2020),2025,Males,No response,1.0,,,ESTAT:LFSA_EGAD(1.0),2017-04-26 11:00:00,Annual,From 20 to 64 years,Percentage
Finland,2016,Males,No response,0.2,u,,ESTAT:LFSA_EGAD(1.0),2017-04-26 11:00:00,Annual,From 20 to 64 years,Percentage
Finland,2017,Males,No response,0.2,u,,ESTAT:LFSA_EGAD(1.0),2017-04-26 11:00:00,Annual,From 20 to 64 years,Percentage
Finland,2018,Males,No response,0.2,u,,ESTAT:LFSA_EGAD(1.0),2017-04-26 11:00:00,Annual,From 20 to 64 years,Percentage
Finland,2019,Males,No response,0.2,u,,ESTAT:LFSA_EGAD(1.0),2017-04-26 11:00:00,Annual,From 20 to 64 years,Percentage
Finland,2020,Males,No response,,u,,ESTAT:LFSA_EGAD(1.0),2017-04-26 11:00:00,Annual,From 20 to 64 years,Percentage
Finland,2021,Males,No response,2.5,b,,ESTAT:LFSA_EGAD(1.0),2017-04-26 11:00:00,Annual,From 20 to 64 years,Percentage
Finland,2022,Males,No response,2.5,,,ESTAT:LFSA_EGAD(1.0),2017-04-26 11:00:00,Annual,From 20 to 64 years,Percentage
Finland,2023,Males,No response,2.3,,,ESTAT:LFSA_EGAD(1.0),2017-04-26 11:00:00,Annual,From 20 to 64 years,Percentage
Finland,2024,Males,No response,2.3,,,ESTAT:LFSA_EGAD(1.0),2017-04-26 11:00:00,Annual,From 20 to 64 years,Percentage
Finland,2025,Males,No response,1.9,,,ESTAT:LFSA_EGAD(1.0),2017-04-26 11:00:00,Annual,From 20 to 64 years,Percentage
France,2016,Males,No response,0.9,,,ESTAT:LFSA_EGAD(1.0),2017-04-26 11:00:00,Annual,From 20 to 64 years,Percentage
France,2017,Males,No response,1.0,,,ESTAT:LFSA_EGAD(1.0),2017-04-26 11:00:00,Annual,From 20 to 64 years,Percentage
France,2018,Males,No response,0.9,,,ESTAT:LFSA_EGAD(1.0),2017-04-26 11:00:00,Annual,From 20 to 64 years,Percentage
France,2019,Males,No response,0.9,,,ESTAT:LFSA_EGAD(1.0),2017-04-26 11:00:00,Annual,From 20 to 64 years,Percentage
France,2020,Males,No response,0.8,,,ESTAT:LFSA_EGAD(1.0),2017-04-26 11:00:00,Annual,From 20 to 64 years,Percentage
France,2021,Males,No response,2.0,bd,,ESTAT:LFSA_EGAD(1.0),2017-04-26 11:00:00,Annual,From 20 to 64 years,Percentage
France,2022,Males,No response,1.2,d,,ESTAT:LFSA_EGAD(1.0),2017-04-26 11:00:00,Annual,From 20 to 64 years,Percentage
France,2023,Males,No response,1.1,d,,ESTAT:LFSA_EGAD(1.0),2017-04-26 11:00:00,Annual,From 20 to 64 years,Percentage
France,2024,Males,No response,1.1,d,,ESTAT:LFSA_EGAD(1.0),2017-04-26 11:00:00,Annual,From 20 to 64 years,Percentage
France,2025,Males,No response,1.3,d,,ESTAT:LFSA_EGAD(1.0),2017-04-26 11:00:00,Annual,From 20 to 64 years,Percentage
Croatia,2016,Males,No response,1.0,u,,ESTAT:LFSA_EGAD(1.0),2017-04-26 11:00:00,Annual,From 20 to 64 years,Percentage
Croatia,2017,Males,No response,1.3,,,ESTAT:LFSA_EGAD(1.0),2017-04-26 11:00:00,Annual,From 20 to 64 years,Percentage
Croatia,2018,Males,No response,2.2,,,ESTAT:LFSA_EGAD(1.0),2017-04-26 11:00:00,Annual,From 20 to 64 years,Percentage
Croatia,2019,Males,No response,2.0,,,ESTAT:LFSA_EGAD(1.0),2017-04-26 11:00:00,Annual,From 20 to 64 years,Percentage
Croatia,2020,Males,No response,2.4,,,ESTAT:LFSA_EGAD(1.0),2017-04-26 11:00:00,Annual,From 20 to 64 years,Percentage
Croatia,2021,Males,No response,2.5,b,,ESTAT:LFSA_EGAD(1.0),2017-04-26 11:00:00,Annual,From 20 to 64 years,Percentage
Croatia,2022,Males,No response,2.7,,,ESTAT:LFSA_EGAD(1.0),2017-04-26 11:00:00,Annual,From 20 to 64 years,Percentage
Croatia,2023,Males,No response,3.3,,,ESTAT:LFSA_EGAD(1.0),2017-04-26 11:00:00,Annual,From 20 to 64 years,Percentage
Croatia,2024,Males,No response,2.5,,,ESTAT:LFSA_EGAD(1.0),2017-04-26 11:00:00,Annual,From 20 to 64 years,Percentage
Croatia,2025,Males,No response,1.8,,,ESTAT:LFSA_EGAD(1.0),2017-04-26 11:00:00,Annual,From 20 to 64 years,Percentage
Hungary,2016,Males,No response,,u,,ESTAT:LFSA_EGAD(1.0),2017-04-26 11:00:00,Annual,From 20 to 64 years,Percentage
Ireland,2016,Males,No response,4.0,,,ESTAT:LFSA_EGAD(1.0),2017-04-26 11:00:00,Annual,From 20 to 64 years,Percentage
Ireland,2017,Males,No response,5.4,b,,ESTAT:LFSA_EGAD(1.0),2017-04-26 11:00:00,Annual,From 20 to 64 years,Percentage
Ireland,2018,Males,No response,5.8,,,ESTAT:LFSA_EGAD(1.0),2017-04-26 11:00:00,Annual,From 20 to 64 years,Percentage
Ireland,2019,Males,No response,4.5,,,ESTAT:LFSA_EGAD(1.0),2017-04-26 11:00:00,Annual,From 20 to 64 years,Percentage
Ireland,2020,Males,No response,2.7,,,ESTAT:LFSA_EGAD(1.0),2017-04-26 11:00:00,Annual,From 20 to 64 years,Percentage
Ireland,2021,Males,No response,5.6,b,,ESTAT:LFSA_EGAD(1.0),2017-04-26 11:00:00,Annual,From 20 to 64 years,Percentage
Ireland,2022,Males,No response,6.5,,,ESTAT:LFSA_EGAD(1.0),2017-04-26 11:00:00,Annual,From 20 to 64 years,Percentage
Ireland,2023,Males,No response,6.8,,,ESTAT:LFSA_EGAD(1.0),2017-04-26 11:00:00,Annual,From 20 to 64 years,Percentage
Ireland,2024,Males,No response,5.5,,,ESTAT:LFSA_EGAD(1.0),2017-04-26 11:00:00,Annual,From 20 to 64 years,Percentage
Ireland,2025,Males,No response,2.4,,,ESTAT:LFSA_EGAD(1.0),2017-04-26 11:00:00,Annual,From 20 to 64 years,Percentage
Iceland,2016,Males,No response,0.8,,,ESTAT:LFSA_EGAD(1.0),2017-04-26 11:00:00,Annual,From 20 to 64 years,Percentage
Iceland,2017,Males,No response,1.0,,,ESTAT:LFSA_EGAD(1.0),2017-04-26 11:00:00,Annual,From 20 to 64 years,Percentage
Iceland,2018,Males,No response,0.7,,,ESTAT:LFSA_EGAD(1.0),2017-04-26 11:00:00,Annual,From 20 to 64 years,Percentage
Iceland,2019,Males,No response,0.9,,,ESTAT:LFSA_EGAD(1.0),2017-04-26 11:00:00,Annual,From 20 to 64 years,Percentage
Iceland,2020,Males,No response,1.4,b,,ESTAT:LFSA_EGAD(1.0),2017-04-26 11:00:00,Annual,From 20 to 64 years,Percentage
Iceland,2021,Males,No response,1.3,b,,ESTAT:LFSA_EGAD(1.0),2017-04-26 11:00:00,Annual,From 20 to 64 years,Percentage
Iceland,2022,Males,No response,1.2,,,ESTAT:LFSA_EGAD(1.0),2017-04-26 11:00:00,Annual,From 20 to 64 years,Percentage
Iceland,2023,Males,No response,1.2,,,ESTAT:LFSA_EGAD(1.0),2017-04-26 11:00:00,Annual,From 20 to 64 years,Percentage
Iceland,2024,Males,No response,1.2,,,ESTAT:LFSA_EGAD(1.0),2017-04-26 11:00:00,Annual,From 20 to 64 years,Percentage
Italy,2021,Males,No response,,bu,,ESTAT:LFSA_EGAD(1.0),2017-04-26 11:00:00,Annual,From 20 to 64 years,Percentage
Luxembourg,2016,Males,No response,3.1,b,,ESTAT:LFSA_EGAD(1.0),2017-04-26 11:00:00,Annual,From 20 to 64 years,Percentage
Luxembourg,2017,Males,No response,2.7,,,ESTAT:LFSA_EGAD(1.0),2017-04-26 11:00:00,Annual,From 20 to 64 years,Percentage
Luxembourg,2018,Males,No response,4.0,,,ESTAT:LFSA_EGAD(1.0),2017-04-26 11:00:00,Annual,From 20 to 64 years,Percentage
Luxembourg,2019,Males,No response,4.3,,,ESTAT:LFSA_EGAD(1.0),2017-04-26 11:00:00,Annual,From 20 to 64 years,Percentage
Luxembourg,2020,Males,No response,3.7,,,ESTAT:LFSA_EGAD(1.0),2017-04-26 11:00:00,Annual,From 20 to 64 years,Percentage
Luxembourg,2021,Males,No response,1.3,b,,ESTAT:LFSA_EGAD(1.0),2017-04-26 11:00:00,Annual,From 20 to 64 years,Percentage
Luxembourg,2022,Males,No response,0.8,,,ESTAT:LFSA_EGAD(1.0),2017-04-26 11:00:00,Annual,From 20 to 64 years,Percentage
Luxembourg,2023,Males,No response,,u,,ESTAT:LFSA_EGAD(1.0),2017-04-26 11:00:00,Annual,From 20 to 64 years,Percentage
Luxembourg,2024,Males,No response,,u,,ESTAT:LFSA_EGAD(1.0),2017-04-26 11:00:00,Annual,From 20 to 64 years,Percentage
Luxembourg,2025,Males,No response,,u,,ESTAT:LFSA_EGAD(1.0),2017-04-26 11:00:00,Annual,From 20 to 64 years,Percentage
Latvia,2016,Males,No response,,u,,ESTAT:LFSA_EGAD(1.0),2017-04-26 11:00:00,Annual,From 20 to 64 years,Percentage
Latvia,2018,Males,No response,,u,,ESTAT:LFSA_EGAD(1.0),2017-04-26 11:00:00,Annual,From 20 to 64 years,Percentage
Latvia,2022,Males,No response,,u,,ESTAT:LFSA_EGAD(1.0),2017-04-26 11:00:00,Annual,From 20 to 64 years,Percentage
Latvia,2023,Males,No response,,u,,ESTAT:LFSA_EGAD(1.0),2017-04-26 11:00:00,Annual,From 20 to 64 years,Percentage
Latvia,2025,Males,No response,,u,,ESTAT:LFSA_EGAD(1.0),2017-04-26 11:00:00,Annual,From 20 to 64 years,Percentage
Montenegro,2017,Males,No response,,u,,ESTAT:LFSA_EGAD(1.0),2017-04-26 11:00:00,Annual,From 20 to 64 years,Percentage
North Macedonia,2016,Males,No response,,u,,ESTAT:LFSA_EGAD(1.0),2017-04-26 11:00:00,Annual,From 20 to 64 years,Percentage
North Macedonia,2017,Males,No response,,u,,ESTAT:LFSA_EGAD(1.0),2017-04-26 11:00:00,Annual,From 20 to 64 years,Percentage
North Macedonia,2018,Males,No response,,u,,ESTAT:LFSA_EGAD(1.0),2017-04-26 11:00:00,Annual,From 20 to 64 years,Percentage
North Macedonia,2019,Males,No response,,u,,ESTAT:LFSA_EGAD(1.0),2017-04-26 11:00:00,Annual,From 20 to 64 years,Percentage
North Macedonia,2020,Males,No response,,u,,ESTAT:LFSA_EGAD(1.0),2017-04-26 11:00:00,Annual,From 20 to 64 years,Percentage
North Macedonia,2022,Males,No response,,u,,ESTAT:LFSA_EGAD(1.0),2017-04-26 11:00:00,Annual,From 20 to 64 years,Percentage
North Macedonia,2023,Males,No response,,u,,ESTAT:LFSA_EGAD(1.0),2017-04-26 11:00:00,Annual,From 20 to 64 years,Percentage
North Macedonia,2024,Males,No response,,u,,ESTAT:LFSA_EGAD(1.0),2017-04-26 11:00:00,Annual,From 20 to 64 years,Percentage
Malta,2017,Males,No response,,u,,ESTAT:LFSA_EGAD(1.0),2017-04-26 11:00:00,Annual,From 20 to 64 years,Percentage
Malta,2018,Males,No response,,u,,ESTAT:LFSA_EGAD(1.0),2017-04-26 11:00:00,Annual,From 20 to 64 years,Percentage
Netherlands,2016,Males,No response,1.6,,,ESTAT:LFSA_EGAD(1.0),2017-04-26 11:00:00,Annual,From 20 to 64 years,Percentage
Netherlands,2017,Males,No response,1.6,,,ESTAT:LFSA_EGAD(1.0),2017-04-26 11:00:00,Annual,From 20 to 64 years,Percentage
Netherlands,2018,Males,No response,1.7,,,ESTAT:LFSA_EGAD(1.0),2017-04-26 11:00:00,Annual,From 20 to 64 years,Percentage
Netherlands,2019,Males,No response,1.8,,,ESTAT:LFSA_EGAD(1.0),2017-04-26 11:00:00,Annual,From 20 to 64 years,Percentage
Netherlands,2020,Males,No response,1.8,,,ESTAT:LFSA_EGAD(1.0),2017-04-26 11:00:00,Annual,From 20 to 64 years,Percentage
Netherlands,2021,Males,No response,2.7,b,,ESTAT:LFSA_EGAD(1.0),2017-04-26 11:00:00,Annual,From 20 to 64 years,Percentage
Netherlands,2022,Males,No response,2.3,,,ESTAT:LFSA_EGAD(1.0),2017-04-26 11:00:00,Annual,From 20 to 64 years,Percentage
Netherlands,2023,Males,No response,2.3,,,ESTAT:LFSA_EGAD(1.0),2017-04-26 11:00:00,Annual,From 20 to 64 years,Percentage
Netherlands,2024,Males,No response,2.5,,,ESTAT:LFSA_EGAD(1.0),2017-04-26 11:00:00,Annual,From 20 to 64 years,Percentage
Netherlands,2025,Males,No response,2.7,,,ESTAT:LFSA_EGAD(1.0),2017-04-26 11:00:00,Annual,From 20 to 64 years,Percentage
Norway,2016,Males,No response,1.4,,,ESTAT:LFSA_EGAD(1.0),2017-04-26 11:00:00,Annual,From 20 to 64 years,Percentage
Norway,2017,Males,No response,1.2,,,ESTAT:LFSA_EGAD(1.0),2017-04-26 11:00:00,Annual,From 20 to 64 years,Percentage
Norway,2018,Males,No response,1.1,,,ESTAT:LFSA_EGAD(1.0),2017-04-26 11:00:00,Annual,From 20 to 64 years,Percentage
Norway,2019,Males,No response,0.9,,,ESTAT:LFSA_EGAD(1.0),2017-04-26 11:00:00,Annual,From 20 to 64 years,Percentage
Norway,2020,Males,No response,0.8,,,ESTAT:LFSA_EGAD(1.0),2017-04-26 11:00:00,Annual,From 20 to 64 years,Percentage
Norway,2021,Males,No response,1.2,b,,ESTAT:LFSA_EGAD(1.0),2017-04-26 11:00:00,Annual,From 20 to 64 years,Percentage
Norway,2022,Males,No response,1.2,,,ESTAT:LFSA_EGAD(1.0),2017-04-26 11:00:00,Annual,From 20 to 64 years,Percentage
Norway,2023,Males,No response,1.6,,,ESTAT:LFSA_EGAD(1.0),2017-04-26 11:00:00,Annual,From 20 to 64 years,Percentage
Norway,2024,Males,No response,0.4,u,,ESTAT:LFSA_EGAD(1.0),2017-04-26 11:00:00,Annual,From 20 to 64 years,Percentage
Norway,2025,Males,No response,0.4,u,,ESTAT:LFSA_EGAD(1.0),2017-04-26 11:00:00,Annual,From 20 to 64 years,Percentage
Poland,2016,Males,No response,1.8,,,ESTAT:LFSA_EGAD(1.0),2017-04-26 11:00:00,Annual,From 20 to 64 years,Percentage
Poland,2017,Males,No response,1.7,,,ESTAT:LFSA_EGAD(1.0),2017-04-26 11:00:00,Annual,From 20 to 64 years,Percentage
Poland,2018,Males,No response,1.7,,,ESTAT:LFSA_EGAD(1.0),2017-04-26 11:00:00,Annual,From 20 to 64 years,Percentage
Poland,2019,Males,No response,2.1,b,,ESTAT:LFSA_EGAD(1.0),2017-04-26 11:00:00,Annual,From 20 to 64 years,Percentage
Poland,2020,Males,No response,2.0,,,ESTAT:LFSA_EGAD(1.0),2017-04-26 11:00:00,Annual,From 20 to 64 years,Percentage
Poland,2021,Males,No response,4.1,b,,ESTAT:LFSA_EGAD(1.0),2017-04-26 11:00:00,Annual,From 20 to 64 years,Percentage
Poland,2022,Males,No response,4.1,,,ESTAT:LFSA_EGAD(1.0),2017-04-26 11:00:00,Annual,From 20 to 64 years,Percentage
Poland,2023,Males,No response,4.2,,,ESTAT:LFSA_EGAD(1.0),2017-04-26 11:00:00,Annual,From 20 to 64 years,Percentage
Poland,2024,Males,No response,4.2,,,ESTAT:LFSA_EGAD(1.0),2017-04-26 11:00:00,Annual,From 20 to 64 years,Percentage
Poland,2025,Males,No response,4.4,,,ESTAT:LFSA_EGAD(1.0),2017-04-26 11:00:00,Annual,From 20 to 64 years,Percentage
Sweden,2016,Males,No response,0.8,,,ESTAT:LFSA_EGAD(1.0),2017-04-26 11:00:00,Annual,From 20 to 64 years,Percentage
Sweden,2017,Males,No response,0.7,,,ESTAT:LFSA_EGAD(1.0),2017-04-26 11:00:00,Annual,From 20 to 64 years,Percentage
Sweden,2018,Males,No response,0.7,b,,ESTAT:LFSA_EGAD(1.0),2017-04-26 11:00:00,Annual,From 20 to 64 years,Percentage
Sweden,2019,Males,No response,0.7,,,ESTAT:LFSA_EGAD(1.0),2017-04-26 11:00:00,Annual,From 20 to 64 years,Percentage
Sweden,2020,Males,No response,0.6,,,ESTAT:LFSA_EGAD(1.0),2017-04-26 11:00:00,Annual,From 20 to 64 years,Percentage
Sweden,2021,Males,No response,12.2,b,,ESTAT:LFSA_EGAD(1.0),2017-04-26 11:00:00,Annual,From 20 to 64 years,Percentage
Sweden,2022,Males,No response,8.0,,,ESTAT:LFSA_EGAD(1.0),2017-04-26 11:00:00,Annual,From 20 to 64 years,Percentage
Sweden,2023,Males,No response,2.4,,,ESTAT:LFSA_EGAD(1.0),2017-04-26 11:00:00,Annual,From 20 to 64 years,Percentage
Sweden,2024,Males,No response,0.4,,,ESTAT:LFSA_EGAD(1.0),2017-04-26 11:00:00,Annual,From 20 to 64 years,Percentage
Sweden,2025,Males,No response,0.5,,,ESTAT:LFSA_EGAD(1.0),2017-04-26 11:00:00,Annual,From 20 to 64 years,Percentage
Slovenia,2017,Males,No response,,u,,ESTAT:LFSA_EGAD(1.0),2017-04-26 11:00:00,Annual,From 20 to 64 years,Percentage
Slovenia,2018,Males,No response,,u,,ESTAT:LFSA_EGAD(1.0),2017-04-26 11:00:00,Annual,From 20 to 64 years,Percentage
Slovenia,2020,Males,No response,,u,,ESTAT:LFSA_EGAD(1.0),2017-04-26 11:00:00,Annual,From 20 to 64 years,Percentage
Slovenia,2021,Males,No response,,bu,,ESTAT:LFSA_EGAD(1.0),2017-04-26 11:00:00,Annual,From 20 to 64 years,Percentage
Slovenia,2022,Males,No response,,u,,ESTAT:LFSA_EGAD(1.0),2017-04-26 11:00:00,Annual,From 20 to 64 years,Percentage
Slovenia,2023,Males,No response,,u,,ESTAT:LFSA_EGAD(1.0),2017-04-26 11:00:00,Annual,From 20 to 64 years,Percentage
Slovenia,2024,Males,No response,,u,,ESTAT:LFSA_EGAD(1.0),2017-04-26 11:00:00,Annual,From 20 to 64 years,Percentage
Slovenia,2025,Males,No response,,u,,ESTAT:LFSA_EGAD(1.0),2017-04-26 11:00:00,Annual,From 20 to 64 years,Percentage
Slovakia,2020,Males,No response,,u,,ESTAT:LFSA_EGAD(1.0),2017-04-26 11:00:00,Annual,From 20 to 64 years,Percentage
Slovakia,2021,Males,No response,,bu,,ESTAT:LFSA_EGAD(1.0),2017-04-26 11:00:00,Annual,From 20 to 64 years,Percentage
Slovakia,2022,Males,No response,,u,,ESTAT:LFSA_EGAD(1.0),2017-04-26 11:00:00,Annual,From 20 to 64 years,Percentage
Slovakia,2023,Males,No response,,u,,ESTAT:LFSA_EGAD(1.0),2017-04-26 11:00:00,Annual,From 20 to 64 years,Percentage
Slovakia,2024,Males,No response,,u,,ESTAT:LFSA_EGAD(1.0),2017-04-26 11:00:00,Annual,From 20 to 64 years,Percentage
Slovakia,2025,Males,No response,0.5,u,,ESTAT:LFSA_EGAD(1.0),2017-04-26 11:00:00,Annual,From 20 to 64 years,Percentage
United Kingdom,2016,Males,No response,1.0,,,ESTAT:LFSA_EGAD(1.0),2017-04-26 11:00:00,Annual,From 20 to 64 years,Percentage
United Kingdom,2017,Males,No response,1.0,,,ESTAT:LFSA_EGAD(1.0),2017-04-26 11:00:00,Annual,From 20 to 64 years,Percentage
United Kingdom,2018,Males,No response,1.0,,,ESTAT:LFSA_EGAD(1.0),2017-04-26 11:00:00,Annual,From 20 to 64 years,Percentage
United Kingdom,2019,Males,No response,0.9,,,ESTAT:LFSA_EGAD(1.0),2017-04-26 11:00:00,Annual,From 20 to 64 years,Percentage
