country,year,sex,value,quality_obs_status_label,quality_note_indicator_label,quality_note_source_label,source_label,indicator_label
Afghanistan,2021,Male,44.91,,,Repository: ILO-STATISTICS - Micro data processing | Data reference period: First quarter,LFS - Labour Force Survey,Mean weekly hours usually worked per employee by sex
Afghanistan,2021,Female,33.1,,,Repository: ILO-STATISTICS - Micro data processing | Data reference period: First quarter,LFS - Labour Force Survey,Mean weekly hours usually worked per employee by sex
Angola,2025,Male,52.66,,,Repository: ILO-STATISTICS - Micro data processing,LFS - Employment Survey,Mean weekly hours usually worked per employee by sex
Angola,2025,Female,46.67,,,Repository: ILO-STATISTICS - Micro data processing,LFS - Employment Survey,Mean weekly hours usually worked per employee by sex
Angola,2024,Male,52.89,,,Repository: ILO-STATISTICS - Micro data processing,LFS - Employment Survey,Mean weekly hours usually worked per employee by sex
Angola,2024,Female,46.26,,,Repository: ILO-STATISTICS - Micro data processing,LFS - Employment Survey,Mean weekly hours usually worked per employee by sex
Angola,2023,Male,51.54,,,Repository: ILO-STATISTICS - Micro data processing,LFS - Employment Survey,Mean weekly hours usually worked per employee by sex
Angola,2023,Female,44.43,,,Repository: ILO-STATISTICS - Micro data processing,LFS - Employment Survey,Mean weekly hours usually worked per employee by sex
Angola,2022,Male,51.43,,,Repository: ILO-STATISTICS - Micro data processing,LFS - Employment Survey,Mean weekly hours usually worked per employee by sex
Angola,2022,Female,44.71,,,Repository: ILO-STATISTICS - Micro data processing,LFS - Employment Survey,Mean weekly hours usually worked per employee by sex
Angola,2021,Male,50.89,,,Repository: ILO-STATISTICS - Micro data processing,LFS - Employment Survey,Mean weekly hours usually worked per employee by sex
Angola,2021,Female,44.06,,,Repository: ILO-STATISTICS - Micro data processing,LFS - Employment Survey,Mean weekly hours usually worked per employee by sex
Angola,2020,Male,50.47,,,Repository: ILO-STATISTICS - Micro data processing,LFS - Employment Survey,Mean weekly hours usually worked per employee by sex
Angola,2020,Female,42.23,,,Repository: ILO-STATISTICS - Micro data processing,LFS - Employment Survey,Mean weekly hours usually worked per employee by sex
Angola,2019,Male,51.03,Break in series,Break in series: Methodology revised,Repository: ILO-STATISTICS - Micro data processing,LFS - Employment Survey,Mean weekly hours usually worked per employee by sex
Angola,2019,Female,42.38,Break in series,Break in series: Methodology revised,Repository: ILO-STATISTICS - Micro data processing,LFS - Employment Survey,Mean weekly hours usually worked per employee by sex
Albania,2024,Male,44.62,,,Repository: ILO-STATISTICS - Micro data processing,LFS - Labour Force Survey,Mean weekly hours usually worked per employee by sex
Albania,2024,Female,42.46,,,Repository: ILO-STATISTICS - Micro data processing,LFS - Labour Force Survey,Mean weekly hours usually worked per employee by sex
Albania,2023,Male,44.54,,,Repository: ILO-STATISTICS - Micro data processing,LFS - Labour Force Survey,Mean weekly hours usually worked per employee by sex
Albania,2023,Female,42.66,,,Repository: ILO-STATISTICS - Micro data processing,LFS - Labour Force Survey,Mean weekly hours usually worked per employee by sex
Albania,2022,Male,44.84,,,Repository: ILO-STATISTICS - Micro data processing,LFS - Labour Force Survey,Mean weekly hours usually worked per employee by sex
Albania,2022,Female,42.62,,,Repository: ILO-STATISTICS - Micro data processing,LFS - Labour Force Survey,Mean weekly hours usually worked per employee by sex
Albania,2021,Male,44.39,,,Repository: ILO-STATISTICS - Micro data processing,LFS - Labour Force Survey,Mean weekly hours usually worked per employee by sex
Albania,2021,Female,42.12,,,Repository: ILO-STATISTICS - Micro data processing,LFS - Labour Force Survey,Mean weekly hours usually worked per employee by sex
Albania,2020,Male,44.1,,,Repository: ILO-STATISTICS - Micro data processing,LFS - Labour Force Survey,Mean weekly hours usually worked per employee by sex
Albania,2020,Female,42.11,,,Repository: ILO-STATISTICS - Micro data processing,LFS - Labour Force Survey,Mean weekly hours usually worked per employee by sex
Albania,2019,Male,44.37,,,Repository: ILO-STATISTICS - Micro data processing,LFS - Labour Force Survey,Mean weekly hours usually worked per employee by sex
Albania,2019,Female,42.32,,,Repository: ILO-STATISTICS - Micro data processing,LFS - Labour Force Survey,Mean weekly hours usually worked per employee by sex
Albania,2018,Male,44.35,,,Repository: ILO-STATISTICS - Micro data processing,LFS - Labour Force Survey,Mean weekly hours usually worked per employee by sex
Albania,2018,Female,42.4,,,Repository: ILO-STATISTICS - Micro data processing,LFS - Labour Force Survey,Mean weekly hours usually worked per employee by sex
Albania,2017,Male,44.07,,,Repository: ILO-STATISTICS - Micro data processing,LFS - Labour Force Survey,Mean weekly hours usually worked per employee by sex
Albania,2017,Female,42.26,,,Repository: ILO-STATISTICS - Micro data processing,LFS - Labour Force Survey,Mean weekly hours usually worked per employee by sex
Albania,2016,Male,43.74,,,Repository: ILO-STATISTICS - Micro data processing,LFS - Labour Force Survey,Mean weekly hours usually worked per employee by sex
Albania,2016,Female,41.95,,,Repository: ILO-STATISTICS - Micro data processing,LFS - Labour Force Survey,Mean weekly hours usually worked per employee by sex
Albania,2015,Male,43.49,,,Repository: ILO-STATISTICS - Micro data processing,LFS - Labour Force Survey,Mean weekly hours usually worked per employee by sex
Albania,2015,Female,41.2,,,Repository: ILO-STATISTICS - Micro data processing,LFS - Labour Force Survey,Mean weekly hours usually worked per employee by sex
United Arab Emirates,2024,Male,46.48,,,Repository: ILO-STATISTICS - Micro data processing,LFS - Labour Force Survey,Mean weekly hours usually worked per employee by sex
United Arab Emirates,2024,Female,46.64,,,Repository: ILO-STATISTICS - Micro data processing,LFS - Labour Force Survey,Mean weekly hours usually worked per employee by sex
United Arab Emirates,2023,Male,48.41,,,Repository: ILO-STATISTICS - Micro data processing,LFS - Labour Force Survey,Mean weekly hours usually worked per employee by sex
United Arab Emirates,2023,Female,49.0,,,Repository: ILO-STATISTICS - Micro data processing,LFS - Labour Force Survey,Mean weekly hours usually worked per employee by sex
United Arab Emirates,2022,Male,49.33,,,Repository: ILO-STATISTICS - Micro data processing,LFS - Labour Force Survey,Mean weekly hours usually worked per employee by sex
United Arab Emirates,2022,Female,51.62,,,Repository: ILO-STATISTICS - Micro data processing,LFS - Labour Force Survey,Mean weekly hours usually worked per employee by sex
United Arab Emirates,2019,Male,51.33,,,Repository: ILO-STATISTICS - Micro data processing,LFS - Labour Force Survey,Mean weekly hours usually worked per employee by sex
United Arab Emirates,2019,Female,52.65,,,Repository: ILO-STATISTICS - Micro data processing,LFS - Labour Force Survey,Mean weekly hours usually worked per employee by sex
United Arab Emirates,2018,Male,49.62,,,Repository: ILO-STATISTICS - Micro data processing,LFS - Labour Force Survey,Mean weekly hours usually worked per employee by sex
United Arab Emirates,2018,Female,53.54,,,Repository: ILO-STATISTICS - Micro data processing,LFS - Labour Force Survey,Mean weekly hours usually worked per employee by sex
United Arab Emirates,2017,Male,52.32,Break in series,Break in series: Methodology revised,Repository: ILO-STATISTICS - Micro data processing,LFS - Labour Force Survey,Mean weekly hours usually worked per employee by sex
United Arab Emirates,2017,Female,65.64,Break in series,Break in series: Methodology revised,Repository: ILO-STATISTICS - Micro data processing,LFS - Labour Force Survey,Mean weekly hours usually worked per employee by sex
Argentina,2018,Male,42.61,,,Repository: ILO-STATISTICS - Micro data processing,HS - Households Living Conditions Survey,Mean weekly hours usually worked per employee by sex
Argentina,2018,Female,31.52,,,Repository: ILO-STATISTICS - Micro data processing,HS - Households Living Conditions Survey,Mean weekly hours usually worked per employee by sex
Armenia,2023,Male,45.79,,,Repository: ILO-STATISTICS - Micro data processing | Age coverage - maximum age: 75 years old,HIES - Households Living Conditions Survey,Mean weekly hours usually worked per employee by sex
Armenia,2023,Female,41.48,,,Repository: ILO-STATISTICS - Micro data processing | Age coverage - maximum age: 75 years old,HIES - Households Living Conditions Survey,Mean weekly hours usually worked per employee by sex
Armenia,2022,Male,45.68,,,Repository: ILO-STATISTICS - Micro data processing | Age coverage - maximum age: 75 years old,HIES - Households Living Conditions Survey,Mean weekly hours usually worked per employee by sex
Armenia,2022,Female,40.44,,,Repository: ILO-STATISTICS - Micro data processing | Age coverage - maximum age: 75 years old,HIES - Households Living Conditions Survey,Mean weekly hours usually worked per employee by sex
Armenia,2021,Male,45.98,,,Repository: ILO-STATISTICS - Micro data processing | Age coverage - maximum age: 75 years old,HIES - Households Living Conditions Survey,Mean weekly hours usually worked per employee by sex
Armenia,2021,Female,40.89,,,Repository: ILO-STATISTICS - Micro data processing | Age coverage - maximum age: 75 years old,HIES - Households Living Conditions Survey,Mean weekly hours usually worked per employee by sex
Armenia,2020,Male,45.61,,,Repository: ILO-STATISTICS - Micro data processing | Age coverage - maximum age: 75 years old,HIES - Households Living Conditions Survey,Mean weekly hours usually worked per employee by sex
Armenia,2020,Female,40.67,,,Repository: ILO-STATISTICS - Micro data processing | Age coverage - maximum age: 75 years old,HIES - Households Living Conditions Survey,Mean weekly hours usually worked per employee by sex
Armenia,2019,Male,47.41,,,Repository: ILO-STATISTICS - Micro data processing | Age coverage - maximum age: 75 years old,HIES - Households Living Conditions Survey,Mean weekly hours usually worked per employee by sex
Armenia,2019,Female,42.53,,,Repository: ILO-STATISTICS - Micro data processing | Age coverage - maximum age: 75 years old,HIES - Households Living Conditions Survey,Mean weekly hours usually worked per employee by sex
Armenia,2017,Male,45.42,,,Repository: ILO-STATISTICS - Micro data processing | Age coverage - maximum age: 75 years old,LFS - Household Labour Force Survey,Mean weekly hours usually worked per employee by sex
Armenia,2017,Female,39.94,,,Repository: ILO-STATISTICS - Micro data processing | Age coverage - maximum age: 75 years old,LFS - Household Labour Force Survey,Mean weekly hours usually worked per employee by sex
Armenia,2016,Male,45.34,,,Repository: ILO-STATISTICS - Micro data processing | Age coverage - maximum age: 75 years old,LFS - Household Labour Force Survey,Mean weekly hours usually worked per employee by sex
Armenia,2016,Female,39.29,,,Repository: ILO-STATISTICS - Micro data processing | Age coverage - maximum age: 75 years old,LFS - Household Labour Force Survey,Mean weekly hours usually worked per employee by sex
Armenia,2015,Male,46.84,,,Repository: ILO-STATISTICS - Micro data processing | Age coverage - maximum age: 75 years old,LFS - Household Labour Force Survey,Mean weekly hours usually worked per employee by sex
Armenia,2015,Female,39.99,,,Repository: ILO-STATISTICS - Micro data processing | Age coverage - maximum age: 75 years old,LFS - Household Labour Force Survey,Mean weekly hours usually worked per employee by sex
Antigua and Barbuda,2018,Male,40.56,,,Repository: ILO-STATISTICS - Micro data processing,LFS - Labour Force Survey,Mean weekly hours usually worked per employee by sex
Antigua and Barbuda,2018,Female,40.14,,,Repository: ILO-STATISTICS - Micro data processing,LFS - Labour Force Survey,Mean weekly hours usually worked per employee by sex
Australia,2021,Male,38.84,,,Repository: ILO-STATISTICS - Micro data processing,"HIES - Household, Income and Labour Dynamics Survey",Mean weekly hours usually worked per employee by sex
Australia,2021,Female,32.2,,,Repository: ILO-STATISTICS - Micro data processing,"HIES - Household, Income and Labour Dynamics Survey",Mean weekly hours usually worked per employee by sex
Australia,2020,Male,38.59,,,Repository: ILO-STATISTICS - Micro data processing,"HIES - Household, Income and Labour Dynamics Survey",Mean weekly hours usually worked per employee by sex
Australia,2020,Female,31.61,,,Repository: ILO-STATISTICS - Micro data processing,"HIES - Household, Income and Labour Dynamics Survey",Mean weekly hours usually worked per employee by sex
Australia,2019,Male,39.12,,,Repository: ILO-STATISTICS - Micro data processing,"HIES - Household, Income and Labour Dynamics Survey",Mean weekly hours usually worked per employee by sex
Australia,2019,Female,32.03,,,Repository: ILO-STATISTICS - Micro data processing,"HIES - Household, Income and Labour Dynamics Survey",Mean weekly hours usually worked per employee by sex
Australia,2018,Male,39.52,,,Repository: ILO-STATISTICS - Micro data processing,"HIES - Household, Income and Labour Dynamics Survey",Mean weekly hours usually worked per employee by sex
Australia,2018,Female,31.78,,,Repository: ILO-STATISTICS - Micro data processing,"HIES - Household, Income and Labour Dynamics Survey",Mean weekly hours usually worked per employee by sex
Australia,2017,Male,39.54,,,Repository: ILO-STATISTICS - Micro data processing,"HIES - Household, Income and Labour Dynamics Survey",Mean weekly hours usually worked per employee by sex
Australia,2017,Female,31.72,,,Repository: ILO-STATISTICS - Micro data processing,"HIES - Household, Income and Labour Dynamics Survey",Mean weekly hours usually worked per employee by sex
Australia,2016,Male,38.92,,,Repository: ILO-STATISTICS - Micro data processing,"HIES - Household, Income and Labour Dynamics Survey",Mean weekly hours usually worked per employee by sex
Australia,2016,Female,31.71,,,Repository: ILO-STATISTICS - Micro data processing,"HIES - Household, Income and Labour Dynamics Survey",Mean weekly hours usually worked per employee by sex
Australia,2015,Male,39.93,,,,LFS - Labour Force Survey,Mean weekly hours usually worked per employee by sex
Australia,2015,Female,31.28,,,,LFS - Labour Force Survey,Mean weekly hours usually worked per employee by sex
Austria,2025,Male,37.95,,,Repository: ILO-STATISTICS - Micro data processing,LFS - Labour Force Survey,Mean weekly hours usually worked per employee by sex
Austria,2025,Female,31.07,,,Repository: ILO-STATISTICS - Micro data processing,LFS - Labour Force Survey,Mean weekly hours usually worked per employee by sex
Austria,2024,Male,37.99,,,Repository: ILO-STATISTICS - Micro data processing,LFS - Labour Force Survey,Mean weekly hours usually worked per employee by sex
Austria,2024,Female,30.89,,,Repository: ILO-STATISTICS - Micro data processing,LFS - Labour Force Survey,Mean weekly hours usually worked per employee by sex
Austria,2023,Male,38.16,,,Repository: ILO-STATISTICS - Micro data processing,LFS - Labour Force Survey,Mean weekly hours usually worked per employee by sex
Austria,2023,Female,31.05,,,Repository: ILO-STATISTICS - Micro data processing,LFS - Labour Force Survey,Mean weekly hours usually worked per employee by sex
Austria,2022,Male,38.41,,,Repository: ILO-STATISTICS - Micro data processing,LFS - Labour Force Survey,Mean weekly hours usually worked per employee by sex
Austria,2022,Female,30.93,,,Repository: ILO-STATISTICS - Micro data processing,LFS - Labour Force Survey,Mean weekly hours usually worked per employee by sex
Austria,2021,Male,38.57,,,Repository: ILO-STATISTICS - Micro data processing,LFS - Labour Force Survey,Mean weekly hours usually worked per employee by sex
Austria,2021,Female,30.98,,,Repository: ILO-STATISTICS - Micro data processing,LFS - Labour Force Survey,Mean weekly hours usually worked per employee by sex
Austria,2020,Male,39.28,,,Repository: ILO-STATISTICS - Micro data processing,LFS - Labour Force Survey,Mean weekly hours usually worked per employee by sex
Austria,2020,Female,31.62,,,Repository: ILO-STATISTICS - Micro data processing,LFS - Labour Force Survey,Mean weekly hours usually worked per employee by sex
Austria,2019,Male,39.5,,,Repository: ILO-STATISTICS - Micro data processing,LFS - Labour Force Survey,Mean weekly hours usually worked per employee by sex
Austria,2019,Female,31.55,,,Repository: ILO-STATISTICS - Micro data processing,LFS - Labour Force Survey,Mean weekly hours usually worked per employee by sex
Austria,2018,Male,39.5,,,Repository: ILO-STATISTICS - Micro data processing,LFS - Labour Force Survey,Mean weekly hours usually worked per employee by sex
Austria,2018,Female,31.56,,,Repository: ILO-STATISTICS - Micro data processing,LFS - Labour Force Survey,Mean weekly hours usually worked per employee by sex
Austria,2017,Male,39.47,,,Repository: ILO-STATISTICS - Micro data processing,LFS - Labour Force Survey,Mean weekly hours usually worked per employee by sex
Austria,2017,Female,31.54,,,Repository: ILO-STATISTICS - Micro data processing,LFS - Labour Force Survey,Mean weekly hours usually worked per employee by sex
Austria,2016,Male,39.58,,,Repository: ILO-STATISTICS - Micro data processing,LFS - Labour Force Survey,Mean weekly hours usually worked per employee by sex
Austria,2016,Female,31.64,,,Repository: ILO-STATISTICS - Micro data processing,LFS - Labour Force Survey,Mean weekly hours usually worked per employee by sex
Austria,2015,Male,39.82,,,Repository: ILO-STATISTICS - Micro data processing,LFS - Labour Force Survey,Mean weekly hours usually worked per employee by sex
Austria,2015,Female,31.65,,,Repository: ILO-STATISTICS - Micro data processing,LFS - Labour Force Survey,Mean weekly hours usually worked per employee by sex
Burundi,2020,Male,44.12,,,Repository: ILO-STATISTICS - Micro data processing,HIES - Living Standards Survey,Mean weekly hours usually worked per employee by sex
Burundi,2020,Female,37.44,,,Repository: ILO-STATISTICS - Micro data processing,HIES - Living Standards Survey,Mean weekly hours usually worked per employee by sex
Belgium,2024,Male,37.48,,,Repository: ILO-STATISTICS - Micro data processing,LFS - EU Labour Force Survey,Mean weekly hours usually worked per employee by sex
Belgium,2024,Female,32.47,,,Repository: ILO-STATISTICS - Micro data processing,LFS - EU Labour Force Survey,Mean weekly hours usually worked per employee by sex
Belgium,2023,Male,37.54,,,Repository: ILO-STATISTICS - Micro data processing,LFS - EU Labour Force Survey,Mean weekly hours usually worked per employee by sex
Belgium,2023,Female,32.48,,,Repository: ILO-STATISTICS - Micro data processing,LFS - EU Labour Force Survey,Mean weekly hours usually worked per employee by sex
Belgium,2022,Male,37.82,,,Repository: ILO-STATISTICS - Micro data processing,LFS - EU Labour Force Survey,Mean weekly hours usually worked per employee by sex
Belgium,2022,Female,32.69,,,Repository: ILO-STATISTICS - Micro data processing,LFS - EU Labour Force Survey,Mean weekly hours usually worked per employee by sex
Belgium,2021,Male,38.11,,,Repository: ILO-STATISTICS - Micro data processing,LFS - EU Labour Force Survey,Mean weekly hours usually worked per employee by sex
Belgium,2021,Female,32.67,,,Repository: ILO-STATISTICS - Micro data processing,LFS - EU Labour Force Survey,Mean weekly hours usually worked per employee by sex
Belgium,2020,Male,37.74,,,Repository: ILO-STATISTICS - Micro data processing,LFS - EU Labour Force Survey,Mean weekly hours usually worked per employee by sex
Belgium,2020,Female,32.59,,,Repository: ILO-STATISTICS - Micro data processing,LFS - EU Labour Force Survey,Mean weekly hours usually worked per employee by sex
Belgium,2019,Male,38.19,,,Repository: ILO-STATISTICS - Micro data processing,LFS - EU Labour Force Survey,Mean weekly hours usually worked per employee by sex
Belgium,2019,Female,32.43,,,Repository: ILO-STATISTICS - Micro data processing,LFS - EU Labour Force Survey,Mean weekly hours usually worked per employee by sex
Belgium,2018,Male,38.27,,,Repository: ILO-STATISTICS - Micro data processing,LFS - EU Labour Force Survey,Mean weekly hours usually worked per employee by sex
Belgium,2018,Female,32.52,,,Repository: ILO-STATISTICS - Micro data processing,LFS - EU Labour Force Survey,Mean weekly hours usually worked per employee by sex
Belgium,2017,Male,38.3,,,Repository: ILO-STATISTICS - Micro data processing,LFS - EU Labour Force Survey,Mean weekly hours usually worked per employee by sex
Belgium,2017,Female,32.28,,,Repository: ILO-STATISTICS - Micro data processing,LFS - EU Labour Force Survey,Mean weekly hours usually worked per employee by sex
Belgium,2016,Male,38.14,,,Repository: ILO-STATISTICS - Micro data processing,LFS - EU Labour Force Survey,Mean weekly hours usually worked per employee by sex
Belgium,2016,Female,32.05,,,Repository: ILO-STATISTICS - Micro data processing,LFS - EU Labour Force Survey,Mean weekly hours usually worked per employee by sex
Belgium,2015,Male,38.14,,,Repository: ILO-STATISTICS - Micro data processing,LFS - EU Labour Force Survey,Mean weekly hours usually worked per employee by sex
Belgium,2015,Female,32.01,,,Repository: ILO-STATISTICS - Micro data processing,LFS - EU Labour Force Survey,Mean weekly hours usually worked per employee by sex
Benin,2022,Male,46.83,,,Repository: ILO-STATISTICS - Micro data processing,HIES - Monitoring Survey of the Modular and Integrated Survey of Household Living Conditions,Mean weekly hours usually worked per employee by sex
Benin,2022,Female,45.0,,,Repository: ILO-STATISTICS - Micro data processing,HIES - Monitoring Survey of the Modular and Integrated Survey of Household Living Conditions,Mean weekly hours usually worked per employee by sex
Benin,2019,Male,47.92,,,Repository: ILO-STATISTICS - Micro data processing,HIES - Monitoring Survey of the Modular and Integrated Survey of Household Living Conditions,Mean weekly hours usually worked per employee by sex
Benin,2019,Female,47.61,,,Repository: ILO-STATISTICS - Micro data processing,HIES - Monitoring Survey of the Modular and Integrated Survey of Household Living Conditions,Mean weekly hours usually worked per employee by sex
Burkina Faso,2023,Male,42.62,,,Repository: ILO-STATISTICS - Micro data processing,LFS - Regional Integrated Survey on Employment and the Informal Sector,Mean weekly hours usually worked per employee by sex
Burkina Faso,2023,Female,37.88,,,Repository: ILO-STATISTICS - Micro data processing,LFS - Regional Integrated Survey on Employment and the Informal Sector,Mean weekly hours usually worked per employee by sex
Burkina Faso,2022,Male,45.81,,,Repository: ILO-STATISTICS - Micro data processing,HIES - Harmonized Survey on Household Living Conditions,Mean weekly hours usually worked per employee by sex
Burkina Faso,2022,Female,40.25,,,Repository: ILO-STATISTICS - Micro data processing,HIES - Harmonized Survey on Household Living Conditions,Mean weekly hours usually worked per employee by sex
Burkina Faso,2019,Male,47.12,,,Repository: ILO-STATISTICS - Micro data processing,HIES - Harmonized Survey on Household Living Conditions,Mean weekly hours usually worked per employee by sex
Burkina Faso,2019,Female,43.03,,,Repository: ILO-STATISTICS - Micro data processing,HIES - Harmonized Survey on Household Living Conditions,Mean weekly hours usually worked per employee by sex
Burkina Faso,2018,Male,51.76,,,Repository: ILO-STATISTICS - Micro data processing,LFS - Regional Integrated Survey on Employment and the Informal Sector,Mean weekly hours usually worked per employee by sex
Burkina Faso,2018,Female,45.09,,,Repository: ILO-STATISTICS - Micro data processing,LFS - Regional Integrated Survey on Employment and the Informal Sector,Mean weekly hours usually worked per employee by sex
Bangladesh,2017,Male,54.68,,,Repository: ILO-STATISTICS - Micro data processing,LFS - Labour Force Survey,Mean weekly hours usually worked per employee by sex
Bangladesh,2017,Female,49.76,,,Repository: ILO-STATISTICS - Micro data processing,LFS - Labour Force Survey,Mean weekly hours usually worked per employee by sex
Bulgaria,2024,Male,39.97,,,Repository: ILO-STATISTICS - Micro data processing,LFS - EU Labour Force Survey,Mean weekly hours usually worked per employee by sex
Bulgaria,2024,Female,39.8,,,Repository: ILO-STATISTICS - Micro data processing,LFS - EU Labour Force Survey,Mean weekly hours usually worked per employee by sex
Bulgaria,2023,Male,40.11,,,Repository: ILO-STATISTICS - Micro data processing,LFS - EU Labour Force Survey,Mean weekly hours usually worked per employee by sex
Bulgaria,2023,Female,39.78,,,Repository: ILO-STATISTICS - Micro data processing,LFS - EU Labour Force Survey,Mean weekly hours usually worked per employee by sex
Bulgaria,2022,Male,40.23,,,Repository: ILO-STATISTICS - Micro data processing,LFS - EU Labour Force Survey,Mean weekly hours usually worked per employee by sex
Bulgaria,2022,Female,39.87,,,Repository: ILO-STATISTICS - Micro data processing,LFS - EU Labour Force Survey,Mean weekly hours usually worked per employee by sex
Bulgaria,2021,Male,40.5,,,Repository: ILO-STATISTICS - Micro data processing,LFS - EU Labour Force Survey,Mean weekly hours usually worked per employee by sex
Bulgaria,2021,Female,40.07,,,Repository: ILO-STATISTICS - Micro data processing,LFS - EU Labour Force Survey,Mean weekly hours usually worked per employee by sex
Bulgaria,2020,Male,40.51,,,Repository: ILO-STATISTICS - Micro data processing,LFS - EU Labour Force Survey,Mean weekly hours usually worked per employee by sex
Bulgaria,2020,Female,40.0,,,Repository: ILO-STATISTICS - Micro data processing,LFS - EU Labour Force Survey,Mean weekly hours usually worked per employee by sex
Bulgaria,2019,Male,40.66,,,Repository: ILO-STATISTICS - Micro data processing,LFS - EU Labour Force Survey,Mean weekly hours usually worked per employee by sex
Bulgaria,2019,Female,40.06,,,Repository: ILO-STATISTICS - Micro data processing,LFS - EU Labour Force Survey,Mean weekly hours usually worked per employee by sex
Bulgaria,2018,Male,40.9,,,Repository: ILO-STATISTICS - Micro data processing,LFS - EU Labour Force Survey,Mean weekly hours usually worked per employee by sex
Bulgaria,2018,Female,40.31,,,Repository: ILO-STATISTICS - Micro data processing,LFS - EU Labour Force Survey,Mean weekly hours usually worked per employee by sex
Bulgaria,2017,Male,40.95,,,Repository: ILO-STATISTICS - Micro data processing,LFS - EU Labour Force Survey,Mean weekly hours usually worked per employee by sex
Bulgaria,2017,Female,40.25,,,Repository: ILO-STATISTICS - Micro data processing,LFS - EU Labour Force Survey,Mean weekly hours usually worked per employee by sex
Bulgaria,2016,Male,40.92,,,Repository: ILO-STATISTICS - Micro data processing,LFS - EU Labour Force Survey,Mean weekly hours usually worked per employee by sex
Bulgaria,2016,Female,40.4,,,Repository: ILO-STATISTICS - Micro data processing,LFS - EU Labour Force Survey,Mean weekly hours usually worked per employee by sex
Bulgaria,2015,Male,40.91,,,Repository: ILO-STATISTICS - Micro data processing,LFS - EU Labour Force Survey,Mean weekly hours usually worked per employee by sex
Bulgaria,2015,Female,40.29,,,Repository: ILO-STATISTICS - Micro data processing,LFS - EU Labour Force Survey,Mean weekly hours usually worked per employee by sex
Bahamas,2019,Male,40.67,,,Repository: ILO-STATISTICS - Micro data processing,LFS - Labour Force & Household Survey,Mean weekly hours usually worked per employee by sex
Bahamas,2019,Female,39.02,,,Repository: ILO-STATISTICS - Micro data processing,LFS - Labour Force & Household Survey,Mean weekly hours usually worked per employee by sex
Bosnia and Herzegovina,2024,Male,41.74,,,Repository: ILO-STATISTICS - Micro data processing,LFS - Labour Force Survey,Mean weekly hours usually worked per employee by sex
Bosnia and Herzegovina,2024,Female,41.49,,,Repository: ILO-STATISTICS - Micro data processing,LFS - Labour Force Survey,Mean weekly hours usually worked per employee by sex
Bosnia and Herzegovina,2023,Male,41.95,Break in series,Break in series: Methodology revised,Repository: ILO-STATISTICS - Micro data processing,LFS - Labour Force Survey,Mean weekly hours usually worked per employee by sex
Bosnia and Herzegovina,2023,Female,41.7,Break in series,Break in series: Methodology revised,Repository: ILO-STATISTICS - Micro data processing,LFS - Labour Force Survey,Mean weekly hours usually worked per employee by sex
Bosnia and Herzegovina,2022,Male,42.04,Break in series,Break in series: Methodology revised,Repository: ILO-STATISTICS - Micro data processing,LFS - Labour Force Survey,Mean weekly hours usually worked per employee by sex
Bosnia and Herzegovina,2022,Female,41.62,Break in series,Break in series: Methodology revised,Repository: ILO-STATISTICS - Micro data processing,LFS - Labour Force Survey,Mean weekly hours usually worked per employee by sex
Bosnia and Herzegovina,2021,Male,42.04,Break in series,Break in series: Methodology revised,Repository: ILO-STATISTICS - Micro data processing,LFS - Labour Force Survey,Mean weekly hours usually worked per employee by sex
Bosnia and Herzegovina,2021,Female,41.26,Break in series,Break in series: Methodology revised,Repository: ILO-STATISTICS - Micro data processing,LFS - Labour Force Survey,Mean weekly hours usually worked per employee by sex
Bosnia and Herzegovina,2020,Male,41.87,Break in series,Break in series: Methodology revised,Repository: ILO-STATISTICS - Micro data processing | Employment definition: Excluding own-use production workers,LFS - Labour Force Survey,Mean weekly hours usually worked per employee by sex
Bosnia and Herzegovina,2020,Female,41.14,Break in series,Break in series: Methodology revised,Repository: ILO-STATISTICS - Micro data processing | Employment definition: Excluding own-use production workers,LFS - Labour Force Survey,Mean weekly hours usually worked per employee by sex
Bosnia and Herzegovina,2019,Male,42.92,,,Repository: ILO-STATISTICS - Micro data processing,LFS - Labour Force Survey,Mean weekly hours usually worked per employee by sex
Bosnia and Herzegovina,2019,Female,41.85,,,Repository: ILO-STATISTICS - Micro data processing,LFS - Labour Force Survey,Mean weekly hours usually worked per employee by sex
Bosnia and Herzegovina,2018,Male,43.19,,,Repository: ILO-STATISTICS - Micro data processing,LFS - Labour Force Survey,Mean weekly hours usually worked per employee by sex
Bosnia and Herzegovina,2018,Female,41.42,,,Repository: ILO-STATISTICS - Micro data processing,LFS - Labour Force Survey,Mean weekly hours usually worked per employee by sex
Bosnia and Herzegovina,2017,Male,42.38,,,Repository: ILO-STATISTICS - Micro data processing,LFS - Labour Force Survey,Mean weekly hours usually worked per employee by sex
Bosnia and Herzegovina,2017,Female,41.54,,,Repository: ILO-STATISTICS - Micro data processing,LFS - Labour Force Survey,Mean weekly hours usually worked per employee by sex
Bosnia and Herzegovina,2016,Male,43.24,,,Repository: ILO-STATISTICS - Micro data processing,LFS - Labour Force Survey,Mean weekly hours usually worked per employee by sex
Bosnia and Herzegovina,2016,Female,41.54,,,Repository: ILO-STATISTICS - Micro data processing,LFS - Labour Force Survey,Mean weekly hours usually worked per employee by sex
Bosnia and Herzegovina,2015,Male,43.15,,,Repository: ILO-STATISTICS - Micro data processing,LFS - Labour Force Survey,Mean weekly hours usually worked per employee by sex
Bosnia and Herzegovina,2015,Female,41.47,,,Repository: ILO-STATISTICS - Micro data processing,LFS - Labour Force Survey,Mean weekly hours usually worked per employee by sex
Belarus,2024,Male,39.54,,,Repository: ILO-STATISTICS - Micro data processing | Age coverage - maximum age: 74 years old,LFS - Labour Force Survey,Mean weekly hours usually worked per employee by sex
Belarus,2024,Female,38.3,,,Repository: ILO-STATISTICS - Micro data processing | Age coverage - maximum age: 74 years old,LFS - Labour Force Survey,Mean weekly hours usually worked per employee by sex
Belarus,2023,Male,39.58,,,Repository: ILO-STATISTICS - Micro data processing | Age coverage - maximum age: 74 years old,LFS - Labour Force Survey,Mean weekly hours usually worked per employee by sex
Belarus,2023,Female,38.3,,,Repository: ILO-STATISTICS - Micro data processing | Age coverage - maximum age: 74 years old,LFS - Labour Force Survey,Mean weekly hours usually worked per employee by sex
Belarus,2022,Male,39.57,,,Repository: ILO-STATISTICS - Micro data processing | Age coverage - maximum age: 74 years old,LFS - Labour Force Survey,Mean weekly hours usually worked per employee by sex
Belarus,2022,Female,38.3,,,Repository: ILO-STATISTICS - Micro data processing | Age coverage - maximum age: 74 years old,LFS - Labour Force Survey,Mean weekly hours usually worked per employee by sex
Belarus,2021,Male,39.52,,,Repository: ILO-STATISTICS - Micro data processing | Age coverage - maximum age: 74 years old,LFS - Labour Force Survey,Mean weekly hours usually worked per employee by sex
Belarus,2021,Female,38.4,,,Repository: ILO-STATISTICS - Micro data processing | Age coverage - maximum age: 74 years old,LFS - Labour Force Survey,Mean weekly hours usually worked per employee by sex
Belarus,2020,Male,39.51,,,Repository: ILO-STATISTICS - Micro data processing | Age coverage - maximum age: 74 years old,LFS - Labour Force Survey,Mean weekly hours usually worked per employee by sex
Belarus,2020,Female,38.32,,,Repository: ILO-STATISTICS - Micro data processing | Age coverage - maximum age: 74 years old,LFS - Labour Force Survey,Mean weekly hours usually worked per employee by sex
Belarus,2019,Male,39.56,,,Repository: ILO-STATISTICS - Micro data processing | Age coverage - maximum age: 74 years old,LFS - Labour Force Survey,Mean weekly hours usually worked per employee by sex
Belarus,2019,Female,38.25,,,Repository: ILO-STATISTICS - Micro data processing | Age coverage - maximum age: 74 years old,LFS - Labour Force Survey,Mean weekly hours usually worked per employee by sex
Belarus,2018,Male,39.57,,,Repository: ILO-STATISTICS - Micro data processing | Age coverage - maximum age: 74 years old,LFS - Labour Force Survey,Mean weekly hours usually worked per employee by sex
Belarus,2018,Female,38.39,,,Repository: ILO-STATISTICS - Micro data processing | Age coverage - maximum age: 74 years old,LFS - Labour Force Survey,Mean weekly hours usually worked per employee by sex
Belarus,2017,Male,39.58,,,Repository: ILO-STATISTICS - Micro data processing | Age coverage - maximum age: 74 years old,LFS - Labour Force Survey,Mean weekly hours usually worked per employee by sex
Belarus,2017,Female,38.31,,,Repository: ILO-STATISTICS - Micro data processing | Age coverage - maximum age: 74 years old,LFS - Labour Force Survey,Mean weekly hours usually worked per employee by sex
Belarus,2016,Male,39.59,,,Repository: ILO-STATISTICS - Micro data processing | Age coverage - maximum age: 74 years old,LFS - Labour Force Survey,Mean weekly hours usually worked per employee by sex
Belarus,2016,Female,38.31,,,Repository: ILO-STATISTICS - Micro data processing | Age coverage - maximum age: 74 years old,LFS - Labour Force Survey,Mean weekly hours usually worked per employee by sex
Belize,2019,Male,46.13,,,Repository: ILO-STATISTICS - Micro data processing,LFS - Labour Force Survey,Mean weekly hours usually worked per employee by sex
Belize,2019,Female,40.65,,,Repository: ILO-STATISTICS - Micro data processing,LFS - Labour Force Survey,Mean weekly hours usually worked per employee by sex
Belize,2018,Male,46.72,,,Repository: ILO-STATISTICS - Micro data processing,LFS - Labour Force Survey,Mean weekly hours usually worked per employee by sex
Belize,2018,Female,42.06,,,Repository: ILO-STATISTICS - Micro data processing,LFS - Labour Force Survey,Mean weekly hours usually worked per employee by sex
Belize,2015,Male,51.0,,Job coverage: Main job currently held | Working time arrangement coverage: Full-time and part time workers,Data reference period: April,LFS - Labour Force Survey,Mean weekly hours usually worked per employee by sex
Belize,2015,Female,45.0,,Job coverage: Main job currently held | Working time arrangement coverage: Full-time and part time workers,Data reference period: April,LFS - Labour Force Survey,Mean weekly hours usually worked per employee by sex
Bolivia (Plurinational State of),2024,Male,43.56,,,Repository: ILO-STATISTICS - Micro data processing,LFS - Continuous Employment Survey,Mean weekly hours usually worked per employee by sex
Bolivia (Plurinational State of),2024,Female,36.51,,,Repository: ILO-STATISTICS - Micro data processing,LFS - Continuous Employment Survey,Mean weekly hours usually worked per employee by sex
Bolivia (Plurinational State of),2023,Male,43.85,,,Repository: ILO-STATISTICS - Micro data processing,LFS - Continuous Employment Survey,Mean weekly hours usually worked per employee by sex
Bolivia (Plurinational State of),2023,Female,36.76,,,Repository: ILO-STATISTICS - Micro data processing,LFS - Continuous Employment Survey,Mean weekly hours usually worked per employee by sex
Bolivia (Plurinational State of),2022,Male,44.12,,,Repository: ILO-STATISTICS - Micro data processing,LFS - Continuous Employment Survey,Mean weekly hours usually worked per employee by sex
Bolivia (Plurinational State of),2022,Female,37.8,,,Repository: ILO-STATISTICS - Micro data processing,LFS - Continuous Employment Survey,Mean weekly hours usually worked per employee by sex
Bolivia (Plurinational State of),2021,Male,43.86,Break in series,Break in series: Methodology revised,Repository: ILO-STATISTICS - Micro data processing,LFS - Continuous Employment Survey,Mean weekly hours usually worked per employee by sex
Bolivia (Plurinational State of),2021,Female,37.71,Break in series,Break in series: Methodology revised,Repository: ILO-STATISTICS - Micro data processing,LFS - Continuous Employment Survey,Mean weekly hours usually worked per employee by sex
Bolivia (Plurinational State of),2020,Male,45.98,,,Repository: ILO-STATISTICS - Micro data processing,HIES - Household Survey,Mean weekly hours usually worked per employee by sex
Bolivia (Plurinational State of),2020,Female,39.39,,,Repository: ILO-STATISTICS - Micro data processing,HIES - Household Survey,Mean weekly hours usually worked per employee by sex
Bolivia (Plurinational State of),2019,Male,44.19,,,Repository: ILO-STATISTICS - Micro data processing,LFS - Continuous Employment Survey,Mean weekly hours usually worked per employee by sex
Bolivia (Plurinational State of),2019,Female,36.75,,,Repository: ILO-STATISTICS - Micro data processing,LFS - Continuous Employment Survey,Mean weekly hours usually worked per employee by sex
Bolivia (Plurinational State of),2018,Male,44.74,,,Repository: ILO-STATISTICS - Micro data processing,LFS - Continuous Employment Survey,Mean weekly hours usually worked per employee by sex
Bolivia (Plurinational State of),2018,Female,37.67,,,Repository: ILO-STATISTICS - Micro data processing,LFS - Continuous Employment Survey,Mean weekly hours usually worked per employee by sex
Bolivia (Plurinational State of),2017,Male,45.48,,,Repository: ILO-STATISTICS - Micro data processing,LFS - Continuous Employment Survey,Mean weekly hours usually worked per employee by sex
Bolivia (Plurinational State of),2017,Female,38.38,,,Repository: ILO-STATISTICS - Micro data processing,LFS - Continuous Employment Survey,Mean weekly hours usually worked per employee by sex
Bolivia (Plurinational State of),2016,Male,46.38,Break in series,Break in series: Methodology revised,Repository: ILO-STATISTICS - Micro data processing,LFS - Continuous Employment Survey,Mean weekly hours usually worked per employee by sex
Bolivia (Plurinational State of),2016,Female,39.38,Break in series,Break in series: Methodology revised,Repository: ILO-STATISTICS - Micro data processing,LFS - Continuous Employment Survey,Mean weekly hours usually worked per employee by sex
Bolivia (Plurinational State of),2015,Male,48.46,,,Repository: ILO-STATISTICS - Micro data processing,HIES - Household Survey,Mean weekly hours usually worked per employee by sex
Bolivia (Plurinational State of),2015,Female,41.95,,,Repository: ILO-STATISTICS - Micro data processing,HIES - Household Survey,Mean weekly hours usually worked per employee by sex
Brazil,2025,Male,41.24,,,Repository: ILO-STATISTICS - Micro data processing,HS - Continuous National Household Sample Survey,Mean weekly hours usually worked per employee by sex
Brazil,2025,Female,37.82,,,Repository: ILO-STATISTICS - Micro data processing,HS - Continuous National Household Sample Survey,Mean weekly hours usually worked per employee by sex
Brazil,2024,Male,41.25,,,Repository: ILO-STATISTICS - Micro data processing,HS - Continuous National Household Sample Survey,Mean weekly hours usually worked per employee by sex
Brazil,2024,Female,37.73,,,Repository: ILO-STATISTICS - Micro data processing,HS - Continuous National Household Sample Survey,Mean weekly hours usually worked per employee by sex
Brazil,2023,Male,41.3,,,Repository: ILO-STATISTICS - Micro data processing,HS - Continuous National Household Sample Survey,Mean weekly hours usually worked per employee by sex
Brazil,2023,Female,37.74,,,Repository: ILO-STATISTICS - Micro data processing,HS - Continuous National Household Sample Survey,Mean weekly hours usually worked per employee by sex
Brazil,2022,Male,41.45,,,Repository: ILO-STATISTICS - Micro data processing,HS - Continuous National Household Sample Survey,Mean weekly hours usually worked per employee by sex
Brazil,2022,Female,37.82,,,Repository: ILO-STATISTICS - Micro data processing,HS - Continuous National Household Sample Survey,Mean weekly hours usually worked per employee by sex
Brazil,2021,Male,41.46,,,Repository: ILO-STATISTICS - Micro data processing,HS - Continuous National Household Sample Survey,Mean weekly hours usually worked per employee by sex
Brazil,2021,Female,37.63,,,Repository: ILO-STATISTICS - Micro data processing,HS - Continuous National Household Sample Survey,Mean weekly hours usually worked per employee by sex
Brazil,2020,Male,41.45,,,Repository: ILO-STATISTICS - Micro data processing,HS - Continuous National Household Sample Survey,Mean weekly hours usually worked per employee by sex
Brazil,2020,Female,37.55,,,Repository: ILO-STATISTICS - Micro data processing,HS - Continuous National Household Sample Survey,Mean weekly hours usually worked per employee by sex
Brazil,2019,Male,41.45,,,Repository: ILO-STATISTICS - Micro data processing,HS - Continuous National Household Sample Survey,Mean weekly hours usually worked per employee by sex
Brazil,2019,Female,37.53,,,Repository: ILO-STATISTICS - Micro data processing,HS - Continuous National Household Sample Survey,Mean weekly hours usually worked per employee by sex
Brazil,2018,Male,41.43,,,Repository: ILO-STATISTICS - Micro data processing,HS - Continuous National Household Sample Survey,Mean weekly hours usually worked per employee by sex
Brazil,2018,Female,37.44,,,Repository: ILO-STATISTICS - Micro data processing,HS - Continuous National Household Sample Survey,Mean weekly hours usually worked per employee by sex
Brazil,2017,Male,41.46,,,Repository: ILO-STATISTICS - Micro data processing,HS - Continuous National Household Sample Survey,Mean weekly hours usually worked per employee by sex
Brazil,2017,Female,37.58,,,Repository: ILO-STATISTICS - Micro data processing,HS - Continuous National Household Sample Survey,Mean weekly hours usually worked per employee by sex
Brazil,2016,Male,41.55,,,Repository: ILO-STATISTICS - Micro data processing,HS - Continuous National Household Sample Survey,Mean weekly hours usually worked per employee by sex
Brazil,2016,Female,37.76,,,Repository: ILO-STATISTICS - Micro data processing,HS - Continuous National Household Sample Survey,Mean weekly hours usually worked per employee by sex
Brazil,2015,Male,41.82,,,Repository: ILO-STATISTICS - Micro data processing,HS - Continuous National Household Sample Survey,Mean weekly hours usually worked per employee by sex
Brazil,2015,Female,37.62,,,Repository: ILO-STATISTICS - Micro data processing,HS - Continuous National Household Sample Survey,Mean weekly hours usually worked per employee by sex
Brunei Darussalam,2024,Male,48.55,,,Repository: ILO-STATISTICS - Micro data processing,LFS - Labour Force Survey,Mean weekly hours usually worked per employee by sex
Brunei Darussalam,2024,Female,46.58,,,Repository: ILO-STATISTICS - Micro data processing,LFS - Labour Force Survey,Mean weekly hours usually worked per employee by sex
Brunei Darussalam,2023,Male,47.06,,,Repository: ILO-STATISTICS - Micro data processing,LFS - Labour Force Survey,Mean weekly hours usually worked per employee by sex
Brunei Darussalam,2023,Female,45.64,,,Repository: ILO-STATISTICS - Micro data processing,LFS - Labour Force Survey,Mean weekly hours usually worked per employee by sex
Brunei Darussalam,2022,Male,47.62,,,Repository: ILO-STATISTICS - Micro data processing,LFS - Labour Force Survey,Mean weekly hours usually worked per employee by sex
Brunei Darussalam,2022,Female,45.89,,,Repository: ILO-STATISTICS - Micro data processing,LFS - Labour Force Survey,Mean weekly hours usually worked per employee by sex
Brunei Darussalam,2021,Male,48.52,,,Repository: ILO-STATISTICS - Micro data processing,LFS - Labour Force Survey,Mean weekly hours usually worked per employee by sex
Brunei Darussalam,2021,Female,46.07,,,Repository: ILO-STATISTICS - Micro data processing,LFS - Labour Force Survey,Mean weekly hours usually worked per employee by sex
Brunei Darussalam,2020,Male,46.88,,,Repository: ILO-STATISTICS - Micro data processing,LFS - Labour Force Survey,Mean weekly hours usually worked per employee by sex
Brunei Darussalam,2020,Female,43.73,,,Repository: ILO-STATISTICS - Micro data processing,LFS - Labour Force Survey,Mean weekly hours usually worked per employee by sex
Brunei Darussalam,2019,Male,48.72,,,Repository: ILO-STATISTICS - Micro data processing,LFS - Labour Force Survey,Mean weekly hours usually worked per employee by sex
Brunei Darussalam,2019,Female,46.93,,,Repository: ILO-STATISTICS - Micro data processing,LFS - Labour Force Survey,Mean weekly hours usually worked per employee by sex
Brunei Darussalam,2018,Male,49.01,,,Repository: ILO-STATISTICS - Micro data processing,LFS - Labour Force Survey,Mean weekly hours usually worked per employee by sex
Brunei Darussalam,2018,Female,46.77,,,Repository: ILO-STATISTICS - Micro data processing,LFS - Labour Force Survey,Mean weekly hours usually worked per employee by sex
Brunei Darussalam,2017,Male,47.47,,,Repository: ILO-STATISTICS - Micro data processing,LFS - Labour Force Survey,Mean weekly hours usually worked per employee by sex
Brunei Darussalam,2017,Female,47.15,,,Repository: ILO-STATISTICS - Micro data processing,LFS - Labour Force Survey,Mean weekly hours usually worked per employee by sex
Botswana,2024,Male,48.49,,,Repository: ILO-STATISTICS - Micro data processing,HS - Multi-Topic Household Survey,Mean weekly hours usually worked per employee by sex
Botswana,2024,Female,41.75,,,Repository: ILO-STATISTICS - Micro data processing,HS - Multi-Topic Household Survey,Mean weekly hours usually worked per employee by sex
Botswana,2023,Male,49.47,,,Repository: ILO-STATISTICS - Micro data processing,HS - Multi-Topic Household Survey,Mean weekly hours usually worked per employee by sex
Botswana,2023,Female,41.62,,,Repository: ILO-STATISTICS - Micro data processing,HS - Multi-Topic Household Survey,Mean weekly hours usually worked per employee by sex
Botswana,2022,Male,49.45,,,Repository: ILO-STATISTICS - Micro data processing,HS - Multi-Topic Household Survey,Mean weekly hours usually worked per employee by sex
Botswana,2022,Female,41.84,,,Repository: ILO-STATISTICS - Micro data processing,HS - Multi-Topic Household Survey,Mean weekly hours usually worked per employee by sex
Botswana,2021,Male,49.96,,,Repository: ILO-STATISTICS - Micro data processing,HS - Multi-Topic Household Survey,Mean weekly hours usually worked per employee by sex
Botswana,2021,Female,42.89,,,Repository: ILO-STATISTICS - Micro data processing,HS - Multi-Topic Household Survey,Mean weekly hours usually worked per employee by sex
Botswana,2020,Male,49.79,,,Repository: ILO-STATISTICS - Micro data processing,HS - Multi-Topic Household Survey,Mean weekly hours usually worked per employee by sex
Botswana,2020,Female,42.44,,,Repository: ILO-STATISTICS - Micro data processing,HS - Multi-Topic Household Survey,Mean weekly hours usually worked per employee by sex
Botswana,2019,Male,49.83,Break in series,Break in series: Methodology revised,Repository: ILO-STATISTICS - Micro data processing,HS - Multi-Topic Household Survey,Mean weekly hours usually worked per employee by sex
Botswana,2019,Female,43.12,Break in series,Break in series: Methodology revised,Repository: ILO-STATISTICS - Micro data processing,HS - Multi-Topic Household Survey,Mean weekly hours usually worked per employee by sex
Canada,2025,Male,37.24,,,Repository: ILO-STATISTICS - Micro data processing,LFS - Labour Force Survey,Mean weekly hours usually worked per employee by sex
Canada,2025,Female,33.35,,,Repository: ILO-STATISTICS - Micro data processing,LFS - Labour Force Survey,Mean weekly hours usually worked per employee by sex
Canada,2024,Male,37.36,,,Repository: ILO-STATISTICS - Micro data processing,LFS - Labour Force Survey,Mean weekly hours usually worked per employee by sex
Canada,2024,Female,33.4,,,Repository: ILO-STATISTICS - Micro data processing,LFS - Labour Force Survey,Mean weekly hours usually worked per employee by sex
Canada,2023,Male,37.48,,,Repository: ILO-STATISTICS - Micro data processing,LFS - Labour Force Survey,Mean weekly hours usually worked per employee by sex
Canada,2023,Female,33.47,,,Repository: ILO-STATISTICS - Micro data processing,LFS - Labour Force Survey,Mean weekly hours usually worked per employee by sex
Canada,2022,Male,37.67,,,Repository: ILO-STATISTICS - Micro data processing,LFS - Labour Force Survey,Mean weekly hours usually worked per employee by sex
Canada,2022,Female,33.4,,,Repository: ILO-STATISTICS - Micro data processing,LFS - Labour Force Survey,Mean weekly hours usually worked per employee by sex
Canada,2021,Male,37.52,,,Repository: ILO-STATISTICS - Micro data processing,LFS - Labour Force Survey,Mean weekly hours usually worked per employee by sex
Canada,2021,Female,33.33,,,Repository: ILO-STATISTICS - Micro data processing,LFS - Labour Force Survey,Mean weekly hours usually worked per employee by sex
Canada,2020,Male,37.59,,,Repository: ILO-STATISTICS - Micro data processing,LFS - Labour Force Survey,Mean weekly hours usually worked per employee by sex
Canada,2020,Female,33.34,,,Repository: ILO-STATISTICS - Micro data processing,LFS - Labour Force Survey,Mean weekly hours usually worked per employee by sex
Canada,2019,Male,37.4,,,Repository: ILO-STATISTICS - Micro data processing,LFS - Labour Force Survey,Mean weekly hours usually worked per employee by sex
Canada,2019,Female,33.04,,,Repository: ILO-STATISTICS - Micro data processing,LFS - Labour Force Survey,Mean weekly hours usually worked per employee by sex
Canada,2018,Male,37.59,,,Repository: ILO-STATISTICS - Micro data processing,LFS - Labour Force Survey,Mean weekly hours usually worked per employee by sex
Canada,2018,Female,32.96,,,Repository: ILO-STATISTICS - Micro data processing,LFS - Labour Force Survey,Mean weekly hours usually worked per employee by sex
Canada,2017,Male,37.47,,,Repository: ILO-STATISTICS - Micro data processing,LFS - Labour Force Survey,Mean weekly hours usually worked per employee by sex
Canada,2017,Female,32.88,,,Repository: ILO-STATISTICS - Micro data processing,LFS - Labour Force Survey,Mean weekly hours usually worked per employee by sex
Canada,2016,Male,37.55,,,Repository: ILO-STATISTICS - Micro data processing,LFS - Labour Force Survey,Mean weekly hours usually worked per employee by sex
Canada,2016,Female,32.8,,,Repository: ILO-STATISTICS - Micro data processing,LFS - Labour Force Survey,Mean weekly hours usually worked per employee by sex
Canada,2015,Male,37.67,,,Repository: ILO-STATISTICS - Micro data processing,LFS - Labour Force Survey,Mean weekly hours usually worked per employee by sex
Canada,2015,Female,32.87,,,Repository: ILO-STATISTICS - Micro data processing,LFS - Labour Force Survey,Mean weekly hours usually worked per employee by sex
Switzerland,2024,Male,39.05,,,Repository: ILO-STATISTICS - Micro data processing,LFS - Labour Force Survey,Mean weekly hours usually worked per employee by sex
Switzerland,2024,Female,31.69,,,Repository: ILO-STATISTICS - Micro data processing,LFS - Labour Force Survey,Mean weekly hours usually worked per employee by sex
Switzerland,2023,Male,38.98,,,Repository: ILO-STATISTICS - Micro data processing,LFS - Labour Force Survey,Mean weekly hours usually worked per employee by sex
Switzerland,2023,Female,31.59,,,Repository: ILO-STATISTICS - Micro data processing,LFS - Labour Force Survey,Mean weekly hours usually worked per employee by sex
Switzerland,2022,Male,39.09,,,Repository: ILO-STATISTICS - Micro data processing,LFS - Labour Force Survey,Mean weekly hours usually worked per employee by sex
Switzerland,2022,Female,31.4,,,Repository: ILO-STATISTICS - Micro data processing,LFS - Labour Force Survey,Mean weekly hours usually worked per employee by sex
Switzerland,2021,Male,39.05,,,Repository: ILO-STATISTICS - Micro data processing,LFS - Labour Force Survey,Mean weekly hours usually worked per employee by sex
Switzerland,2021,Female,30.83,,,Repository: ILO-STATISTICS - Micro data processing,LFS - Labour Force Survey,Mean weekly hours usually worked per employee by sex
Switzerland,2020,Male,38.74,,,Repository: ILO-STATISTICS - Micro data processing,LFS - Labour Force Survey,Mean weekly hours usually worked per employee by sex
Switzerland,2020,Female,30.25,,,Repository: ILO-STATISTICS - Micro data processing,LFS - Labour Force Survey,Mean weekly hours usually worked per employee by sex
Switzerland,2019,Male,38.83,,,Repository: ILO-STATISTICS - Micro data processing,LFS - Labour Force Survey,Mean weekly hours usually worked per employee by sex
Switzerland,2019,Female,29.94,,,Repository: ILO-STATISTICS - Micro data processing,LFS - Labour Force Survey,Mean weekly hours usually worked per employee by sex
Switzerland,2018,Male,38.92,,,Repository: ILO-STATISTICS - Micro data processing,LFS - Labour Force Survey,Mean weekly hours usually worked per employee by sex
Switzerland,2018,Female,30.13,,,Repository: ILO-STATISTICS - Micro data processing,LFS - Labour Force Survey,Mean weekly hours usually worked per employee by sex
Switzerland,2017,Male,38.88,,,Repository: ILO-STATISTICS - Micro data processing,LFS - Labour Force Survey,Mean weekly hours usually worked per employee by sex
Switzerland,2017,Female,30.17,,,Repository: ILO-STATISTICS - Micro data processing,LFS - Labour Force Survey,Mean weekly hours usually worked per employee by sex
Switzerland,2016,Male,38.94,,,Repository: ILO-STATISTICS - Micro data processing,LFS - Labour Force Survey,Mean weekly hours usually worked per employee by sex
Switzerland,2016,Female,30.05,,,Repository: ILO-STATISTICS - Micro data processing,LFS - Labour Force Survey,Mean weekly hours usually worked per employee by sex
Switzerland,2015,Male,39.1,,,Repository: ILO-STATISTICS - Micro data processing,LFS - Labour Force Survey,Mean weekly hours usually worked per employee by sex
Switzerland,2015,Female,29.95,,,Repository: ILO-STATISTICS - Micro data processing,LFS - Labour Force Survey,Mean weekly hours usually worked per employee by sex
Chile,2025,Male,42.55,,,Repository: ILO-STATISTICS - Micro data processing,LFS - National Employment Survey,Mean weekly hours usually worked per employee by sex
Chile,2025,Female,39.81,,,Repository: ILO-STATISTICS - Micro data processing,LFS - National Employment Survey,Mean weekly hours usually worked per employee by sex
Chile,2024,Male,43.08,,,Repository: ILO-STATISTICS - Micro data processing,LFS - National Employment Survey,Mean weekly hours usually worked per employee by sex
Chile,2024,Female,40.24,,,Repository: ILO-STATISTICS - Micro data processing,LFS - National Employment Survey,Mean weekly hours usually worked per employee by sex
Chile,2023,Male,43.69,,,Repository: ILO-STATISTICS - Micro data processing,LFS - National Employment Survey,Mean weekly hours usually worked per employee by sex
Chile,2023,Female,40.83,,,Repository: ILO-STATISTICS - Micro data processing,LFS - National Employment Survey,Mean weekly hours usually worked per employee by sex
Chile,2022,Male,43.81,,,Repository: ILO-STATISTICS - Micro data processing,LFS - National Employment Survey,Mean weekly hours usually worked per employee by sex
Chile,2022,Female,40.89,,,Repository: ILO-STATISTICS - Micro data processing,LFS - National Employment Survey,Mean weekly hours usually worked per employee by sex
Chile,2021,Male,43.83,,,Repository: ILO-STATISTICS - Micro data processing,LFS - National Employment Survey,Mean weekly hours usually worked per employee by sex
Chile,2021,Female,41.05,,,Repository: ILO-STATISTICS - Micro data processing,LFS - National Employment Survey,Mean weekly hours usually worked per employee by sex
Chile,2020,Male,44.17,Break in series,Break in series: Methodology revised,Repository: ILO-STATISTICS - Micro data processing,LFS - National Employment Survey,Mean weekly hours usually worked per employee by sex
Chile,2020,Female,41.0,Break in series,Break in series: Methodology revised,Repository: ILO-STATISTICS - Micro data processing,LFS - National Employment Survey,Mean weekly hours usually worked per employee by sex
Chile,2019,Male,44.68,,,Repository: ILO-STATISTICS - Micro data processing,LFS - National Employment Survey,Mean weekly hours usually worked per employee by sex
Chile,2019,Female,40.59,,,Repository: ILO-STATISTICS - Micro data processing,LFS - National Employment Survey,Mean weekly hours usually worked per employee by sex
Chile,2018,Male,44.72,,,Repository: ILO-STATISTICS - Micro data processing,LFS - National Employment Survey,Mean weekly hours usually worked per employee by sex
Chile,2018,Female,40.58,,,Repository: ILO-STATISTICS - Micro data processing,LFS - National Employment Survey,Mean weekly hours usually worked per employee by sex
Chile,2017,Male,44.85,Break in series,Break in series: Methodology revised,Repository: ILO-STATISTICS - Micro data processing,LFS - National Employment Survey,Mean weekly hours usually worked per employee by sex
Chile,2017,Female,40.52,Break in series,Break in series: Methodology revised,Repository: ILO-STATISTICS - Micro data processing,LFS - National Employment Survey,Mean weekly hours usually worked per employee by sex
Chile,2016,Male,44.91,,,Repository: ILO-STATISTICS - Micro data processing,LFS - National Employment Survey,Mean weekly hours usually worked per employee by sex
Chile,2016,Female,40.41,,,Repository: ILO-STATISTICS - Micro data processing,LFS - National Employment Survey,Mean weekly hours usually worked per employee by sex
Chile,2015,Male,45.15,,,Repository: ILO-STATISTICS - Micro data processing,LFS - National Employment Survey,Mean weekly hours usually worked per employee by sex
Chile,2015,Female,40.72,,,Repository: ILO-STATISTICS - Micro data processing,LFS - National Employment Survey,Mean weekly hours usually worked per employee by sex
Côte d'Ivoire,2022,Male,44.3,,,Repository: ILO-STATISTICS - Micro data processing,HIES - Living Standards Measurement Survey,Mean weekly hours usually worked per employee by sex
Côte d'Ivoire,2022,Female,40.94,,,Repository: ILO-STATISTICS - Micro data processing,HIES - Living Standards Measurement Survey,Mean weekly hours usually worked per employee by sex
Côte d'Ivoire,2019,Male,42.04,,,Repository: ILO-STATISTICS - Micro data processing,HIES - Living Standards Measurement Survey,Mean weekly hours usually worked per employee by sex
Côte d'Ivoire,2019,Female,42.33,,,Repository: ILO-STATISTICS - Micro data processing,HIES - Living Standards Measurement Survey,Mean weekly hours usually worked per employee by sex
Cook Islands,2023,Male,37.26,,,Repository: ILO-STATISTICS - Micro data processing,LFS - Labour Force Survey,Mean weekly hours usually worked per employee by sex
Cook Islands,2023,Female,34.99,,,Repository: ILO-STATISTICS - Micro data processing,LFS - Labour Force Survey,Mean weekly hours usually worked per employee by sex
Colombia,2025,Male,47.1,,,Repository: ILO-STATISTICS - Micro data processing,LFS - Integrated Household Survey,Mean weekly hours usually worked per employee by sex
Colombia,2025,Female,43.71,,,Repository: ILO-STATISTICS - Micro data processing,LFS - Integrated Household Survey,Mean weekly hours usually worked per employee by sex
Colombia,2024,Male,47.82,,,Repository: ILO-STATISTICS - Micro data processing,LFS - Integrated Household Survey,Mean weekly hours usually worked per employee by sex
Colombia,2024,Female,44.39,,,Repository: ILO-STATISTICS - Micro data processing,LFS - Integrated Household Survey,Mean weekly hours usually worked per employee by sex
Colombia,2023,Male,48.43,,,Repository: ILO-STATISTICS - Micro data processing,LFS - Integrated Household Survey,Mean weekly hours usually worked per employee by sex
Colombia,2023,Female,45.01,,,Repository: ILO-STATISTICS - Micro data processing,LFS - Integrated Household Survey,Mean weekly hours usually worked per employee by sex
Colombia,2022,Male,48.82,Break in series,Break in series: Methodology revised,Repository: ILO-STATISTICS - Micro data processing,LFS - Integrated Household Survey,Mean weekly hours usually worked per employee by sex
Colombia,2022,Female,45.5,Break in series,Break in series: Methodology revised,Repository: ILO-STATISTICS - Micro data processing,LFS - Integrated Household Survey,Mean weekly hours usually worked per employee by sex
Colombia,2021,Male,49.27,,,Repository: ILO-STATISTICS - Micro data processing,LFS - Integrated Household Survey,Mean weekly hours usually worked per employee by sex
Colombia,2021,Female,45.31,,,Repository: ILO-STATISTICS - Micro data processing,LFS - Integrated Household Survey,Mean weekly hours usually worked per employee by sex
Colombia,2020,Male,49.13,,,Repository: ILO-STATISTICS - Micro data processing,LFS - Integrated Household Survey,Mean weekly hours usually worked per employee by sex
Colombia,2020,Female,45.18,,,Repository: ILO-STATISTICS - Micro data processing,LFS - Integrated Household Survey,Mean weekly hours usually worked per employee by sex
Colombia,2019,Male,49.61,,,Repository: ILO-STATISTICS - Micro data processing,LFS - Integrated Household Survey,Mean weekly hours usually worked per employee by sex
Colombia,2019,Female,44.62,,,Repository: ILO-STATISTICS - Micro data processing,LFS - Integrated Household Survey,Mean weekly hours usually worked per employee by sex
Colombia,2018,Male,49.76,,,Repository: ILO-STATISTICS - Micro data processing,LFS - Integrated Household Survey,Mean weekly hours usually worked per employee by sex
Colombia,2018,Female,44.89,,,Repository: ILO-STATISTICS - Micro data processing,LFS - Integrated Household Survey,Mean weekly hours usually worked per employee by sex
Colombia,2017,Male,49.79,,,Repository: ILO-STATISTICS - Micro data processing,LFS - Integrated Household Survey,Mean weekly hours usually worked per employee by sex
Colombia,2017,Female,44.82,,,Repository: ILO-STATISTICS - Micro data processing,LFS - Integrated Household Survey,Mean weekly hours usually worked per employee by sex
Colombia,2016,Male,50.1,,,Repository: ILO-STATISTICS - Micro data processing,LFS - Integrated Household Survey,Mean weekly hours usually worked per employee by sex
Colombia,2016,Female,44.65,,,Repository: ILO-STATISTICS - Micro data processing,LFS - Integrated Household Survey,Mean weekly hours usually worked per employee by sex
Colombia,2015,Male,50.22,,,Repository: ILO-STATISTICS - Micro data processing,LFS - Integrated Household Survey,Mean weekly hours usually worked per employee by sex
Colombia,2015,Female,44.82,,,Repository: ILO-STATISTICS - Micro data processing,LFS - Integrated Household Survey,Mean weekly hours usually worked per employee by sex
Cabo Verde,2015,Male,44.22,Break in series,Break in series: Methodology revised,Repository: ILO-STATISTICS - Micro data processing | Age coverage - minimum age: 16 years old,LFS - Continuous Multi-Objective Survey Employment and Labor Market Statistics,Mean weekly hours usually worked per employee by sex
Cabo Verde,2015,Female,41.82,Break in series,Break in series: Methodology revised,Repository: ILO-STATISTICS - Micro data processing | Age coverage - minimum age: 16 years old,LFS - Continuous Multi-Objective Survey Employment and Labor Market Statistics,Mean weekly hours usually worked per employee by sex
Costa Rica,2025,Male,47.06,,,Repository: ILO-STATISTICS - Micro data processing,LFS - Continuous Employment Survey,Mean weekly hours usually worked per employee by sex
Costa Rica,2025,Female,41.35,,,Repository: ILO-STATISTICS - Micro data processing,LFS - Continuous Employment Survey,Mean weekly hours usually worked per employee by sex
Costa Rica,2024,Male,47.28,,,Repository: ILO-STATISTICS - Micro data processing,LFS - Continuous Employment Survey,Mean weekly hours usually worked per employee by sex
Costa Rica,2024,Female,40.71,,,Repository: ILO-STATISTICS - Micro data processing,LFS - Continuous Employment Survey,Mean weekly hours usually worked per employee by sex
Costa Rica,2023,Male,47.15,,,Repository: ILO-STATISTICS - Micro data processing,LFS - Continuous Employment Survey,Mean weekly hours usually worked per employee by sex
Costa Rica,2023,Female,40.86,,,Repository: ILO-STATISTICS - Micro data processing,LFS - Continuous Employment Survey,Mean weekly hours usually worked per employee by sex
Costa Rica,2022,Male,47.37,,,Repository: ILO-STATISTICS - Micro data processing,LFS - Continuous Employment Survey,Mean weekly hours usually worked per employee by sex
Costa Rica,2022,Female,40.25,,,Repository: ILO-STATISTICS - Micro data processing,LFS - Continuous Employment Survey,Mean weekly hours usually worked per employee by sex
Costa Rica,2021,Male,46.85,,,Repository: ILO-STATISTICS - Micro data processing,LFS - Continuous Employment Survey,Mean weekly hours usually worked per employee by sex
Costa Rica,2021,Female,39.62,,,Repository: ILO-STATISTICS - Micro data processing,LFS - Continuous Employment Survey,Mean weekly hours usually worked per employee by sex
Costa Rica,2020,Male,46.78,,,Repository: ILO-STATISTICS - Micro data processing,LFS - Continuous Employment Survey,Mean weekly hours usually worked per employee by sex
Costa Rica,2020,Female,39.74,,,Repository: ILO-STATISTICS - Micro data processing,LFS - Continuous Employment Survey,Mean weekly hours usually worked per employee by sex
Costa Rica,2019,Male,47.34,,,Repository: ILO-STATISTICS - Micro data processing,LFS - Continuous Employment Survey,Mean weekly hours usually worked per employee by sex
Costa Rica,2019,Female,38.44,,,Repository: ILO-STATISTICS - Micro data processing,LFS - Continuous Employment Survey,Mean weekly hours usually worked per employee by sex
Costa Rica,2018,Male,47.95,,,Repository: ILO-STATISTICS - Micro data processing,LFS - Continuous Employment Survey,Mean weekly hours usually worked per employee by sex
Costa Rica,2018,Female,39.21,,,Repository: ILO-STATISTICS - Micro data processing,LFS - Continuous Employment Survey,Mean weekly hours usually worked per employee by sex
Costa Rica,2017,Male,48.33,,,Repository: ILO-STATISTICS - Micro data processing,LFS - Continuous Employment Survey,Mean weekly hours usually worked per employee by sex
Costa Rica,2017,Female,39.82,,,Repository: ILO-STATISTICS - Micro data processing,LFS - Continuous Employment Survey,Mean weekly hours usually worked per employee by sex
Costa Rica,2016,Male,48.38,,,Repository: ILO-STATISTICS - Micro data processing,LFS - Continuous Employment Survey,Mean weekly hours usually worked per employee by sex
Costa Rica,2016,Female,39.81,,,Repository: ILO-STATISTICS - Micro data processing,LFS - Continuous Employment Survey,Mean weekly hours usually worked per employee by sex
Costa Rica,2015,Male,48.54,,,Repository: ILO-STATISTICS - Micro data processing,LFS - Continuous Employment Survey,Mean weekly hours usually worked per employee by sex
Costa Rica,2015,Female,39.1,,,Repository: ILO-STATISTICS - Micro data processing,LFS - Continuous Employment Survey,Mean weekly hours usually worked per employee by sex
Cyprus,2024,Male,41.17,,,Repository: ILO-STATISTICS - Micro data processing,LFS - Labour Force Survey,Mean weekly hours usually worked per employee by sex
Cyprus,2024,Female,38.69,,,Repository: ILO-STATISTICS - Micro data processing,LFS - Labour Force Survey,Mean weekly hours usually worked per employee by sex
Cyprus,2023,Male,41.28,,,Repository: ILO-STATISTICS - Micro data processing,LFS - Labour Force Survey,Mean weekly hours usually worked per employee by sex
Cyprus,2023,Female,38.82,,,Repository: ILO-STATISTICS - Micro data processing,LFS - Labour Force Survey,Mean weekly hours usually worked per employee by sex
Cyprus,2022,Male,41.09,,,Repository: ILO-STATISTICS - Micro data processing,LFS - Labour Force Survey,Mean weekly hours usually worked per employee by sex
Cyprus,2022,Female,38.46,,,Repository: ILO-STATISTICS - Micro data processing,LFS - Labour Force Survey,Mean weekly hours usually worked per employee by sex
Cyprus,2021,Male,40.68,,,Repository: ILO-STATISTICS - Micro data processing,LFS - Labour Force Survey,Mean weekly hours usually worked per employee by sex
Cyprus,2021,Female,38.2,,,Repository: ILO-STATISTICS - Micro data processing,LFS - Labour Force Survey,Mean weekly hours usually worked per employee by sex
Cyprus,2020,Male,40.84,,,Repository: ILO-STATISTICS - Micro data processing,LFS - Labour Force Survey,Mean weekly hours usually worked per employee by sex
Cyprus,2020,Female,38.09,,,Repository: ILO-STATISTICS - Micro data processing,LFS - Labour Force Survey,Mean weekly hours usually worked per employee by sex
Cyprus,2019,Male,41.1,,,Repository: ILO-STATISTICS - Micro data processing,LFS - Labour Force Survey,Mean weekly hours usually worked per employee by sex
Cyprus,2019,Female,38.23,,,Repository: ILO-STATISTICS - Micro data processing,LFS - Labour Force Survey,Mean weekly hours usually worked per employee by sex
Cyprus,2018,Male,41.17,,,Repository: ILO-STATISTICS - Micro data processing,LFS - Labour Force Survey,Mean weekly hours usually worked per employee by sex
Cyprus,2018,Female,38.26,,,Repository: ILO-STATISTICS - Micro data processing,LFS - Labour Force Survey,Mean weekly hours usually worked per employee by sex
Cyprus,2017,Male,41.39,,,Repository: ILO-STATISTICS - Micro data processing,LFS - Labour Force Survey,Mean weekly hours usually worked per employee by sex
Cyprus,2017,Female,38.18,,,Repository: ILO-STATISTICS - Micro data processing,LFS - Labour Force Survey,Mean weekly hours usually worked per employee by sex
Cyprus,2016,Male,41.33,,,Repository: ILO-STATISTICS - Micro data processing,LFS - Labour Force Survey,Mean weekly hours usually worked per employee by sex
Cyprus,2016,Female,38.11,,,Repository: ILO-STATISTICS - Micro data processing,LFS - Labour Force Survey,Mean weekly hours usually worked per employee by sex
Cyprus,2015,Male,41.53,,,Repository: ILO-STATISTICS - Micro data processing,LFS - Labour Force Survey,Mean weekly hours usually worked per employee by sex
Cyprus,2015,Female,38.38,,,Repository: ILO-STATISTICS - Micro data processing,LFS - Labour Force Survey,Mean weekly hours usually worked per employee by sex
Czechia,2024,Male,39.84,,,Repository: ILO-STATISTICS - Micro data processing,LFS - Labour Force Sample Survey,Mean weekly hours usually worked per employee by sex
Czechia,2024,Female,37.44,,,Repository: ILO-STATISTICS - Micro data processing,LFS - Labour Force Sample Survey,Mean weekly hours usually worked per employee by sex
Czechia,2023,Male,39.89,,,Repository: ILO-STATISTICS - Micro data processing,LFS - Labour Force Sample Survey,Mean weekly hours usually worked per employee by sex
Czechia,2023,Female,37.65,,,Repository: ILO-STATISTICS - Micro data processing,LFS - Labour Force Sample Survey,Mean weekly hours usually worked per employee by sex
Czechia,2022,Male,40.1,,,Repository: ILO-STATISTICS - Micro data processing,LFS - Labour Force Sample Survey,Mean weekly hours usually worked per employee by sex
Czechia,2022,Female,37.7,,,Repository: ILO-STATISTICS - Micro data processing,LFS - Labour Force Sample Survey,Mean weekly hours usually worked per employee by sex
Czechia,2021,Male,39.69,,,Repository: ILO-STATISTICS - Micro data processing,LFS - Labour Force Sample Survey,Mean weekly hours usually worked per employee by sex
Czechia,2021,Female,37.96,,,Repository: ILO-STATISTICS - Micro data processing,LFS - Labour Force Sample Survey,Mean weekly hours usually worked per employee by sex
Czechia,2020,Male,40.26,,,Repository: ILO-STATISTICS - Micro data processing,LFS - Labour Force Sample Survey,Mean weekly hours usually worked per employee by sex
Czechia,2020,Female,38.22,,,Repository: ILO-STATISTICS - Micro data processing,LFS - Labour Force Sample Survey,Mean weekly hours usually worked per employee by sex
Czechia,2019,Male,40.46,,,Repository: ILO-STATISTICS - Micro data processing,LFS - Labour Force Sample Survey,Mean weekly hours usually worked per employee by sex
Czechia,2019,Female,38.02,,,Repository: ILO-STATISTICS - Micro data processing,LFS - Labour Force Sample Survey,Mean weekly hours usually worked per employee by sex
Czechia,2018,Male,40.42,,,Repository: ILO-STATISTICS - Micro data processing,LFS - Labour Force Sample Survey,Mean weekly hours usually worked per employee by sex
Czechia,2018,Female,37.91,,,Repository: ILO-STATISTICS - Micro data processing,LFS - Labour Force Sample Survey,Mean weekly hours usually worked per employee by sex
Czechia,2017,Male,40.43,,,Repository: ILO-STATISTICS - Micro data processing,LFS - Labour Force Sample Survey,Mean weekly hours usually worked per employee by sex
Czechia,2017,Female,37.93,,,Repository: ILO-STATISTICS - Micro data processing,LFS - Labour Force Sample Survey,Mean weekly hours usually worked per employee by sex
Czechia,2016,Male,40.47,,,Repository: ILO-STATISTICS - Micro data processing,LFS - Labour Force Sample Survey,Mean weekly hours usually worked per employee by sex
Czechia,2016,Female,38.11,,,Repository: ILO-STATISTICS - Micro data processing,LFS - Labour Force Sample Survey,Mean weekly hours usually worked per employee by sex
Czechia,2015,Male,40.62,,,Repository: ILO-STATISTICS - Micro data processing,LFS - Labour Force Sample Survey,Mean weekly hours usually worked per employee by sex
Czechia,2015,Female,38.26,,,Repository: ILO-STATISTICS - Micro data processing,LFS - Labour Force Sample Survey,Mean weekly hours usually worked per employee by sex
Germany,2024,Male,37.33,,,Repository: ILO-STATISTICS - Micro data processing,LFS - EU Labour Force Survey,Mean weekly hours usually worked per employee by sex
Germany,2024,Female,30.41,,,Repository: ILO-STATISTICS - Micro data processing,LFS - EU Labour Force Survey,Mean weekly hours usually worked per employee by sex
Germany,2023,Male,37.44,,,Repository: ILO-STATISTICS - Micro data processing,LFS - EU Labour Force Survey,Mean weekly hours usually worked per employee by sex
Germany,2023,Female,30.48,,,Repository: ILO-STATISTICS - Micro data processing,LFS - EU Labour Force Survey,Mean weekly hours usually worked per employee by sex
Germany,2022,Male,37.78,,,Repository: ILO-STATISTICS - Micro data processing,LFS - EU Labour Force Survey,Mean weekly hours usually worked per employee by sex
Germany,2022,Female,30.6,,,Repository: ILO-STATISTICS - Micro data processing,LFS - EU Labour Force Survey,Mean weekly hours usually worked per employee by sex
Germany,2021,Male,37.94,,,Repository: ILO-STATISTICS - Micro data processing,LFS - EU Labour Force Survey,Mean weekly hours usually worked per employee by sex
Germany,2021,Female,30.65,,,Repository: ILO-STATISTICS - Micro data processing,LFS - EU Labour Force Survey,Mean weekly hours usually worked per employee by sex
Germany,2020,Male,37.93,,,Repository: ILO-STATISTICS - Micro data processing,LFS - EU Labour Force Survey,Mean weekly hours usually worked per employee by sex
Germany,2020,Female,30.41,,,Repository: ILO-STATISTICS - Micro data processing,LFS - EU Labour Force Survey,Mean weekly hours usually worked per employee by sex
Germany,2019,Male,37.87,,,Repository: ILO-STATISTICS - Micro data processing,LFS - EU Labour Force Survey,Mean weekly hours usually worked per employee by sex
Germany,2019,Female,30.27,,,Repository: ILO-STATISTICS - Micro data processing,LFS - EU Labour Force Survey,Mean weekly hours usually worked per employee by sex
Germany,2018,Male,37.98,,,Repository: ILO-STATISTICS - Micro data processing,LFS - EU Labour Force Survey,Mean weekly hours usually worked per employee by sex
Germany,2018,Female,30.32,,,Repository: ILO-STATISTICS - Micro data processing,LFS - EU Labour Force Survey,Mean weekly hours usually worked per employee by sex
Germany,2017,Male,38.1,,,Repository: ILO-STATISTICS - Micro data processing,LFS - EU Labour Force Survey,Mean weekly hours usually worked per employee by sex
Germany,2017,Female,30.2,,,Repository: ILO-STATISTICS - Micro data processing,LFS - EU Labour Force Survey,Mean weekly hours usually worked per employee by sex
Germany,2016,Male,38.26,,,Repository: ILO-STATISTICS - Micro data processing,LFS - EU Labour Force Survey,Mean weekly hours usually worked per employee by sex
Germany,2016,Female,30.25,,,Repository: ILO-STATISTICS - Micro data processing,LFS - EU Labour Force Survey,Mean weekly hours usually worked per employee by sex
Germany,2015,Male,38.34,,,Repository: ILO-STATISTICS - Micro data processing,LFS - EU Labour Force Survey,Mean weekly hours usually worked per employee by sex
Germany,2015,Female,30.12,,,Repository: ILO-STATISTICS - Micro data processing,LFS - EU Labour Force Survey,Mean weekly hours usually worked per employee by sex
Djibouti,2017,Male,36.26,Break in series,Break in series: Methodology revised,Repository: ILO-STATISTICS - Micro data processing,HS - Djiboutian Household Survey,Mean weekly hours usually worked per employee by sex
Djibouti,2017,Female,33.94,Break in series,Break in series: Methodology revised,Repository: ILO-STATISTICS - Micro data processing,HS - Djiboutian Household Survey,Mean weekly hours usually worked per employee by sex
Denmark,2024,Male,34.46,,,Repository: ILO-STATISTICS - Micro data processing,LFS - EU Labour Force Survey,Mean weekly hours usually worked per employee by sex
Denmark,2024,Female,30.77,,,Repository: ILO-STATISTICS - Micro data processing,LFS - EU Labour Force Survey,Mean weekly hours usually worked per employee by sex
Denmark,2023,Male,34.92,,,Repository: ILO-STATISTICS - Micro data processing,LFS - EU Labour Force Survey,Mean weekly hours usually worked per employee by sex
Denmark,2023,Female,31.19,,,Repository: ILO-STATISTICS - Micro data processing,LFS - EU Labour Force Survey,Mean weekly hours usually worked per employee by sex
Denmark,2022,Male,35.13,,,Repository: ILO-STATISTICS - Micro data processing,LFS - EU Labour Force Survey,Mean weekly hours usually worked per employee by sex
Denmark,2022,Female,31.54,,,Repository: ILO-STATISTICS - Micro data processing,LFS - EU Labour Force Survey,Mean weekly hours usually worked per employee by sex
Denmark,2021,Male,35.21,,,Repository: ILO-STATISTICS - Micro data processing,LFS - EU Labour Force Survey,Mean weekly hours usually worked per employee by sex
Denmark,2021,Female,31.91,,,Repository: ILO-STATISTICS - Micro data processing,LFS - EU Labour Force Survey,Mean weekly hours usually worked per employee by sex
Denmark,2020,Male,34.21,,,Repository: ILO-STATISTICS - Micro data processing,LFS - EU Labour Force Survey,Mean weekly hours usually worked per employee by sex
Denmark,2020,Female,31.09,,,Repository: ILO-STATISTICS - Micro data processing,LFS - EU Labour Force Survey,Mean weekly hours usually worked per employee by sex
Denmark,2019,Male,34.23,,,Repository: ILO-STATISTICS - Micro data processing,LFS - EU Labour Force Survey,Mean weekly hours usually worked per employee by sex
Denmark,2019,Female,30.88,,,Repository: ILO-STATISTICS - Micro data processing,LFS - EU Labour Force Survey,Mean weekly hours usually worked per employee by sex
Denmark,2018,Male,34.43,,,Repository: ILO-STATISTICS - Micro data processing,LFS - EU Labour Force Survey,Mean weekly hours usually worked per employee by sex
Denmark,2018,Female,30.9,,,Repository: ILO-STATISTICS - Micro data processing,LFS - EU Labour Force Survey,Mean weekly hours usually worked per employee by sex
Denmark,2017,Male,34.23,,,Repository: ILO-STATISTICS - Micro data processing,LFS - EU Labour Force Survey,Mean weekly hours usually worked per employee by sex
Denmark,2017,Female,30.86,,,Repository: ILO-STATISTICS - Micro data processing,LFS - EU Labour Force Survey,Mean weekly hours usually worked per employee by sex
Denmark,2016,Male,34.23,,,Repository: ILO-STATISTICS - Micro data processing,LFS - EU Labour Force Survey,Mean weekly hours usually worked per employee by sex
Denmark,2016,Female,30.74,,,Repository: ILO-STATISTICS - Micro data processing,LFS - EU Labour Force Survey,Mean weekly hours usually worked per employee by sex
Denmark,2015,Male,34.44,,,Repository: ILO-STATISTICS - Micro data processing,LFS - EU Labour Force Survey,Mean weekly hours usually worked per employee by sex
Denmark,2015,Female,30.78,,,Repository: ILO-STATISTICS - Micro data processing,LFS - EU Labour Force Survey,Mean weekly hours usually worked per employee by sex
Dominican Republic,2025,Male,45.0,,,Repository: ILO-STATISTICS - Micro data processing,LFS - Continuous National Labour Force Survey,Mean weekly hours usually worked per employee by sex
Dominican Republic,2025,Female,40.54,,,Repository: ILO-STATISTICS - Micro data processing,LFS - Continuous National Labour Force Survey,Mean weekly hours usually worked per employee by sex
Dominican Republic,2024,Male,45.22,,,Repository: ILO-STATISTICS - Micro data processing,LFS - Continuous National Labour Force Survey,Mean weekly hours usually worked per employee by sex
Dominican Republic,2024,Female,40.39,,,Repository: ILO-STATISTICS - Micro data processing,LFS - Continuous National Labour Force Survey,Mean weekly hours usually worked per employee by sex
Dominican Republic,2023,Male,45.51,,,Repository: ILO-STATISTICS - Micro data processing,LFS - Continuous National Labour Force Survey,Mean weekly hours usually worked per employee by sex
Dominican Republic,2023,Female,40.27,,,Repository: ILO-STATISTICS - Micro data processing,LFS - Continuous National Labour Force Survey,Mean weekly hours usually worked per employee by sex
Dominican Republic,2022,Male,45.79,,,Repository: ILO-STATISTICS - Micro data processing,LFS - Continuous National Labour Force Survey,Mean weekly hours usually worked per employee by sex
Dominican Republic,2022,Female,40.84,,,Repository: ILO-STATISTICS - Micro data processing,LFS - Continuous National Labour Force Survey,Mean weekly hours usually worked per employee by sex
Dominican Republic,2021,Male,45.04,,,Repository: ILO-STATISTICS - Micro data processing,LFS - Continuous National Labour Force Survey,Mean weekly hours usually worked per employee by sex
Dominican Republic,2021,Female,40.12,,,Repository: ILO-STATISTICS - Micro data processing,LFS - Continuous National Labour Force Survey,Mean weekly hours usually worked per employee by sex
Dominican Republic,2020,Male,44.84,Break in series,Break in series: Methodology revised,Repository: ILO-STATISTICS - Micro data processing,LFS - Continuous National Labour Force Survey,Mean weekly hours usually worked per employee by sex
Dominican Republic,2020,Female,39.93,Break in series,Break in series: Methodology revised,Repository: ILO-STATISTICS - Micro data processing,LFS - Continuous National Labour Force Survey,Mean weekly hours usually worked per employee by sex
Dominican Republic,2019,Male,45.33,,,Repository: ILO-STATISTICS - Micro data processing,LFS - Continuous National Labour Force Survey,Mean weekly hours usually worked per employee by sex
Dominican Republic,2019,Female,39.79,,,Repository: ILO-STATISTICS - Micro data processing,LFS - Continuous National Labour Force Survey,Mean weekly hours usually worked per employee by sex
Dominican Republic,2018,Male,45.8,,,Repository: ILO-STATISTICS - Micro data processing,LFS - Continuous National Labour Force Survey,Mean weekly hours usually worked per employee by sex
Dominican Republic,2018,Female,39.68,,,Repository: ILO-STATISTICS - Micro data processing,LFS - Continuous National Labour Force Survey,Mean weekly hours usually worked per employee by sex
Dominican Republic,2017,Male,46.04,,,Repository: ILO-STATISTICS - Micro data processing,LFS - Continuous National Labour Force Survey,Mean weekly hours usually worked per employee by sex
Dominican Republic,2017,Female,39.67,,,Repository: ILO-STATISTICS - Micro data processing,LFS - Continuous National Labour Force Survey,Mean weekly hours usually worked per employee by sex
Dominican Republic,2016,Male,46.28,,,Repository: ILO-STATISTICS - Micro data processing,LFS - Continuous National Labour Force Survey,Mean weekly hours usually worked per employee by sex
Dominican Republic,2016,Female,40.01,,,Repository: ILO-STATISTICS - Micro data processing,LFS - Continuous National Labour Force Survey,Mean weekly hours usually worked per employee by sex
Dominican Republic,2015,Male,47.24,Break in series,Break in series: Methodology revised,Repository: ILO-STATISTICS - Micro data processing,LFS - Continuous National Labour Force Survey,Mean weekly hours usually worked per employee by sex
Dominican Republic,2015,Female,39.97,Break in series,Break in series: Methodology revised,Repository: ILO-STATISTICS - Micro data processing,LFS - Continuous National Labour Force Survey,Mean weekly hours usually worked per employee by sex
Ecuador,2025,Male,38.72,,,Repository: ILO-STATISTICS - Micro data processing,"LFS - National Survey on Employment, Unemployment and Underemployment",Mean weekly hours usually worked per employee by sex
Ecuador,2025,Female,36.95,,,Repository: ILO-STATISTICS - Micro data processing,"LFS - National Survey on Employment, Unemployment and Underemployment",Mean weekly hours usually worked per employee by sex
Ecuador,2024,Male,38.86,,,Repository: ILO-STATISTICS - Micro data processing,"LFS - National Survey on Employment, Unemployment and Underemployment",Mean weekly hours usually worked per employee by sex
Ecuador,2024,Female,36.71,,,Repository: ILO-STATISTICS - Micro data processing,"LFS - National Survey on Employment, Unemployment and Underemployment",Mean weekly hours usually worked per employee by sex
Ecuador,2023,Male,39.11,,,Repository: ILO-STATISTICS - Micro data processing,"LFS - National Survey on Employment, Unemployment and Underemployment",Mean weekly hours usually worked per employee by sex
Ecuador,2023,Female,36.72,,,Repository: ILO-STATISTICS - Micro data processing,"LFS - National Survey on Employment, Unemployment and Underemployment",Mean weekly hours usually worked per employee by sex
Ecuador,2022,Male,39.63,,,Repository: ILO-STATISTICS - Micro data processing,"LFS - National Survey on Employment, Unemployment and Underemployment",Mean weekly hours usually worked per employee by sex
Ecuador,2022,Female,37.31,,,Repository: ILO-STATISTICS - Micro data processing,"LFS - National Survey on Employment, Unemployment and Underemployment",Mean weekly hours usually worked per employee by sex
Ecuador,2021,Male,39.65,,,Repository: ILO-STATISTICS - Micro data processing,"LFS - National Survey on Employment, Unemployment and Underemployment",Mean weekly hours usually worked per employee by sex
Ecuador,2021,Female,37.75,,,Repository: ILO-STATISTICS - Micro data processing,"LFS - National Survey on Employment, Unemployment and Underemployment",Mean weekly hours usually worked per employee by sex
Ecuador,2020,Male,39.3,Break in series,Break in series: Methodology revised,Repository: ILO-STATISTICS - Micro data processing,"LFS - National Survey on Employment, Unemployment and Underemployment",Mean weekly hours usually worked per employee by sex
Ecuador,2020,Female,37.65,Break in series,Break in series: Methodology revised,Repository: ILO-STATISTICS - Micro data processing,"LFS - National Survey on Employment, Unemployment and Underemployment",Mean weekly hours usually worked per employee by sex
Ecuador,2019,Male,40.55,,,Repository: ILO-STATISTICS - Micro data processing,"LFS - National Survey on Employment, Unemployment and Underemployment",Mean weekly hours usually worked per employee by sex
Ecuador,2019,Female,38.12,,,Repository: ILO-STATISTICS - Micro data processing,"LFS - National Survey on Employment, Unemployment and Underemployment",Mean weekly hours usually worked per employee by sex
Ecuador,2018,Male,41.11,,,Repository: ILO-STATISTICS - Micro data processing,"LFS - National Survey on Employment, Unemployment and Underemployment",Mean weekly hours usually worked per employee by sex
Ecuador,2018,Female,38.37,,,Repository: ILO-STATISTICS - Micro data processing,"LFS - National Survey on Employment, Unemployment and Underemployment",Mean weekly hours usually worked per employee by sex
Ecuador,2017,Male,41.65,,,Repository: ILO-STATISTICS - Micro data processing,"LFS - National Survey on Employment, Unemployment and Underemployment",Mean weekly hours usually worked per employee by sex
Ecuador,2017,Female,38.26,,,Repository: ILO-STATISTICS - Micro data processing,"LFS - National Survey on Employment, Unemployment and Underemployment",Mean weekly hours usually worked per employee by sex
Ecuador,2016,Male,41.97,,,Repository: ILO-STATISTICS - Micro data processing,"LFS - National Survey on Employment, Unemployment and Underemployment",Mean weekly hours usually worked per employee by sex
Ecuador,2016,Female,38.25,,,Repository: ILO-STATISTICS - Micro data processing,"LFS - National Survey on Employment, Unemployment and Underemployment",Mean weekly hours usually worked per employee by sex
Ecuador,2015,Male,41.99,,,Repository: ILO-STATISTICS - Micro data processing,"LFS - National Survey on Employment, Unemployment and Underemployment",Mean weekly hours usually worked per employee by sex
Ecuador,2015,Female,39.15,,,Repository: ILO-STATISTICS - Micro data processing,"LFS - National Survey on Employment, Unemployment and Underemployment",Mean weekly hours usually worked per employee by sex
Spain,2025,Male,39.7,,,Repository: ILO-STATISTICS - Micro data processing,LFS - Labour Force Survey,Mean weekly hours usually worked per employee by sex
Spain,2025,Female,35.65,,,Repository: ILO-STATISTICS - Micro data processing,LFS - Labour Force Survey,Mean weekly hours usually worked per employee by sex
Spain,2024,Male,38.44,,,Repository: ILO-STATISTICS - Micro data processing,LFS - EU Labour Force Survey,Mean weekly hours usually worked per employee by sex
Spain,2024,Female,34.45,,,Repository: ILO-STATISTICS - Micro data processing,LFS - EU Labour Force Survey,Mean weekly hours usually worked per employee by sex
Spain,2023,Male,38.49,,,Repository: ILO-STATISTICS - Micro data processing,LFS - EU Labour Force Survey,Mean weekly hours usually worked per employee by sex
Spain,2023,Female,34.43,,,Repository: ILO-STATISTICS - Micro data processing,LFS - EU Labour Force Survey,Mean weekly hours usually worked per employee by sex
Spain,2022,Male,38.71,,,Repository: ILO-STATISTICS - Micro data processing,LFS - EU Labour Force Survey,Mean weekly hours usually worked per employee by sex
Spain,2022,Female,34.28,,,Repository: ILO-STATISTICS - Micro data processing,LFS - EU Labour Force Survey,Mean weekly hours usually worked per employee by sex
Spain,2021,Male,38.45,,,Repository: ILO-STATISTICS - Micro data processing,LFS - EU Labour Force Survey,Mean weekly hours usually worked per employee by sex
Spain,2021,Female,33.94,,,Repository: ILO-STATISTICS - Micro data processing,LFS - EU Labour Force Survey,Mean weekly hours usually worked per employee by sex
Spain,2020,Male,38.58,,,Repository: ILO-STATISTICS - Micro data processing,LFS - EU Labour Force Survey,Mean weekly hours usually worked per employee by sex
Spain,2020,Female,34.16,,,Repository: ILO-STATISTICS - Micro data processing,LFS - EU Labour Force Survey,Mean weekly hours usually worked per employee by sex
Spain,2019,Male,38.7,,,Repository: ILO-STATISTICS - Micro data processing,LFS - EU Labour Force Survey,Mean weekly hours usually worked per employee by sex
Spain,2019,Female,33.78,,,Repository: ILO-STATISTICS - Micro data processing,LFS - EU Labour Force Survey,Mean weekly hours usually worked per employee by sex
Spain,2018,Male,38.86,,,Repository: ILO-STATISTICS - Micro data processing,LFS - EU Labour Force Survey,Mean weekly hours usually worked per employee by sex
Spain,2018,Female,33.83,,,Repository: ILO-STATISTICS - Micro data processing,LFS - EU Labour Force Survey,Mean weekly hours usually worked per employee by sex
Spain,2017,Male,38.72,,,Repository: ILO-STATISTICS - Micro data processing,LFS - EU Labour Force Survey,Mean weekly hours usually worked per employee by sex
Spain,2017,Female,33.9,,,Repository: ILO-STATISTICS - Micro data processing,LFS - EU Labour Force Survey,Mean weekly hours usually worked per employee by sex
Spain,2016,Male,38.88,,,Repository: ILO-STATISTICS - Micro data processing,LFS - EU Labour Force Survey,Mean weekly hours usually worked per employee by sex
Spain,2016,Female,33.74,,,Repository: ILO-STATISTICS - Micro data processing,LFS - EU Labour Force Survey,Mean weekly hours usually worked per employee by sex
Spain,2015,Male,39.08,,,Repository: ILO-STATISTICS - Micro data processing,LFS - EU Labour Force Survey,Mean weekly hours usually worked per employee by sex
Spain,2015,Female,33.68,,,Repository: ILO-STATISTICS - Micro data processing,LFS - EU Labour Force Survey,Mean weekly hours usually worked per employee by sex
Estonia,2024,Male,38.7,,,Repository: ILO-STATISTICS - Micro data processing,LFS - Labour Force Survey,Mean weekly hours usually worked per employee by sex
Estonia,2024,Female,36.58,,,Repository: ILO-STATISTICS - Micro data processing,LFS - Labour Force Survey,Mean weekly hours usually worked per employee by sex
Estonia,2023,Male,38.67,,,Repository: ILO-STATISTICS - Micro data processing,LFS - Labour Force Survey,Mean weekly hours usually worked per employee by sex
Estonia,2023,Female,36.47,,,Repository: ILO-STATISTICS - Micro data processing,LFS - Labour Force Survey,Mean weekly hours usually worked per employee by sex
Estonia,2022,Male,38.98,,,Repository: ILO-STATISTICS - Micro data processing,LFS - Labour Force Survey,Mean weekly hours usually worked per employee by sex
Estonia,2022,Female,36.33,,,Repository: ILO-STATISTICS - Micro data processing,LFS - Labour Force Survey,Mean weekly hours usually worked per employee by sex
Estonia,2021,Male,39.06,,,Repository: ILO-STATISTICS - Micro data processing,LFS - Labour Force Survey,Mean weekly hours usually worked per employee by sex
Estonia,2021,Female,36.59,,,Repository: ILO-STATISTICS - Micro data processing,LFS - Labour Force Survey,Mean weekly hours usually worked per employee by sex
Estonia,2020,Male,39.11,,,Repository: ILO-STATISTICS - Micro data processing,LFS - Labour Force Survey,Mean weekly hours usually worked per employee by sex
Estonia,2020,Female,36.87,,,Repository: ILO-STATISTICS - Micro data processing,LFS - Labour Force Survey,Mean weekly hours usually worked per employee by sex
Estonia,2019,Male,39.26,,,Repository: ILO-STATISTICS - Micro data processing,LFS - Labour Force Survey,Mean weekly hours usually worked per employee by sex
Estonia,2019,Female,36.86,,,Repository: ILO-STATISTICS - Micro data processing,LFS - Labour Force Survey,Mean weekly hours usually worked per employee by sex
Estonia,2018,Male,39.48,,,Repository: ILO-STATISTICS - Micro data processing,LFS - Labour Force Survey,Mean weekly hours usually worked per employee by sex
Estonia,2018,Female,37.03,,,Repository: ILO-STATISTICS - Micro data processing,LFS - Labour Force Survey,Mean weekly hours usually worked per employee by sex
Estonia,2017,Male,39.66,,,Repository: ILO-STATISTICS - Micro data processing,LFS - Labour Force Survey,Mean weekly hours usually worked per employee by sex
Estonia,2017,Female,37.3,,,Repository: ILO-STATISTICS - Micro data processing,LFS - Labour Force Survey,Mean weekly hours usually worked per employee by sex
Estonia,2016,Male,39.53,,,Repository: ILO-STATISTICS - Micro data processing,LFS - Labour Force Survey,Mean weekly hours usually worked per employee by sex
Estonia,2016,Female,37.16,,,Repository: ILO-STATISTICS - Micro data processing,LFS - Labour Force Survey,Mean weekly hours usually worked per employee by sex
Estonia,2015,Male,39.98,,,Repository: ILO-STATISTICS - Micro data processing,LFS - Labour Force Survey,Mean weekly hours usually worked per employee by sex
Estonia,2015,Female,37.42,,,Repository: ILO-STATISTICS - Micro data processing,LFS - Labour Force Survey,Mean weekly hours usually worked per employee by sex
Finland,2024,Male,36.74,,,Repository: ILO-STATISTICS - Micro data processing,LFS - EU Labour Force Survey,Mean weekly hours usually worked per employee by sex
Finland,2024,Female,33.81,,,Repository: ILO-STATISTICS - Micro data processing,LFS - EU Labour Force Survey,Mean weekly hours usually worked per employee by sex
Finland,2023,Male,36.49,,,Repository: ILO-STATISTICS - Micro data processing,LFS - EU Labour Force Survey,Mean weekly hours usually worked per employee by sex
Finland,2023,Female,33.2,,,Repository: ILO-STATISTICS - Micro data processing,LFS - EU Labour Force Survey,Mean weekly hours usually worked per employee by sex
Finland,2022,Male,36.4,,,Repository: ILO-STATISTICS - Micro data processing,LFS - EU Labour Force Survey,Mean weekly hours usually worked per employee by sex
Finland,2022,Female,32.99,,,Repository: ILO-STATISTICS - Micro data processing,LFS - EU Labour Force Survey,Mean weekly hours usually worked per employee by sex
Finland,2021,Male,37.02,,,Repository: ILO-STATISTICS - Micro data processing,LFS - EU Labour Force Survey,Mean weekly hours usually worked per employee by sex
Finland,2021,Female,33.79,,,Repository: ILO-STATISTICS - Micro data processing,LFS - EU Labour Force Survey,Mean weekly hours usually worked per employee by sex
Finland,2020,Male,37.61,,,Repository: ILO-STATISTICS - Micro data processing,LFS - EU Labour Force Survey,Mean weekly hours usually worked per employee by sex
Finland,2020,Female,34.72,,,Repository: ILO-STATISTICS - Micro data processing,LFS - EU Labour Force Survey,Mean weekly hours usually worked per employee by sex
Finland,2019,Male,37.69,,,Repository: ILO-STATISTICS - Micro data processing,LFS - EU Labour Force Survey,Mean weekly hours usually worked per employee by sex
Finland,2019,Female,34.38,,,Repository: ILO-STATISTICS - Micro data processing,LFS - EU Labour Force Survey,Mean weekly hours usually worked per employee by sex
Finland,2018,Male,37.79,,,Repository: ILO-STATISTICS - Micro data processing,LFS - EU Labour Force Survey,Mean weekly hours usually worked per employee by sex
Finland,2018,Female,34.72,,,Repository: ILO-STATISTICS - Micro data processing,LFS - EU Labour Force Survey,Mean weekly hours usually worked per employee by sex
Finland,2017,Male,37.76,,,Repository: ILO-STATISTICS - Micro data processing,LFS - EU Labour Force Survey,Mean weekly hours usually worked per employee by sex
Finland,2017,Female,34.37,,,Repository: ILO-STATISTICS - Micro data processing,LFS - EU Labour Force Survey,Mean weekly hours usually worked per employee by sex
Finland,2016,Male,37.73,,,Repository: ILO-STATISTICS - Micro data processing,LFS - EU Labour Force Survey,Mean weekly hours usually worked per employee by sex
Finland,2016,Female,34.42,,,Repository: ILO-STATISTICS - Micro data processing,LFS - EU Labour Force Survey,Mean weekly hours usually worked per employee by sex
Finland,2015,Male,37.62,,,Repository: ILO-STATISTICS - Micro data processing,LFS - EU Labour Force Survey,Mean weekly hours usually worked per employee by sex
Finland,2015,Female,34.61,,,Repository: ILO-STATISTICS - Micro data processing,LFS - EU Labour Force Survey,Mean weekly hours usually worked per employee by sex
Fiji,2024,Male,43.19,,,Repository: ILO-STATISTICS - Micro data processing,"LFS - Employment, Unemployment Survey",Mean weekly hours usually worked per employee by sex
Fiji,2024,Female,41.36,,,Repository: ILO-STATISTICS - Micro data processing,"LFS - Employment, Unemployment Survey",Mean weekly hours usually worked per employee by sex
France,2024,Male,37.98,,,Repository: ILO-STATISTICS - Micro data processing,LFS - Employment Survey,Mean weekly hours usually worked per employee by sex
France,2024,Female,34.3,,,Repository: ILO-STATISTICS - Micro data processing,LFS - Employment Survey,Mean weekly hours usually worked per employee by sex
France,2023,Male,37.98,,,Repository: ILO-STATISTICS - Micro data processing,LFS - Employment Survey,Mean weekly hours usually worked per employee by sex
France,2023,Female,34.35,,,Repository: ILO-STATISTICS - Micro data processing,LFS - Employment Survey,Mean weekly hours usually worked per employee by sex
France,2022,Male,38.07,,,Repository: ILO-STATISTICS - Micro data processing,LFS - Employment Survey,Mean weekly hours usually worked per employee by sex
France,2022,Female,34.38,,,Repository: ILO-STATISTICS - Micro data processing,LFS - Employment Survey,Mean weekly hours usually worked per employee by sex
France,2021,Male,38.03,,,Repository: ILO-STATISTICS - Micro data processing,LFS - Employment Survey,Mean weekly hours usually worked per employee by sex
France,2021,Female,34.1,,,Repository: ILO-STATISTICS - Micro data processing,LFS - Employment Survey,Mean weekly hours usually worked per employee by sex
France,2020,Male,38.46,,,Repository: ILO-STATISTICS - Micro data processing,LFS - Employment Survey,Mean weekly hours usually worked per employee by sex
France,2020,Female,34.51,,,Repository: ILO-STATISTICS - Micro data processing,LFS - Employment Survey,Mean weekly hours usually worked per employee by sex
France,2019,Male,38.42,,,Repository: ILO-STATISTICS - Micro data processing,LFS - Employment Survey,Mean weekly hours usually worked per employee by sex
France,2019,Female,34.31,,,Repository: ILO-STATISTICS - Micro data processing,LFS - Employment Survey,Mean weekly hours usually worked per employee by sex
France,2018,Male,38.36,,,Repository: ILO-STATISTICS - Micro data processing,LFS - Employment Survey,Mean weekly hours usually worked per employee by sex
France,2018,Female,34.06,,,Repository: ILO-STATISTICS - Micro data processing,LFS - Employment Survey,Mean weekly hours usually worked per employee by sex
France,2017,Male,38.36,,,Repository: ILO-STATISTICS - Micro data processing,LFS - Employment Survey,Mean weekly hours usually worked per employee by sex
France,2017,Female,33.86,,,Repository: ILO-STATISTICS - Micro data processing,LFS - Employment Survey,Mean weekly hours usually worked per employee by sex
France,2016,Male,38.41,,,Repository: ILO-STATISTICS - Micro data processing,LFS - Employment Survey,Mean weekly hours usually worked per employee by sex
France,2016,Female,33.86,,,Repository: ILO-STATISTICS - Micro data processing,LFS - Employment Survey,Mean weekly hours usually worked per employee by sex
France,2015,Male,38.4,,,Repository: ILO-STATISTICS - Micro data processing,LFS - Employment Survey,Mean weekly hours usually worked per employee by sex
France,2015,Female,33.73,,,Repository: ILO-STATISTICS - Micro data processing,LFS - Employment Survey,Mean weekly hours usually worked per employee by sex
United Kingdom of Great Britain and Northern Ireland,2025,Male,39.15,,,Repository: ILO-STATISTICS - Micro data processing,LFS - Labour Force Survey,Mean weekly hours usually worked per employee by sex
United Kingdom of Great Britain and Northern Ireland,2025,Female,33.14,,,Repository: ILO-STATISTICS - Micro data processing,LFS - Labour Force Survey,Mean weekly hours usually worked per employee by sex
United Kingdom of Great Britain and Northern Ireland,2024,Male,39.37,,,Repository: ILO-STATISTICS - Micro data processing,LFS - Labour Force Survey,Mean weekly hours usually worked per employee by sex
United Kingdom of Great Britain and Northern Ireland,2024,Female,33.19,,,Repository: ILO-STATISTICS - Micro data processing,LFS - Labour Force Survey,Mean weekly hours usually worked per employee by sex
United Kingdom of Great Britain and Northern Ireland,2023,Male,39.32,,,Repository: ILO-STATISTICS - Micro data processing,LFS - Labour Force Survey,Mean weekly hours usually worked per employee by sex
United Kingdom of Great Britain and Northern Ireland,2023,Female,33.11,,,Repository: ILO-STATISTICS - Micro data processing,LFS - Labour Force Survey,Mean weekly hours usually worked per employee by sex
United Kingdom of Great Britain and Northern Ireland,2022,Male,39.78,,,Repository: ILO-STATISTICS - Micro data processing,LFS - Labour Force Survey,Mean weekly hours usually worked per employee by sex
United Kingdom of Great Britain and Northern Ireland,2022,Female,33.22,,,Repository: ILO-STATISTICS - Micro data processing,LFS - Labour Force Survey,Mean weekly hours usually worked per employee by sex
United Kingdom of Great Britain and Northern Ireland,2021,Male,40.01,,,Repository: ILO-STATISTICS - Micro data processing,LFS - Labour Force Survey,Mean weekly hours usually worked per employee by sex
United Kingdom of Great Britain and Northern Ireland,2021,Female,33.13,,,Repository: ILO-STATISTICS - Micro data processing,LFS - Labour Force Survey,Mean weekly hours usually worked per employee by sex
United Kingdom of Great Britain and Northern Ireland,2020,Male,40.21,,,Repository: ILO-STATISTICS - Micro data processing,LFS - Labour Force Survey,Mean weekly hours usually worked per employee by sex
United Kingdom of Great Britain and Northern Ireland,2020,Female,32.78,,,Repository: ILO-STATISTICS - Micro data processing,LFS - Labour Force Survey,Mean weekly hours usually worked per employee by sex
United Kingdom of Great Britain and Northern Ireland,2019,Male,40.53,,,Repository: ILO-STATISTICS - Micro data processing,LFS - Labour Force Survey,Mean weekly hours usually worked per employee by sex
United Kingdom of Great Britain and Northern Ireland,2019,Female,32.47,,,Repository: ILO-STATISTICS - Micro data processing,LFS - Labour Force Survey,Mean weekly hours usually worked per employee by sex
United Kingdom of Great Britain and Northern Ireland,2018,Male,40.51,,,Repository: ILO-STATISTICS - Micro data processing,LFS - Labour Force Survey,Mean weekly hours usually worked per employee by sex
United Kingdom of Great Britain and Northern Ireland,2018,Female,32.35,,,Repository: ILO-STATISTICS - Micro data processing,LFS - Labour Force Survey,Mean weekly hours usually worked per employee by sex
United Kingdom of Great Britain and Northern Ireland,2017,Male,40.59,,,Repository: ILO-STATISTICS - Micro data processing,LFS - Labour Force Survey,Mean weekly hours usually worked per employee by sex
United Kingdom of Great Britain and Northern Ireland,2017,Female,32.2,,,Repository: ILO-STATISTICS - Micro data processing,LFS - Labour Force Survey,Mean weekly hours usually worked per employee by sex
United Kingdom of Great Britain and Northern Ireland,2016,Male,40.63,,,Repository: ILO-STATISTICS - Micro data processing,LFS - Labour Force Survey,Mean weekly hours usually worked per employee by sex
United Kingdom of Great Britain and Northern Ireland,2016,Female,32.2,,,Repository: ILO-STATISTICS - Micro data processing,LFS - Labour Force Survey,Mean weekly hours usually worked per employee by sex
United Kingdom of Great Britain and Northern Ireland,2015,Male,40.83,,,Repository: ILO-STATISTICS - Micro data processing,LFS - Labour Force Survey,Mean weekly hours usually worked per employee by sex
United Kingdom of Great Britain and Northern Ireland,2015,Female,32.14,,,Repository: ILO-STATISTICS - Micro data processing,LFS - Labour Force Survey,Mean weekly hours usually worked per employee by sex
Georgia,2024,Male,44.98,,,Repository: ILO-STATISTICS - Micro data processing,LFS - Labour Force Survey,Mean weekly hours usually worked per employee by sex
Georgia,2024,Female,38.84,,,Repository: ILO-STATISTICS - Micro data processing,LFS - Labour Force Survey,Mean weekly hours usually worked per employee by sex
Georgia,2023,Male,45.18,,,Repository: ILO-STATISTICS - Micro data processing,LFS - Labour Force Survey,Mean weekly hours usually worked per employee by sex
Georgia,2023,Female,38.98,,,Repository: ILO-STATISTICS - Micro data processing,LFS - Labour Force Survey,Mean weekly hours usually worked per employee by sex
Georgia,2022,Male,45.74,,,Repository: ILO-STATISTICS - Micro data processing,LFS - Labour Force Survey,Mean weekly hours usually worked per employee by sex
Georgia,2022,Female,39.41,,,Repository: ILO-STATISTICS - Micro data processing,LFS - Labour Force Survey,Mean weekly hours usually worked per employee by sex
Georgia,2021,Male,45.67,,,Repository: ILO-STATISTICS - Micro data processing,LFS - Labour Force Survey,Mean weekly hours usually worked per employee by sex
Georgia,2021,Female,39.09,,,Repository: ILO-STATISTICS - Micro data processing,LFS - Labour Force Survey,Mean weekly hours usually worked per employee by sex
Georgia,2020,Male,46.79,Break in series,Break in series: Methodology revised,Repository: ILO-STATISTICS - Micro data processing,LFS - Labour Force Survey,Mean weekly hours usually worked per employee by sex
Georgia,2020,Female,40.25,Break in series,Break in series: Methodology revised,Repository: ILO-STATISTICS - Micro data processing,LFS - Labour Force Survey,Mean weekly hours usually worked per employee by sex
Georgia,2019,Male,48.18,,,Repository: ILO-STATISTICS - Micro data processing,LFS - Labour Force Survey,Mean weekly hours usually worked per employee by sex
Georgia,2019,Female,40.48,,,Repository: ILO-STATISTICS - Micro data processing,LFS - Labour Force Survey,Mean weekly hours usually worked per employee by sex
Georgia,2018,Male,48.22,,,Repository: ILO-STATISTICS - Micro data processing,LFS - Labour Force Survey,Mean weekly hours usually worked per employee by sex
Georgia,2018,Female,40.3,,,Repository: ILO-STATISTICS - Micro data processing,LFS - Labour Force Survey,Mean weekly hours usually worked per employee by sex
Georgia,2017,Male,47.09,,,Repository: ILO-STATISTICS - Micro data processing,LFS - Labour Force Survey,Mean weekly hours usually worked per employee by sex
Georgia,2017,Female,39.46,,,Repository: ILO-STATISTICS - Micro data processing,LFS - Labour Force Survey,Mean weekly hours usually worked per employee by sex
Ghana,2021,Male,46.16,,,Repository: ILO-STATISTICS - Micro data processing,PC - Population Census,Mean weekly hours usually worked per employee by sex
Ghana,2021,Female,43.4,,,Repository: ILO-STATISTICS - Micro data processing,PC - Population Census,Mean weekly hours usually worked per employee by sex
Ghana,2015,Male,41.06,Break in series,Break in series: Methodology revised,Repository: ILO-STATISTICS - Micro data processing,LFS - Labour Force Survey,Mean weekly hours usually worked per employee by sex
Ghana,2015,Female,35.43,Break in series,Break in series: Methodology revised,Repository: ILO-STATISTICS - Micro data processing,LFS - Labour Force Survey,Mean weekly hours usually worked per employee by sex
Gambia,2023,Male,49.26,,,Repository: ILO-STATISTICS - Micro data processing,LFS - Labour Force Survey,Mean weekly hours usually worked per employee by sex
Gambia,2023,Female,38.22,,,Repository: ILO-STATISTICS - Micro data processing,LFS - Labour Force Survey,Mean weekly hours usually worked per employee by sex
Guinea-Bissau,2022,Male,45.13,,,Repository: ILO-STATISTICS - Micro data processing,HIES - Harmonized Survey on Household Living Conditions,Mean weekly hours usually worked per employee by sex
Guinea-Bissau,2022,Female,37.99,,,Repository: ILO-STATISTICS - Micro data processing,HIES - Harmonized Survey on Household Living Conditions,Mean weekly hours usually worked per employee by sex
Guinea-Bissau,2019,Male,44.89,,,Repository: ILO-STATISTICS - Micro data processing,HIES - Harmonized Survey on Household Living Conditions,Mean weekly hours usually worked per employee by sex
Guinea-Bissau,2019,Female,39.69,,,Repository: ILO-STATISTICS - Micro data processing,HIES - Harmonized Survey on Household Living Conditions,Mean weekly hours usually worked per employee by sex
Greece,2025,Male,40.25,,,Repository: ILO-STATISTICS - Micro data processing,LFS - Labour Force Survey,Mean weekly hours usually worked per employee by sex
Greece,2025,Female,37.85,,,Repository: ILO-STATISTICS - Micro data processing,LFS - Labour Force Survey,Mean weekly hours usually worked per employee by sex
Greece,2024,Male,40.12,,,Repository: ILO-STATISTICS - Micro data processing,LFS - Labour Force Survey,Mean weekly hours usually worked per employee by sex
Greece,2024,Female,37.59,,,Repository: ILO-STATISTICS - Micro data processing,LFS - Labour Force Survey,Mean weekly hours usually worked per employee by sex
Greece,2023,Male,40.27,,,Repository: ILO-STATISTICS - Micro data processing,LFS - Labour Force Survey,Mean weekly hours usually worked per employee by sex
Greece,2023,Female,37.55,,,Repository: ILO-STATISTICS - Micro data processing,LFS - Labour Force Survey,Mean weekly hours usually worked per employee by sex
Greece,2022,Male,40.11,,,Repository: ILO-STATISTICS - Micro data processing,LFS - Labour Force Survey,Mean weekly hours usually worked per employee by sex
Greece,2022,Female,37.15,,,Repository: ILO-STATISTICS - Micro data processing,LFS - Labour Force Survey,Mean weekly hours usually worked per employee by sex
Greece,2021,Male,40.14,,,Repository: ILO-STATISTICS - Micro data processing,LFS - Labour Force Survey,Mean weekly hours usually worked per employee by sex
Greece,2021,Female,37.16,,,Repository: ILO-STATISTICS - Micro data processing,LFS - Labour Force Survey,Mean weekly hours usually worked per employee by sex
Greece,2020,Male,40.18,,,Repository: ILO-STATISTICS - Micro data processing,LFS - Labour Force Survey,Mean weekly hours usually worked per employee by sex
Greece,2020,Female,36.9,,,Repository: ILO-STATISTICS - Micro data processing,LFS - Labour Force Survey,Mean weekly hours usually worked per employee by sex
Greece,2019,Male,40.05,,,Repository: ILO-STATISTICS - Micro data processing,LFS - Labour Force Survey,Mean weekly hours usually worked per employee by sex
Greece,2019,Female,36.8,,,Repository: ILO-STATISTICS - Micro data processing,LFS - Labour Force Survey,Mean weekly hours usually worked per employee by sex
Greece,2018,Male,40.17,,,Repository: ILO-STATISTICS - Micro data processing,LFS - Labour Force Survey,Mean weekly hours usually worked per employee by sex
Greece,2018,Female,37.04,,,Repository: ILO-STATISTICS - Micro data processing,LFS - Labour Force Survey,Mean weekly hours usually worked per employee by sex
Greece,2017,Male,40.29,,,Repository: ILO-STATISTICS - Micro data processing,LFS - Labour Force Survey,Mean weekly hours usually worked per employee by sex
Greece,2017,Female,36.87,,,Repository: ILO-STATISTICS - Micro data processing,LFS - Labour Force Survey,Mean weekly hours usually worked per employee by sex
Greece,2016,Male,40.48,,,Repository: ILO-STATISTICS - Micro data processing,LFS - Labour Force Survey,Mean weekly hours usually worked per employee by sex
Greece,2016,Female,37.02,,,Repository: ILO-STATISTICS - Micro data processing,LFS - Labour Force Survey,Mean weekly hours usually worked per employee by sex
Greece,2015,Male,40.29,,,Repository: ILO-STATISTICS - Micro data processing,LFS - Labour Force Survey,Mean weekly hours usually worked per employee by sex
Greece,2015,Female,37.07,,,Repository: ILO-STATISTICS - Micro data processing,LFS - Labour Force Survey,Mean weekly hours usually worked per employee by sex
Grenada,2023,Male,45.38,,,Repository: ILO-STATISTICS - Micro data processing,LFS - Labour Force Survey,Mean weekly hours usually worked per employee by sex
Grenada,2023,Female,40.78,,,Repository: ILO-STATISTICS - Micro data processing,LFS - Labour Force Survey,Mean weekly hours usually worked per employee by sex
Grenada,2021,Male,42.02,,,Repository: ILO-STATISTICS - Micro data processing,LFS - Labour Force Survey,Mean weekly hours usually worked per employee by sex
Grenada,2021,Female,39.75,,,Repository: ILO-STATISTICS - Micro data processing,LFS - Labour Force Survey,Mean weekly hours usually worked per employee by sex
Grenada,2020,Male,41.21,,,Repository: ILO-STATISTICS - Micro data processing,LFS - Labour Force Survey,Mean weekly hours usually worked per employee by sex
Grenada,2020,Female,39.99,,,Repository: ILO-STATISTICS - Micro data processing,LFS - Labour Force Survey,Mean weekly hours usually worked per employee by sex
Grenada,2019,Male,41.81,,,Repository: ILO-STATISTICS - Micro data processing,LFS - Labour Force Survey,Mean weekly hours usually worked per employee by sex
Grenada,2019,Female,39.72,,,Repository: ILO-STATISTICS - Micro data processing,LFS - Labour Force Survey,Mean weekly hours usually worked per employee by sex
Grenada,2018,Male,43.64,,,Repository: ILO-STATISTICS - Micro data processing,LFS - Labour Force Survey,Mean weekly hours usually worked per employee by sex
Grenada,2018,Female,40.87,,,Repository: ILO-STATISTICS - Micro data processing,LFS - Labour Force Survey,Mean weekly hours usually worked per employee by sex
Guatemala,2024,Male,48.56,Break in series,Break in series: Methodology revised,Repository: ILO-STATISTICS - Micro data processing,LFS - Employment and Income Survey,Mean weekly hours usually worked per employee by sex
Guatemala,2024,Female,40.4,Break in series,Break in series: Methodology revised,Repository: ILO-STATISTICS - Micro data processing,LFS - Employment and Income Survey,Mean weekly hours usually worked per employee by sex
Guatemala,2023,Male,44.73,,,Repository: ILO-STATISTICS - Micro data processing,HS - Living Conditions National Survey,Mean weekly hours usually worked per employee by sex
Guatemala,2023,Female,37.67,,,Repository: ILO-STATISTICS - Micro data processing,HS - Living Conditions National Survey,Mean weekly hours usually worked per employee by sex
Guatemala,2022,Male,43.22,Break in series,Unemployment definition: Two criteria (not in employment and seeking) | Break in series: Methodology revised,Repository: ILO-STATISTICS - Micro data processing,LFS - Employment and Income Survey,Mean weekly hours usually worked per employee by sex
Guatemala,2022,Female,35.85,Break in series,Unemployment definition: Two criteria (not in employment and seeking) | Break in series: Methodology revised,Repository: ILO-STATISTICS - Micro data processing,LFS - Employment and Income Survey,Mean weekly hours usually worked per employee by sex
Guatemala,2021,Male,48.38,,,Repository: ILO-STATISTICS - Micro data processing,LFS - Employment and Income Survey,Mean weekly hours usually worked per employee by sex
Guatemala,2021,Female,42.84,,,Repository: ILO-STATISTICS - Micro data processing,LFS - Employment and Income Survey,Mean weekly hours usually worked per employee by sex
Guatemala,2019,Male,48.26,,,Repository: ILO-STATISTICS - Micro data processing,LFS - Employment and Income Survey,Mean weekly hours usually worked per employee by sex
Guatemala,2019,Female,42.41,,,Repository: ILO-STATISTICS - Micro data processing,LFS - Employment and Income Survey,Mean weekly hours usually worked per employee by sex
Guatemala,2018,Male,47.67,,,Repository: ILO-STATISTICS - Micro data processing,LFS - Employment and Income Survey,Mean weekly hours usually worked per employee by sex
Guatemala,2018,Female,41.35,,,Repository: ILO-STATISTICS - Micro data processing,LFS - Employment and Income Survey,Mean weekly hours usually worked per employee by sex
Guatemala,2017,Male,47.35,,,Repository: ILO-STATISTICS - Micro data processing,LFS - Employment and Income Survey,Mean weekly hours usually worked per employee by sex
Guatemala,2017,Female,40.95,,,Repository: ILO-STATISTICS - Micro data processing,LFS - Employment and Income Survey,Mean weekly hours usually worked per employee by sex
Guatemala,2016,Male,47.55,,,Repository: ILO-STATISTICS - Micro data processing,LFS - Employment and Income Survey,Mean weekly hours usually worked per employee by sex
Guatemala,2016,Female,42.3,,,Repository: ILO-STATISTICS - Micro data processing,LFS - Employment and Income Survey,Mean weekly hours usually worked per employee by sex
Guatemala,2015,Male,47.28,,,Repository: ILO-STATISTICS - Micro data processing,LFS - Employment and Income Survey,Mean weekly hours usually worked per employee by sex
Guatemala,2015,Female,41.58,,,Repository: ILO-STATISTICS - Micro data processing,LFS - Employment and Income Survey,Mean weekly hours usually worked per employee by sex
Guyana,2019,Male,50.49,,,Repository: ILO-STATISTICS - Micro data processing,LFS - Labour Force Survey,Mean weekly hours usually worked per employee by sex
Guyana,2019,Female,42.56,,,Repository: ILO-STATISTICS - Micro data processing,LFS - Labour Force Survey,Mean weekly hours usually worked per employee by sex
Guyana,2018,Male,50.38,Break in series,Break in series: Methodology revised,Repository: ILO-STATISTICS - Micro data processing,LFS - Labour Force Survey,Mean weekly hours usually worked per employee by sex
Guyana,2018,Female,42.2,Break in series,Break in series: Methodology revised,Repository: ILO-STATISTICS - Micro data processing,LFS - Labour Force Survey,Mean weekly hours usually worked per employee by sex
Honduras,2025,Male,45.94,,,Repository: ILO-STATISTICS - Micro data processing | Data reference period: Second quarter,HS - Continous Multi-Purpose Household Survey,Mean weekly hours usually worked per employee by sex
Honduras,2025,Female,42.64,,,Repository: ILO-STATISTICS - Micro data processing | Data reference period: Second quarter,HS - Continous Multi-Purpose Household Survey,Mean weekly hours usually worked per employee by sex
Honduras,2024,Male,47.65,,,Repository: ILO-STATISTICS - Micro data processing | Data reference period: Second quarter,HS - Continous Multi-Purpose Household Survey,Mean weekly hours usually worked per employee by sex
Honduras,2024,Female,43.53,,,Repository: ILO-STATISTICS - Micro data processing | Data reference period: Second quarter,HS - Continous Multi-Purpose Household Survey,Mean weekly hours usually worked per employee by sex
Honduras,2023,Male,45.91,,,Repository: ILO-STATISTICS - Micro data processing | Data reference period: Second quarter,HS - Continous Multi-Purpose Household Survey,Mean weekly hours usually worked per employee by sex
Honduras,2023,Female,42.57,,,Repository: ILO-STATISTICS - Micro data processing | Data reference period: Second quarter,HS - Continous Multi-Purpose Household Survey,Mean weekly hours usually worked per employee by sex
Honduras,2022,Male,47.19,,,Repository: ILO-STATISTICS - Micro data processing | Data reference period: Second quarter,HS - Continous Multi-Purpose Household Survey,Mean weekly hours usually worked per employee by sex
Honduras,2022,Female,41.77,,,Repository: ILO-STATISTICS - Micro data processing | Data reference period: Second quarter,HS - Continous Multi-Purpose Household Survey,Mean weekly hours usually worked per employee by sex
Honduras,2021,Male,47.93,,,Repository: ILO-STATISTICS - Micro data processing | Data reference period: Second quarter,HS - Continous Multi-Purpose Household Survey,Mean weekly hours usually worked per employee by sex
Honduras,2021,Female,42.23,,,Repository: ILO-STATISTICS - Micro data processing | Data reference period: Second quarter,HS - Continous Multi-Purpose Household Survey,Mean weekly hours usually worked per employee by sex
Honduras,2020,Male,44.13,Break in series,Break in series: Methodology revised,Repository: ILO-STATISTICS - Micro data processing | Data reference period: Second quarter,HS - Continous Multi-Purpose Household Survey,Mean weekly hours usually worked per employee by sex
Honduras,2020,Female,37.96,Break in series,Break in series: Methodology revised,Repository: ILO-STATISTICS - Micro data processing | Data reference period: Second quarter,HS - Continous Multi-Purpose Household Survey,Mean weekly hours usually worked per employee by sex
Honduras,2019,Male,46.99,,,Repository: ILO-STATISTICS - Micro data processing | Data reference period: Second quarter,HS - Continous Multi-Purpose Household Survey,Mean weekly hours usually worked per employee by sex
Honduras,2019,Female,43.97,,,Repository: ILO-STATISTICS - Micro data processing | Data reference period: Second quarter,HS - Continous Multi-Purpose Household Survey,Mean weekly hours usually worked per employee by sex
Honduras,2018,Male,47.44,Break in series,Break in series: Methodology revised,Repository: ILO-STATISTICS - Micro data processing | Data reference period: Second quarter,HS - Continous Multi-Purpose Household Survey,Mean weekly hours usually worked per employee by sex
Honduras,2018,Female,44.15,Break in series,Break in series: Methodology revised,Repository: ILO-STATISTICS - Micro data processing | Data reference period: Second quarter,HS - Continous Multi-Purpose Household Survey,Mean weekly hours usually worked per employee by sex
Honduras,2017,Male,47.25,,,Repository: ILO-STATISTICS - Micro data processing | Data reference period: Second quarter,HS - Continous Multi-Purpose Household Survey,Mean weekly hours usually worked per employee by sex
Honduras,2017,Female,44.69,,,Repository: ILO-STATISTICS - Micro data processing | Data reference period: Second quarter,HS - Continous Multi-Purpose Household Survey,Mean weekly hours usually worked per employee by sex
Honduras,2016,Male,47.8,,,Repository: ILO-STATISTICS - Micro data processing,HS - Continous Multi-Purpose Household Survey,Mean weekly hours usually worked per employee by sex
Honduras,2016,Female,45.1,,,Repository: ILO-STATISTICS - Micro data processing,HS - Continous Multi-Purpose Household Survey,Mean weekly hours usually worked per employee by sex
Honduras,2015,Male,46.54,,,Repository: ILO-STATISTICS - Micro data processing,HS - Continous Multi-Purpose Household Survey,Mean weekly hours usually worked per employee by sex
Honduras,2015,Female,44.47,,,Repository: ILO-STATISTICS - Micro data processing,HS - Continous Multi-Purpose Household Survey,Mean weekly hours usually worked per employee by sex
Croatia,2024,Male,39.74,,,Repository: ILO-STATISTICS - Micro data processing,LFS - EU Labour Force Survey,Mean weekly hours usually worked per employee by sex
Croatia,2024,Female,39.01,,,Repository: ILO-STATISTICS - Micro data processing,LFS - EU Labour Force Survey,Mean weekly hours usually worked per employee by sex
Croatia,2023,Male,39.87,,,Repository: ILO-STATISTICS - Micro data processing,LFS - EU Labour Force Survey,Mean weekly hours usually worked per employee by sex
Croatia,2023,Female,39.18,,,Repository: ILO-STATISTICS - Micro data processing,LFS - EU Labour Force Survey,Mean weekly hours usually worked per employee by sex
Croatia,2022,Male,39.94,,,Repository: ILO-STATISTICS - Micro data processing,LFS - EU Labour Force Survey,Mean weekly hours usually worked per employee by sex
Croatia,2022,Female,39.01,,,Repository: ILO-STATISTICS - Micro data processing,LFS - EU Labour Force Survey,Mean weekly hours usually worked per employee by sex
Croatia,2021,Male,40.05,,,Repository: ILO-STATISTICS - Micro data processing,LFS - EU Labour Force Survey,Mean weekly hours usually worked per employee by sex
Croatia,2021,Female,39.12,,,Repository: ILO-STATISTICS - Micro data processing,LFS - EU Labour Force Survey,Mean weekly hours usually worked per employee by sex
Croatia,2020,Male,39.96,,,Repository: ILO-STATISTICS - Micro data processing,LFS - EU Labour Force Survey,Mean weekly hours usually worked per employee by sex
Croatia,2020,Female,38.98,,,Repository: ILO-STATISTICS - Micro data processing,LFS - EU Labour Force Survey,Mean weekly hours usually worked per employee by sex
Croatia,2019,Male,40.1,,,Repository: ILO-STATISTICS - Micro data processing,LFS - EU Labour Force Survey,Mean weekly hours usually worked per employee by sex
Croatia,2019,Female,39.03,,,Repository: ILO-STATISTICS - Micro data processing,LFS - EU Labour Force Survey,Mean weekly hours usually worked per employee by sex
Croatia,2018,Male,39.93,,,Repository: ILO-STATISTICS - Micro data processing,LFS - EU Labour Force Survey,Mean weekly hours usually worked per employee by sex
Croatia,2018,Female,39.14,,,Repository: ILO-STATISTICS - Micro data processing,LFS - EU Labour Force Survey,Mean weekly hours usually worked per employee by sex
Croatia,2017,Male,40.06,,,Repository: ILO-STATISTICS - Micro data processing,LFS - EU Labour Force Survey,Mean weekly hours usually worked per employee by sex
Croatia,2017,Female,39.08,,,Repository: ILO-STATISTICS - Micro data processing,LFS - EU Labour Force Survey,Mean weekly hours usually worked per employee by sex
Croatia,2016,Male,40.09,,,Repository: ILO-STATISTICS - Micro data processing,LFS - EU Labour Force Survey,Mean weekly hours usually worked per employee by sex
Croatia,2016,Female,38.85,,,Repository: ILO-STATISTICS - Micro data processing,LFS - EU Labour Force Survey,Mean weekly hours usually worked per employee by sex
Croatia,2015,Male,40.43,,,Repository: ILO-STATISTICS - Micro data processing,LFS - EU Labour Force Survey,Mean weekly hours usually worked per employee by sex
Croatia,2015,Female,39.16,,,Repository: ILO-STATISTICS - Micro data processing,LFS - EU Labour Force Survey,Mean weekly hours usually worked per employee by sex
Hungary,2024,Male,39.77,,,Repository: ILO-STATISTICS - Micro data processing,LFS - Labour Force Survey,Mean weekly hours usually worked per employee by sex
Hungary,2024,Female,38.8,,,Repository: ILO-STATISTICS - Micro data processing,LFS - Labour Force Survey,Mean weekly hours usually worked per employee by sex
Hungary,2023,Male,39.74,,,Repository: ILO-STATISTICS - Micro data processing,LFS - Labour Force Survey,Mean weekly hours usually worked per employee by sex
Hungary,2023,Female,38.86,,,Repository: ILO-STATISTICS - Micro data processing,LFS - Labour Force Survey,Mean weekly hours usually worked per employee by sex
Hungary,2022,Male,39.77,,,Repository: ILO-STATISTICS - Micro data processing,LFS - Labour Force Survey,Mean weekly hours usually worked per employee by sex
Hungary,2022,Female,38.79,,,Repository: ILO-STATISTICS - Micro data processing,LFS - Labour Force Survey,Mean weekly hours usually worked per employee by sex
Hungary,2021,Male,39.83,,,Repository: ILO-STATISTICS - Micro data processing,LFS - Labour Force Survey,Mean weekly hours usually worked per employee by sex
Hungary,2021,Female,38.73,,,Repository: ILO-STATISTICS - Micro data processing,LFS - Labour Force Survey,Mean weekly hours usually worked per employee by sex
Hungary,2020,Male,39.76,,,Repository: ILO-STATISTICS - Micro data processing,LFS - Labour Force Survey,Mean weekly hours usually worked per employee by sex
Hungary,2020,Female,38.71,,,Repository: ILO-STATISTICS - Micro data processing,LFS - Labour Force Survey,Mean weekly hours usually worked per employee by sex
Hungary,2019,Male,40.05,,,Repository: ILO-STATISTICS - Micro data processing,LFS - Labour Force Survey,Mean weekly hours usually worked per employee by sex
Hungary,2019,Female,38.85,,,Repository: ILO-STATISTICS - Micro data processing,LFS - Labour Force Survey,Mean weekly hours usually worked per employee by sex
Hungary,2018,Male,40.18,,,Repository: ILO-STATISTICS - Micro data processing,LFS - Labour Force Survey,Mean weekly hours usually worked per employee by sex
Hungary,2018,Female,38.9,,,Repository: ILO-STATISTICS - Micro data processing,LFS - Labour Force Survey,Mean weekly hours usually worked per employee by sex
Hungary,2017,Male,40.23,,,Repository: ILO-STATISTICS - Micro data processing,LFS - Labour Force Survey,Mean weekly hours usually worked per employee by sex
Hungary,2017,Female,39.05,,,Repository: ILO-STATISTICS - Micro data processing,LFS - Labour Force Survey,Mean weekly hours usually worked per employee by sex
Hungary,2016,Male,40.27,,,Repository: ILO-STATISTICS - Micro data processing,LFS - Labour Force Survey,Mean weekly hours usually worked per employee by sex
Hungary,2016,Female,38.96,,,Repository: ILO-STATISTICS - Micro data processing,LFS - Labour Force Survey,Mean weekly hours usually worked per employee by sex
Hungary,2015,Male,40.3,,,Repository: ILO-STATISTICS - Micro data processing,LFS - Labour Force Survey,Mean weekly hours usually worked per employee by sex
Hungary,2015,Female,38.93,,,Repository: ILO-STATISTICS - Micro data processing,LFS - Labour Force Survey,Mean weekly hours usually worked per employee by sex
Indonesia,2023,Male,44.48,,,Repository: ILO-STATISTICS - Micro data processing,LFS - National Labour Force Survey,Mean weekly hours usually worked per employee by sex
Indonesia,2023,Female,38.89,,,Repository: ILO-STATISTICS - Micro data processing,LFS - National Labour Force Survey,Mean weekly hours usually worked per employee by sex
Indonesia,2022,Male,44.21,,,Repository: ILO-STATISTICS - Micro data processing,LFS - National Labour Force Survey,Mean weekly hours usually worked per employee by sex
Indonesia,2022,Female,38.93,,,Repository: ILO-STATISTICS - Micro data processing,LFS - National Labour Force Survey,Mean weekly hours usually worked per employee by sex
Indonesia,2021,Male,42.98,Break in series,Break in series: Methodology revised,Repository: ILO-STATISTICS - Micro data processing,LFS - National Labour Force Survey,Mean weekly hours usually worked per employee by sex
Indonesia,2021,Female,37.22,Break in series,Break in series: Methodology revised,Repository: ILO-STATISTICS - Micro data processing,LFS - National Labour Force Survey,Mean weekly hours usually worked per employee by sex
Indonesia,2019,Male,45.71,,,Repository: ILO-STATISTICS - Micro data processing,LFS - National Labour Force Survey,Mean weekly hours usually worked per employee by sex
Indonesia,2019,Female,40.69,,,Repository: ILO-STATISTICS - Micro data processing,LFS - National Labour Force Survey,Mean weekly hours usually worked per employee by sex
Indonesia,2018,Male,45.73,,,Repository: ILO-STATISTICS - Micro data processing,LFS - National Labour Force Survey,Mean weekly hours usually worked per employee by sex
Indonesia,2018,Female,40.55,,,Repository: ILO-STATISTICS - Micro data processing,LFS - National Labour Force Survey,Mean weekly hours usually worked per employee by sex
Indonesia,2017,Male,45.98,,,Repository: ILO-STATISTICS - Micro data processing,LFS - National Labour Force Survey,Mean weekly hours usually worked per employee by sex
Indonesia,2017,Female,40.85,,,Repository: ILO-STATISTICS - Micro data processing,LFS - National Labour Force Survey,Mean weekly hours usually worked per employee by sex
Indonesia,2016,Male,45.77,,,Repository: ILO-STATISTICS - Micro data processing,LFS - National Labour Force Survey,Mean weekly hours usually worked per employee by sex
Indonesia,2016,Female,40.84,,,Repository: ILO-STATISTICS - Micro data processing,LFS - National Labour Force Survey,Mean weekly hours usually worked per employee by sex
Ireland,2024,Male,37.32,,,Repository: ILO-STATISTICS - Micro data processing,LFS - EU Labour Force Survey,Mean weekly hours usually worked per employee by sex
Ireland,2024,Female,32.34,,,Repository: ILO-STATISTICS - Micro data processing,LFS - EU Labour Force Survey,Mean weekly hours usually worked per employee by sex
Ireland,2023,Male,37.11,,,Repository: ILO-STATISTICS - Micro data processing,LFS - EU Labour Force Survey,Mean weekly hours usually worked per employee by sex
Ireland,2023,Female,32.09,,,Repository: ILO-STATISTICS - Micro data processing,LFS - EU Labour Force Survey,Mean weekly hours usually worked per employee by sex
Ireland,2022,Male,38.3,,,Repository: ILO-STATISTICS - Micro data processing,LFS - EU Labour Force Survey,Mean weekly hours usually worked per employee by sex
Ireland,2022,Female,32.67,,,Repository: ILO-STATISTICS - Micro data processing,LFS - EU Labour Force Survey,Mean weekly hours usually worked per employee by sex
Ireland,2021,Male,38.0,,,Repository: ILO-STATISTICS - Micro data processing,LFS - EU Labour Force Survey,Mean weekly hours usually worked per employee by sex
Ireland,2021,Female,32.06,,,Repository: ILO-STATISTICS - Micro data processing,LFS - EU Labour Force Survey,Mean weekly hours usually worked per employee by sex
Ireland,2020,Male,38.41,,,Repository: ILO-STATISTICS - Micro data processing,LFS - EU Labour Force Survey,Mean weekly hours usually worked per employee by sex
Ireland,2020,Female,32.34,,,Repository: ILO-STATISTICS - Micro data processing,LFS - EU Labour Force Survey,Mean weekly hours usually worked per employee by sex
Ireland,2019,Male,38.45,,,Repository: ILO-STATISTICS - Micro data processing,LFS - EU Labour Force Survey,Mean weekly hours usually worked per employee by sex
Ireland,2019,Female,31.99,,,Repository: ILO-STATISTICS - Micro data processing,LFS - EU Labour Force Survey,Mean weekly hours usually worked per employee by sex
Ireland,2018,Male,38.31,,,Repository: ILO-STATISTICS - Micro data processing,LFS - EU Labour Force Survey,Mean weekly hours usually worked per employee by sex
Ireland,2018,Female,32.11,,,Repository: ILO-STATISTICS - Micro data processing,LFS - EU Labour Force Survey,Mean weekly hours usually worked per employee by sex
Ireland,2017,Male,38.12,,,Repository: ILO-STATISTICS - Micro data processing,LFS - EU Labour Force Survey,Mean weekly hours usually worked per employee by sex
Ireland,2017,Female,31.91,,,Repository: ILO-STATISTICS - Micro data processing,LFS - EU Labour Force Survey,Mean weekly hours usually worked per employee by sex
Ireland,2016,Male,37.79,,,Repository: ILO-STATISTICS - Micro data processing,LFS - EU Labour Force Survey,Mean weekly hours usually worked per employee by sex
Ireland,2016,Female,31.77,,,Repository: ILO-STATISTICS - Micro data processing,LFS - EU Labour Force Survey,Mean weekly hours usually worked per employee by sex
Ireland,2015,Male,37.78,,,Repository: ILO-STATISTICS - Micro data processing,LFS - EU Labour Force Survey,Mean weekly hours usually worked per employee by sex
Ireland,2015,Female,31.62,,,Repository: ILO-STATISTICS - Micro data processing,LFS - EU Labour Force Survey,Mean weekly hours usually worked per employee by sex
Iran (Islamic Republic of),2024,Male,49.34,,,Repository: ILO-STATISTICS - Micro data processing,LFS - Labour Force Survey,Mean weekly hours usually worked per employee by sex
Iran (Islamic Republic of),2024,Female,40.07,,,Repository: ILO-STATISTICS - Micro data processing,LFS - Labour Force Survey,Mean weekly hours usually worked per employee by sex
Iran (Islamic Republic of),2023,Male,49.23,,,Repository: ILO-STATISTICS - Micro data processing,LFS - Labour Force Survey,Mean weekly hours usually worked per employee by sex
Iran (Islamic Republic of),2023,Female,39.93,,,Repository: ILO-STATISTICS - Micro data processing,LFS - Labour Force Survey,Mean weekly hours usually worked per employee by sex
Iran (Islamic Republic of),2022,Male,48.93,,,Repository: ILO-STATISTICS - Micro data processing,LFS - Labour Force Survey,Mean weekly hours usually worked per employee by sex
Iran (Islamic Republic of),2022,Female,39.78,,,Repository: ILO-STATISTICS - Micro data processing,LFS - Labour Force Survey,Mean weekly hours usually worked per employee by sex
Iran (Islamic Republic of),2021,Male,48.31,,,Repository: ILO-STATISTICS - Micro data processing,LFS - Labour Force Survey,Mean weekly hours usually worked per employee by sex
Iran (Islamic Republic of),2021,Female,39.38,,,Repository: ILO-STATISTICS - Micro data processing,LFS - Labour Force Survey,Mean weekly hours usually worked per employee by sex
Iran (Islamic Republic of),2020,Male,48.07,,,Repository: ILO-STATISTICS - Micro data processing,LFS - Labour Force Survey,Mean weekly hours usually worked per employee by sex
Iran (Islamic Republic of),2020,Female,38.02,,,Repository: ILO-STATISTICS - Micro data processing,LFS - Labour Force Survey,Mean weekly hours usually worked per employee by sex
Iran (Islamic Republic of),2019,Male,49.71,,,Repository: ILO-STATISTICS - Micro data processing,LFS - Labour Force Survey,Mean weekly hours usually worked per employee by sex
Iran (Islamic Republic of),2019,Female,38.11,,,Repository: ILO-STATISTICS - Micro data processing,LFS - Labour Force Survey,Mean weekly hours usually worked per employee by sex
Iran (Islamic Republic of),2018,Male,49.84,Break in series,Break in series: Methodology revised,Repository: ILO-STATISTICS - Micro data processing,LFS - Labour Force Survey,Mean weekly hours usually worked per employee by sex
Iran (Islamic Republic of),2018,Female,38.83,Break in series,Break in series: Methodology revised,Repository: ILO-STATISTICS - Micro data processing,LFS - Labour Force Survey,Mean weekly hours usually worked per employee by sex
Iran (Islamic Republic of),2017,Male,49.79,,,Repository: ILO-STATISTICS - Micro data processing,LFS - Labour Force Survey,Mean weekly hours usually worked per employee by sex
Iran (Islamic Republic of),2017,Female,39.66,,,Repository: ILO-STATISTICS - Micro data processing,LFS - Labour Force Survey,Mean weekly hours usually worked per employee by sex
Iran (Islamic Republic of),2016,Male,49.55,,,Repository: ILO-STATISTICS - Micro data processing,LFS - Labour Force Survey,Mean weekly hours usually worked per employee by sex
Iran (Islamic Republic of),2016,Female,39.09,,,Repository: ILO-STATISTICS - Micro data processing,LFS - Labour Force Survey,Mean weekly hours usually worked per employee by sex
Iran (Islamic Republic of),2015,Male,49.49,,,Repository: ILO-STATISTICS - Micro data processing,LFS - Labour Force Survey,Mean weekly hours usually worked per employee by sex
Iran (Islamic Republic of),2015,Female,38.71,,,Repository: ILO-STATISTICS - Micro data processing,LFS - Labour Force Survey,Mean weekly hours usually worked per employee by sex
Iraq,2021,Male,45.01,,,Repository: ILO-STATISTICS - Micro data processing,LFS - Labour Force Survey,Mean weekly hours usually worked per employee by sex
Iraq,2021,Female,31.89,,,Repository: ILO-STATISTICS - Micro data processing,LFS - Labour Force Survey,Mean weekly hours usually worked per employee by sex
Iceland,2023,Male,40.61,,,Repository: ILO-STATISTICS - Micro data processing,LFS - EU Labour Force Survey,Mean weekly hours usually worked per employee by sex
Iceland,2023,Female,34.0,,,Repository: ILO-STATISTICS - Micro data processing,LFS - EU Labour Force Survey,Mean weekly hours usually worked per employee by sex
Iceland,2022,Male,40.5,,,Repository: ILO-STATISTICS - Micro data processing,LFS - EU Labour Force Survey,Mean weekly hours usually worked per employee by sex
Iceland,2022,Female,34.02,,,Repository: ILO-STATISTICS - Micro data processing,LFS - EU Labour Force Survey,Mean weekly hours usually worked per employee by sex
Iceland,2021,Male,40.71,,,Repository: ILO-STATISTICS - Micro data processing,LFS - EU Labour Force Survey,Mean weekly hours usually worked per employee by sex
Iceland,2021,Female,33.66,,,Repository: ILO-STATISTICS - Micro data processing,LFS - EU Labour Force Survey,Mean weekly hours usually worked per employee by sex
Iceland,2020,Male,40.97,,,Repository: ILO-STATISTICS - Micro data processing,LFS - EU Labour Force Survey,Mean weekly hours usually worked per employee by sex
Iceland,2020,Female,34.39,,,Repository: ILO-STATISTICS - Micro data processing,LFS - EU Labour Force Survey,Mean weekly hours usually worked per employee by sex
Iceland,2019,Male,42.08,,,Repository: ILO-STATISTICS - Micro data processing,LFS - EU Labour Force Survey,Mean weekly hours usually worked per employee by sex
Iceland,2019,Female,34.83,,,Repository: ILO-STATISTICS - Micro data processing,LFS - EU Labour Force Survey,Mean weekly hours usually worked per employee by sex
Iceland,2018,Male,42.17,,,Repository: ILO-STATISTICS - Micro data processing,LFS - EU Labour Force Survey,Mean weekly hours usually worked per employee by sex
Iceland,2018,Female,34.82,,,Repository: ILO-STATISTICS - Micro data processing,LFS - EU Labour Force Survey,Mean weekly hours usually worked per employee by sex
Iceland,2017,Male,42.22,,,Repository: ILO-STATISTICS - Micro data processing,LFS - EU Labour Force Survey,Mean weekly hours usually worked per employee by sex
Iceland,2017,Female,34.66,,,Repository: ILO-STATISTICS - Micro data processing,LFS - EU Labour Force Survey,Mean weekly hours usually worked per employee by sex
Iceland,2016,Male,42.59,,,Repository: ILO-STATISTICS - Micro data processing,LFS - EU Labour Force Survey,Mean weekly hours usually worked per employee by sex
Iceland,2016,Female,34.71,,,Repository: ILO-STATISTICS - Micro data processing,LFS - EU Labour Force Survey,Mean weekly hours usually worked per employee by sex
Iceland,2015,Male,43.19,,,Repository: ILO-STATISTICS - Micro data processing,LFS - EU Labour Force Survey,Mean weekly hours usually worked per employee by sex
Iceland,2015,Female,34.81,,,Repository: ILO-STATISTICS - Micro data processing,LFS - EU Labour Force Survey,Mean weekly hours usually worked per employee by sex
Israel,2024,Male,42.92,,,Repository: ILO-STATISTICS - Micro data processing,LFS - Labour Force Survey,Mean weekly hours usually worked per employee by sex
Israel,2024,Female,36.97,,,Repository: ILO-STATISTICS - Micro data processing,LFS - Labour Force Survey,Mean weekly hours usually worked per employee by sex
Israel,2023,Male,43.5,,,Repository: ILO-STATISTICS - Micro data processing,LFS - Labour Force Survey,Mean weekly hours usually worked per employee by sex
Israel,2023,Female,36.94,,,Repository: ILO-STATISTICS - Micro data processing,LFS - Labour Force Survey,Mean weekly hours usually worked per employee by sex
Israel,2022,Male,43.77,,,Repository: ILO-STATISTICS - Micro data processing,LFS - Labour Force Survey,Mean weekly hours usually worked per employee by sex
Israel,2022,Female,37.14,,,Repository: ILO-STATISTICS - Micro data processing,LFS - Labour Force Survey,Mean weekly hours usually worked per employee by sex
Israel,2021,Male,43.67,,,Repository: ILO-STATISTICS - Micro data processing,LFS - Labour Force Survey,Mean weekly hours usually worked per employee by sex
Israel,2021,Female,37.49,,,Repository: ILO-STATISTICS - Micro data processing,LFS - Labour Force Survey,Mean weekly hours usually worked per employee by sex
Israel,2020,Male,43.77,,,Repository: ILO-STATISTICS - Micro data processing,LFS - Labour Force Survey,Mean weekly hours usually worked per employee by sex
Israel,2020,Female,37.41,,,Repository: ILO-STATISTICS - Micro data processing,LFS - Labour Force Survey,Mean weekly hours usually worked per employee by sex
Israel,2019,Male,43.86,,,Repository: ILO-STATISTICS - Micro data processing,LFS - Labour Force Survey,Mean weekly hours usually worked per employee by sex
Israel,2019,Female,37.1,,,Repository: ILO-STATISTICS - Micro data processing,LFS - Labour Force Survey,Mean weekly hours usually worked per employee by sex
Israel,2018,Male,44.12,,,Repository: ILO-STATISTICS - Micro data processing,LFS - Labour Force Survey,Mean weekly hours usually worked per employee by sex
Israel,2018,Female,37.02,,,Repository: ILO-STATISTICS - Micro data processing,LFS - Labour Force Survey,Mean weekly hours usually worked per employee by sex
Israel,2017,Male,44.1,,,Repository: ILO-STATISTICS - Micro data processing,LFS - Labour Force Survey,Mean weekly hours usually worked per employee by sex
Israel,2017,Female,37.02,,,Repository: ILO-STATISTICS - Micro data processing,LFS - Labour Force Survey,Mean weekly hours usually worked per employee by sex
Israel,2016,Male,44.01,,,Repository: ILO-STATISTICS - Micro data processing,LFS - Labour Force Survey,Mean weekly hours usually worked per employee by sex
Israel,2016,Female,36.89,,,Repository: ILO-STATISTICS - Micro data processing,LFS - Labour Force Survey,Mean weekly hours usually worked per employee by sex
Israel,2015,Male,43.91,,,Repository: ILO-STATISTICS - Micro data processing,LFS - Labour Force Survey,Mean weekly hours usually worked per employee by sex
Israel,2015,Female,36.8,,,Repository: ILO-STATISTICS - Micro data processing,LFS - Labour Force Survey,Mean weekly hours usually worked per employee by sex
Italy,2024,Male,38.74,,,Repository: ILO-STATISTICS - Micro data processing,LFS - EU Labour Force Survey,Mean weekly hours usually worked per employee by sex
Italy,2024,Female,33.05,,,Repository: ILO-STATISTICS - Micro data processing,LFS - EU Labour Force Survey,Mean weekly hours usually worked per employee by sex
Italy,2023,Male,38.87,,,Repository: ILO-STATISTICS - Micro data processing,LFS - EU Labour Force Survey,Mean weekly hours usually worked per employee by sex
Italy,2023,Female,32.75,,,Repository: ILO-STATISTICS - Micro data processing,LFS - EU Labour Force Survey,Mean weekly hours usually worked per employee by sex
Italy,2022,Male,38.8,,,Repository: ILO-STATISTICS - Micro data processing,LFS - EU Labour Force Survey,Mean weekly hours usually worked per employee by sex
Italy,2022,Female,32.62,,,Repository: ILO-STATISTICS - Micro data processing,LFS - EU Labour Force Survey,Mean weekly hours usually worked per employee by sex
Italy,2021,Male,38.79,,,Repository: ILO-STATISTICS - Micro data processing,LFS - EU Labour Force Survey,Mean weekly hours usually worked per employee by sex
Italy,2021,Female,32.6,,,Repository: ILO-STATISTICS - Micro data processing,LFS - EU Labour Force Survey,Mean weekly hours usually worked per employee by sex
Italy,2020,Male,38.38,,,Repository: ILO-STATISTICS - Micro data processing,LFS - EU Labour Force Survey,Mean weekly hours usually worked per employee by sex
Italy,2020,Female,32.09,,,Repository: ILO-STATISTICS - Micro data processing,LFS - EU Labour Force Survey,Mean weekly hours usually worked per employee by sex
Italy,2019,Male,38.56,,,Repository: ILO-STATISTICS - Micro data processing,LFS - EU Labour Force Survey,Mean weekly hours usually worked per employee by sex
Italy,2019,Female,32.07,,,Repository: ILO-STATISTICS - Micro data processing,LFS - EU Labour Force Survey,Mean weekly hours usually worked per employee by sex
Italy,2018,Male,38.69,,,Repository: ILO-STATISTICS - Micro data processing,LFS - EU Labour Force Survey,Mean weekly hours usually worked per employee by sex
Italy,2018,Female,32.13,,,Repository: ILO-STATISTICS - Micro data processing,LFS - EU Labour Force Survey,Mean weekly hours usually worked per employee by sex
Italy,2017,Male,38.58,,,Repository: ILO-STATISTICS - Micro data processing,LFS - EU Labour Force Survey,Mean weekly hours usually worked per employee by sex
Italy,2017,Female,31.98,,,Repository: ILO-STATISTICS - Micro data processing,LFS - EU Labour Force Survey,Mean weekly hours usually worked per employee by sex
Italy,2016,Male,38.46,,,Repository: ILO-STATISTICS - Micro data processing,LFS - EU Labour Force Survey,Mean weekly hours usually worked per employee by sex
Italy,2016,Female,31.84,,,Repository: ILO-STATISTICS - Micro data processing,LFS - EU Labour Force Survey,Mean weekly hours usually worked per employee by sex
Italy,2015,Male,38.48,,,Repository: ILO-STATISTICS - Micro data processing,LFS - EU Labour Force Survey,Mean weekly hours usually worked per employee by sex
Italy,2015,Female,31.86,,,Repository: ILO-STATISTICS - Micro data processing,LFS - EU Labour Force Survey,Mean weekly hours usually worked per employee by sex
Jamaica,2023,Male,43.95,,,Repository: ILO-STATISTICS - Micro data processing,LFS - Labour Force Survey,Mean weekly hours usually worked per employee by sex
Jamaica,2023,Female,41.85,,,Repository: ILO-STATISTICS - Micro data processing,LFS - Labour Force Survey,Mean weekly hours usually worked per employee by sex
Jamaica,2022,Male,43.99,,,Repository: ILO-STATISTICS - Micro data processing,LFS - Labour Force Survey,Mean weekly hours usually worked per employee by sex
Jamaica,2022,Female,41.68,,,Repository: ILO-STATISTICS - Micro data processing,LFS - Labour Force Survey,Mean weekly hours usually worked per employee by sex
Jamaica,2021,Male,44.01,,,Repository: ILO-STATISTICS - Micro data processing,LFS - Labour Force Survey,Mean weekly hours usually worked per employee by sex
Jamaica,2021,Female,41.56,,,Repository: ILO-STATISTICS - Micro data processing,LFS - Labour Force Survey,Mean weekly hours usually worked per employee by sex
Jamaica,2020,Male,44.42,,,Repository: ILO-STATISTICS - Micro data processing,LFS - Labour Force Survey,Mean weekly hours usually worked per employee by sex
Jamaica,2020,Female,41.77,,,Repository: ILO-STATISTICS - Micro data processing,LFS - Labour Force Survey,Mean weekly hours usually worked per employee by sex
Jamaica,2019,Male,44.23,,,Repository: ILO-STATISTICS - Micro data processing,LFS - Labour Force Survey,Mean weekly hours usually worked per employee by sex
Jamaica,2019,Female,41.77,,,Repository: ILO-STATISTICS - Micro data processing,LFS - Labour Force Survey,Mean weekly hours usually worked per employee by sex
Jamaica,2018,Male,44.13,,,Repository: ILO-STATISTICS - Micro data processing,LFS - Labour Force Survey,Mean weekly hours usually worked per employee by sex
Jamaica,2018,Female,41.65,,,Repository: ILO-STATISTICS - Micro data processing,LFS - Labour Force Survey,Mean weekly hours usually worked per employee by sex
Jamaica,2017,Male,43.95,,,Repository: ILO-STATISTICS - Micro data processing,LFS - Labour Force Survey,Mean weekly hours usually worked per employee by sex
Jamaica,2017,Female,41.66,,,Repository: ILO-STATISTICS - Micro data processing,LFS - Labour Force Survey,Mean weekly hours usually worked per employee by sex
Jamaica,2016,Male,43.89,,,Repository: ILO-STATISTICS - Micro data processing,LFS - Labour Force Survey,Mean weekly hours usually worked per employee by sex
Jamaica,2016,Female,41.54,,,Repository: ILO-STATISTICS - Micro data processing,LFS - Labour Force Survey,Mean weekly hours usually worked per employee by sex
Jordan,2024,Male,49.1,,,Repository: ILO-STATISTICS - Micro data processing,LFS - Employment and Unemployment Survey,Mean weekly hours usually worked per employee by sex
Jordan,2024,Female,48.38,,,Repository: ILO-STATISTICS - Micro data processing,LFS - Employment and Unemployment Survey,Mean weekly hours usually worked per employee by sex
Jordan,2023,Male,50.19,,,Repository: ILO-STATISTICS - Micro data processing,LFS - Employment and Unemployment Survey,Mean weekly hours usually worked per employee by sex
Jordan,2023,Female,48.44,,,Repository: ILO-STATISTICS - Micro data processing,LFS - Employment and Unemployment Survey,Mean weekly hours usually worked per employee by sex
Jordan,2022,Male,49.7,,,Repository: ILO-STATISTICS - Micro data processing,LFS - Employment and Unemployment Survey,Mean weekly hours usually worked per employee by sex
Jordan,2022,Female,44.98,,,Repository: ILO-STATISTICS - Micro data processing,LFS - Employment and Unemployment Survey,Mean weekly hours usually worked per employee by sex
Jordan,2021,Male,48.88,,,Repository: ILO-STATISTICS - Micro data processing,LFS - Employment and Unemployment Survey,Mean weekly hours usually worked per employee by sex
Jordan,2021,Female,44.32,,,Repository: ILO-STATISTICS - Micro data processing,LFS - Employment and Unemployment Survey,Mean weekly hours usually worked per employee by sex
Jordan,2020,Male,48.37,,,Repository: ILO-STATISTICS - Micro data processing,LFS - Employment and Unemployment Survey,Mean weekly hours usually worked per employee by sex
Jordan,2020,Female,44.84,,,Repository: ILO-STATISTICS - Micro data processing,LFS - Employment and Unemployment Survey,Mean weekly hours usually worked per employee by sex
Jordan,2019,Male,49.58,,,Repository: ILO-STATISTICS - Micro data processing,LFS - Employment and Unemployment Survey,Mean weekly hours usually worked per employee by sex
Jordan,2019,Female,44.3,,,Repository: ILO-STATISTICS - Micro data processing,LFS - Employment and Unemployment Survey,Mean weekly hours usually worked per employee by sex
Jordan,2018,Male,48.4,,,Repository: ILO-STATISTICS - Micro data processing,LFS - Employment and Unemployment Survey,Mean weekly hours usually worked per employee by sex
Jordan,2018,Female,44.59,,,Repository: ILO-STATISTICS - Micro data processing,LFS - Employment and Unemployment Survey,Mean weekly hours usually worked per employee by sex
Jordan,2017,Male,47.99,Break in series,Break in series: Methodology revised,Repository: ILO-STATISTICS - Micro data processing,LFS - Employment and Unemployment Survey,Mean weekly hours usually worked per employee by sex
Jordan,2017,Female,46.07,Break in series,Break in series: Methodology revised,Repository: ILO-STATISTICS - Micro data processing,LFS - Employment and Unemployment Survey,Mean weekly hours usually worked per employee by sex
Japan,2015,Male,44.0,,Job coverage: Main job currently held | Working time arrangement coverage: Full-time and part time workers | Working time concept: Hours actually worked,,LFS - Labour Force Survey,Mean weekly hours usually worked per employee by sex
Japan,2015,Female,33.1,,Job coverage: Main job currently held | Working time arrangement coverage: Full-time and part time workers | Working time concept: Hours actually worked,,LFS - Labour Force Survey,Mean weekly hours usually worked per employee by sex
Kazakhstan,2015,Male,42.0,,Job coverage: Main job currently held | Working time arrangement coverage: Full-time and part time workers,Population coverage: Excluding both institutional population and armed forces and/or conscripts,LFS - Sample Survey of Employment,Mean weekly hours usually worked per employee by sex
Kazakhstan,2015,Female,40.0,,Job coverage: Main job currently held | Working time arrangement coverage: Full-time and part time workers,Population coverage: Excluding both institutional population and armed forces and/or conscripts,LFS - Sample Survey of Employment,Mean weekly hours usually worked per employee by sex
Kenya,2022,Male,50.19,,,Repository: ILO-STATISTICS - Micro data processing,HS - Continuous household survey,Mean weekly hours usually worked per employee by sex
Kenya,2022,Female,44.26,,,Repository: ILO-STATISTICS - Micro data processing,HS - Continuous household survey,Mean weekly hours usually worked per employee by sex
Kenya,2021,Male,51.75,,,Repository: ILO-STATISTICS - Micro data processing,HS - Continuous household survey,Mean weekly hours usually worked per employee by sex
Kenya,2021,Female,44.45,,,Repository: ILO-STATISTICS - Micro data processing,HS - Continuous household survey,Mean weekly hours usually worked per employee by sex
Kenya,2019,Male,52.87,,,Repository: ILO-STATISTICS - Micro data processing,HS - Continuous household survey,Mean weekly hours usually worked per employee by sex
Kenya,2019,Female,46.72,,,Repository: ILO-STATISTICS - Micro data processing,HS - Continuous household survey,Mean weekly hours usually worked per employee by sex
Kenya,2016,Male,49.29,,,Repository: ILO-STATISTICS - Micro data processing,HIES - Household Budget Survey,Mean weekly hours usually worked per employee by sex
Kenya,2016,Female,42.05,,,Repository: ILO-STATISTICS - Micro data processing,HIES - Household Budget Survey,Mean weekly hours usually worked per employee by sex
Kyrgyzstan,2023,Male,42.73,,,Repository: ILO-STATISTICS - Micro data processing,LFS - Employment and Unemployment Survey,Mean weekly hours usually worked per employee by sex
Kyrgyzstan,2023,Female,38.97,,,Repository: ILO-STATISTICS - Micro data processing,LFS - Employment and Unemployment Survey,Mean weekly hours usually worked per employee by sex
Kyrgyzstan,2022,Male,42.86,,,Repository: ILO-STATISTICS - Micro data processing,LFS - Employment and Unemployment Survey,Mean weekly hours usually worked per employee by sex
Kyrgyzstan,2022,Female,39.02,,,Repository: ILO-STATISTICS - Micro data processing,LFS - Employment and Unemployment Survey,Mean weekly hours usually worked per employee by sex
Kyrgyzstan,2021,Male,42.37,,,Repository: ILO-STATISTICS - Micro data processing,LFS - Employment and Unemployment Survey,Mean weekly hours usually worked per employee by sex
Kyrgyzstan,2021,Female,38.66,,,Repository: ILO-STATISTICS - Micro data processing,LFS - Employment and Unemployment Survey,Mean weekly hours usually worked per employee by sex
Kyrgyzstan,2020,Male,42.43,,,Repository: ILO-STATISTICS - Micro data processing,LFS - Employment and Unemployment Survey,Mean weekly hours usually worked per employee by sex
Kyrgyzstan,2020,Female,39.24,,,Repository: ILO-STATISTICS - Micro data processing,LFS - Employment and Unemployment Survey,Mean weekly hours usually worked per employee by sex
Kyrgyzstan,2019,Male,42.23,,,Repository: ILO-STATISTICS - Micro data processing,LFS - Employment and Unemployment Survey,Mean weekly hours usually worked per employee by sex
Kyrgyzstan,2019,Female,39.02,,,Repository: ILO-STATISTICS - Micro data processing,LFS - Employment and Unemployment Survey,Mean weekly hours usually worked per employee by sex
Kyrgyzstan,2018,Male,42.86,Break in series,Break in series: Methodology revised,Repository: ILO-STATISTICS - Micro data processing,LFS - Employment and Unemployment Survey,Mean weekly hours usually worked per employee by sex
Kyrgyzstan,2018,Female,39.74,Break in series,Break in series: Methodology revised,Repository: ILO-STATISTICS - Micro data processing,LFS - Employment and Unemployment Survey,Mean weekly hours usually worked per employee by sex
Kyrgyzstan,2017,Male,42.53,,,Repository: ILO-STATISTICS - Micro data processing,LFS - Employment and Unemployment Survey,Mean weekly hours usually worked per employee by sex
Kyrgyzstan,2017,Female,39.59,,,Repository: ILO-STATISTICS - Micro data processing,LFS - Employment and Unemployment Survey,Mean weekly hours usually worked per employee by sex
Kyrgyzstan,2016,Male,42.74,,,Repository: ILO-STATISTICS - Micro data processing,LFS - Employment and Unemployment Survey,Mean weekly hours usually worked per employee by sex
Kyrgyzstan,2016,Female,39.65,,,Repository: ILO-STATISTICS - Micro data processing,LFS - Employment and Unemployment Survey,Mean weekly hours usually worked per employee by sex
Kyrgyzstan,2015,Male,42.62,,,Repository: ILO-STATISTICS - Micro data processing,LFS - Employment and Unemployment Survey,Mean weekly hours usually worked per employee by sex
Kyrgyzstan,2015,Female,39.62,,,Repository: ILO-STATISTICS - Micro data processing,LFS - Employment and Unemployment Survey,Mean weekly hours usually worked per employee by sex
Cambodia,2019,Male,49.45,Break in series,Break in series: Methodology revised,Repository: ILO-STATISTICS - Micro data processing,LFS - Labour Force Survey,Mean weekly hours usually worked per employee by sex
Cambodia,2019,Female,48.58,Break in series,Break in series: Methodology revised,Repository: ILO-STATISTICS - Micro data processing,LFS - Labour Force Survey,Mean weekly hours usually worked per employee by sex
Republic of Korea,2015,Male,45.6,,Central tendency measure: Weighted mean | Working time arrangement coverage: Full-time and part time workers | Working time concept: Hours actually worked,"Geographical coverage: Total national, excluding overseas territories | Population coverage: Excluding armed forces and/or conscripts",LFS - Economically Active Population Survey,Mean weekly hours usually worked per employee by sex
Republic of Korea,2015,Female,39.2,,Central tendency measure: Weighted mean | Working time arrangement coverage: Full-time and part time workers | Working time concept: Hours actually worked,"Geographical coverage: Total national, excluding overseas territories | Population coverage: Excluding armed forces and/or conscripts",LFS - Economically Active Population Survey,Mean weekly hours usually worked per employee by sex
Kosovo,2024,Male,43.0,,,Repository: ILO-STATISTICS - Micro data processing,LFS - Labour Force Survey,Mean weekly hours usually worked per employee by sex
Kosovo,2024,Female,40.32,,,Repository: ILO-STATISTICS - Micro data processing,LFS - Labour Force Survey,Mean weekly hours usually worked per employee by sex
Kosovo,2023,Male,43.08,,,Repository: ILO-STATISTICS - Micro data processing,LFS - Labour Force Survey,Mean weekly hours usually worked per employee by sex
Kosovo,2023,Female,41.03,,,Repository: ILO-STATISTICS - Micro data processing,LFS - Labour Force Survey,Mean weekly hours usually worked per employee by sex
Kosovo,2022,Male,43.37,,,Repository: ILO-STATISTICS - Micro data processing,LFS - Labour Force Survey,Mean weekly hours usually worked per employee by sex
Kosovo,2022,Female,41.43,,,Repository: ILO-STATISTICS - Micro data processing,LFS - Labour Force Survey,Mean weekly hours usually worked per employee by sex
Kosovo,2021,Male,43.82,,,Repository: ILO-STATISTICS - Micro data processing,LFS - Labour Force Survey,Mean weekly hours usually worked per employee by sex
Kosovo,2021,Female,41.6,,,Repository: ILO-STATISTICS - Micro data processing,LFS - Labour Force Survey,Mean weekly hours usually worked per employee by sex
Kosovo,2020,Male,44.4,Break in series,Break in series: Methodology revised,Repository: ILO-STATISTICS - Micro data processing,LFS - Labour Force Survey,Mean weekly hours usually worked per employee by sex
Kosovo,2020,Female,41.7,Break in series,Break in series: Methodology revised,Repository: ILO-STATISTICS - Micro data processing,LFS - Labour Force Survey,Mean weekly hours usually worked per employee by sex
Kosovo,2019,Male,45.03,Break in series,Break in series: Methodology revised,Repository: ILO-STATISTICS - Micro data processing,LFS - Labour Force Survey,Mean weekly hours usually worked per employee by sex
Kosovo,2019,Female,41.57,Break in series,Break in series: Methodology revised,Repository: ILO-STATISTICS - Micro data processing,LFS - Labour Force Survey,Mean weekly hours usually worked per employee by sex
Kosovo,2018,Male,46.2,,,Repository: ILO-STATISTICS - Micro data processing,LFS - Labour Force Survey,Mean weekly hours usually worked per employee by sex
Kosovo,2018,Female,42.23,,,Repository: ILO-STATISTICS - Micro data processing,LFS - Labour Force Survey,Mean weekly hours usually worked per employee by sex
Kosovo,2017,Male,45.94,,,Repository: ILO-STATISTICS - Micro data processing,LFS - Labour Force Survey,Mean weekly hours usually worked per employee by sex
Kosovo,2017,Female,41.01,,,Repository: ILO-STATISTICS - Micro data processing,LFS - Labour Force Survey,Mean weekly hours usually worked per employee by sex
Kosovo,2016,Male,45.66,,,Repository: ILO-STATISTICS - Micro data processing,LFS - Labour Force Survey,Mean weekly hours usually worked per employee by sex
Kosovo,2016,Female,40.66,,,Repository: ILO-STATISTICS - Micro data processing,LFS - Labour Force Survey,Mean weekly hours usually worked per employee by sex
Kosovo,2015,Male,44.6,,,Repository: ILO-STATISTICS - Micro data processing,LFS - Labour Force Survey,Mean weekly hours usually worked per employee by sex
Kosovo,2015,Female,40.15,,,Repository: ILO-STATISTICS - Micro data processing,LFS - Labour Force Survey,Mean weekly hours usually worked per employee by sex
Lao People's Democratic Republic,2022,Male,44.55,Break in series,Break in series: Methodology revised,Repository: ILO-STATISTICS - Micro data processing,LFS - Labour Force Survey,Mean weekly hours usually worked per employee by sex
Lao People's Democratic Republic,2022,Female,42.97,Break in series,Break in series: Methodology revised,Repository: ILO-STATISTICS - Micro data processing,LFS - Labour Force Survey,Mean weekly hours usually worked per employee by sex
Lao People's Democratic Republic,2017,Male,43.08,Break in series,Break in series: Methodology revised,Repository: ILO-STATISTICS - Micro data processing,LFS - Labour Force Survey,Mean weekly hours usually worked per employee by sex
Lao People's Democratic Republic,2017,Female,41.87,Break in series,Break in series: Methodology revised,Repository: ILO-STATISTICS - Micro data processing,LFS - Labour Force Survey,Mean weekly hours usually worked per employee by sex
Lebanon,2019,Male,51.79,Break in series,Break in series: Methodology revised,Repository: ILO-STATISTICS - Micro data processing,LFS - Labour Force Survey,Mean weekly hours usually worked per employee by sex
Lebanon,2019,Female,40.48,Break in series,Break in series: Methodology revised,Repository: ILO-STATISTICS - Micro data processing,LFS - Labour Force Survey,Mean weekly hours usually worked per employee by sex
Liberia,2016,Male,46.38,,,Repository: ILO-STATISTICS - Micro data processing,HIES - Household Income and Expenditure Survey,Mean weekly hours usually worked per employee by sex
Liberia,2016,Female,42.89,,,Repository: ILO-STATISTICS - Micro data processing,HIES - Household Income and Expenditure Survey,Mean weekly hours usually worked per employee by sex
Saint Lucia,2025,Male,40.27,,,Repository: ILO-STATISTICS - Micro data processing,LFS - Labour Force Survey,Mean weekly hours usually worked per employee by sex
Saint Lucia,2025,Female,39.68,,,Repository: ILO-STATISTICS - Micro data processing,LFS - Labour Force Survey,Mean weekly hours usually worked per employee by sex
Saint Lucia,2024,Male,40.78,,,Repository: ILO-STATISTICS - Micro data processing,LFS - Labour Force Survey,Mean weekly hours usually worked per employee by sex
Saint Lucia,2024,Female,40.28,,,Repository: ILO-STATISTICS - Micro data processing,LFS - Labour Force Survey,Mean weekly hours usually worked per employee by sex
Saint Lucia,2023,Male,41.42,,,Repository: ILO-STATISTICS - Micro data processing,LFS - Labour Force Survey,Mean weekly hours usually worked per employee by sex
Saint Lucia,2023,Female,40.47,,,Repository: ILO-STATISTICS - Micro data processing,LFS - Labour Force Survey,Mean weekly hours usually worked per employee by sex
Saint Lucia,2022,Male,40.78,,,Repository: ILO-STATISTICS - Micro data processing,LFS - Labour Force Survey,Mean weekly hours usually worked per employee by sex
Saint Lucia,2022,Female,40.17,,,Repository: ILO-STATISTICS - Micro data processing,LFS - Labour Force Survey,Mean weekly hours usually worked per employee by sex
Saint Lucia,2021,Male,40.41,,,Repository: ILO-STATISTICS - Micro data processing,LFS - Labour Force Survey,Mean weekly hours usually worked per employee by sex
Saint Lucia,2021,Female,40.07,,,Repository: ILO-STATISTICS - Micro data processing,LFS - Labour Force Survey,Mean weekly hours usually worked per employee by sex
Saint Lucia,2020,Male,40.75,,,Repository: ILO-STATISTICS - Micro data processing,LFS - Labour Force Survey,Mean weekly hours usually worked per employee by sex
Saint Lucia,2020,Female,40.01,,,Repository: ILO-STATISTICS - Micro data processing,LFS - Labour Force Survey,Mean weekly hours usually worked per employee by sex
Saint Lucia,2019,Male,41.15,,,Repository: ILO-STATISTICS - Micro data processing,LFS - Labour Force Survey,Mean weekly hours usually worked per employee by sex
Saint Lucia,2019,Female,40.36,,,Repository: ILO-STATISTICS - Micro data processing,LFS - Labour Force Survey,Mean weekly hours usually worked per employee by sex
Saint Lucia,2018,Male,41.27,,,Repository: ILO-STATISTICS - Micro data processing,LFS - Labour Force Survey,Mean weekly hours usually worked per employee by sex
Saint Lucia,2018,Female,40.51,,,Repository: ILO-STATISTICS - Micro data processing,LFS - Labour Force Survey,Mean weekly hours usually worked per employee by sex
Saint Lucia,2017,Male,41.0,Break in series,Break in series: Methodology revised,Repository: ILO-STATISTICS - Micro data processing,LFS - Labour Force Survey,Mean weekly hours usually worked per employee by sex
Saint Lucia,2017,Female,39.87,Break in series,Break in series: Methodology revised,Repository: ILO-STATISTICS - Micro data processing,LFS - Labour Force Survey,Mean weekly hours usually worked per employee by sex
Sri Lanka,2024,Male,48.61,,,Repository: ILO-STATISTICS - Micro data processing,LFS - Labour Force Survey,Mean weekly hours usually worked per employee by sex
Sri Lanka,2024,Female,44.37,,,Repository: ILO-STATISTICS - Micro data processing,LFS - Labour Force Survey,Mean weekly hours usually worked per employee by sex
Sri Lanka,2023,Male,48.39,,,Repository: ILO-STATISTICS - Micro data processing,LFS - Labour Force Survey,Mean weekly hours usually worked per employee by sex
Sri Lanka,2023,Female,43.45,,,Repository: ILO-STATISTICS - Micro data processing,LFS - Labour Force Survey,Mean weekly hours usually worked per employee by sex
Sri Lanka,2022,Male,49.89,,,Repository: ILO-STATISTICS - Micro data processing,LFS - Labour Force Survey,Mean weekly hours usually worked per employee by sex
Sri Lanka,2022,Female,44.47,,,Repository: ILO-STATISTICS - Micro data processing,LFS - Labour Force Survey,Mean weekly hours usually worked per employee by sex
Sri Lanka,2021,Male,50.16,,,Repository: ILO-STATISTICS - Micro data processing,LFS - Labour Force Survey,Mean weekly hours usually worked per employee by sex
Sri Lanka,2021,Female,44.48,,,Repository: ILO-STATISTICS - Micro data processing,LFS - Labour Force Survey,Mean weekly hours usually worked per employee by sex
Sri Lanka,2020,Male,50.49,,,Repository: ILO-STATISTICS - Micro data processing,LFS - Labour Force Survey,Mean weekly hours usually worked per employee by sex
Sri Lanka,2020,Female,44.64,,,Repository: ILO-STATISTICS - Micro data processing,LFS - Labour Force Survey,Mean weekly hours usually worked per employee by sex
Sri Lanka,2019,Male,50.44,,,Repository: ILO-STATISTICS - Micro data processing,LFS - Labour Force Survey,Mean weekly hours usually worked per employee by sex
Sri Lanka,2019,Female,44.4,,,Repository: ILO-STATISTICS - Micro data processing,LFS - Labour Force Survey,Mean weekly hours usually worked per employee by sex
Sri Lanka,2018,Male,50.45,,,Repository: ILO-STATISTICS - Micro data processing,LFS - Labour Force Survey,Mean weekly hours usually worked per employee by sex
Sri Lanka,2018,Female,44.66,,,Repository: ILO-STATISTICS - Micro data processing,LFS - Labour Force Survey,Mean weekly hours usually worked per employee by sex
Sri Lanka,2017,Male,50.8,,,Repository: ILO-STATISTICS - Micro data processing,LFS - Labour Force Survey,Mean weekly hours usually worked per employee by sex
Sri Lanka,2017,Female,44.99,,,Repository: ILO-STATISTICS - Micro data processing,LFS - Labour Force Survey,Mean weekly hours usually worked per employee by sex
Sri Lanka,2016,Male,50.13,,,Repository: ILO-STATISTICS - Micro data processing,LFS - Labour Force Survey,Mean weekly hours usually worked per employee by sex
Sri Lanka,2016,Female,44.3,,,Repository: ILO-STATISTICS - Micro data processing,LFS - Labour Force Survey,Mean weekly hours usually worked per employee by sex
Sri Lanka,2015,Male,50.26,,,Repository: ILO-STATISTICS - Micro data processing,LFS - Labour Force Survey,Mean weekly hours usually worked per employee by sex
Sri Lanka,2015,Female,44.16,,,Repository: ILO-STATISTICS - Micro data processing,LFS - Labour Force Survey,Mean weekly hours usually worked per employee by sex
Lesotho,2024,Male,53.89,,,Repository: ILO-STATISTICS - Micro data processing,LFS - Integrated Labour Force Survey,Mean weekly hours usually worked per employee by sex
Lesotho,2024,Female,52.66,,,Repository: ILO-STATISTICS - Micro data processing,LFS - Integrated Labour Force Survey,Mean weekly hours usually worked per employee by sex
Lesotho,2019,Male,51.77,,,Repository: ILO-STATISTICS - Micro data processing,LFS - Integrated Labour Force Survey,Mean weekly hours usually worked per employee by sex
Lesotho,2019,Female,50.51,,,Repository: ILO-STATISTICS - Micro data processing,LFS - Integrated Labour Force Survey,Mean weekly hours usually worked per employee by sex
Lithuania,2024,Male,39.59,,,Repository: ILO-STATISTICS - Micro data processing,LFS - EU Labour Force Survey,Mean weekly hours usually worked per employee by sex
Lithuania,2024,Female,38.64,,,Repository: ILO-STATISTICS - Micro data processing,LFS - EU Labour Force Survey,Mean weekly hours usually worked per employee by sex
Lithuania,2023,Male,39.54,,,Repository: ILO-STATISTICS - Micro data processing,LFS - EU Labour Force Survey,Mean weekly hours usually worked per employee by sex
Lithuania,2023,Female,38.48,,,Repository: ILO-STATISTICS - Micro data processing,LFS - EU Labour Force Survey,Mean weekly hours usually worked per employee by sex
Lithuania,2022,Male,39.54,,,Repository: ILO-STATISTICS - Micro data processing,LFS - EU Labour Force Survey,Mean weekly hours usually worked per employee by sex
Lithuania,2022,Female,38.42,,,Repository: ILO-STATISTICS - Micro data processing,LFS - EU Labour Force Survey,Mean weekly hours usually worked per employee by sex
Lithuania,2021,Male,39.57,,,Repository: ILO-STATISTICS - Micro data processing,LFS - EU Labour Force Survey,Mean weekly hours usually worked per employee by sex
Lithuania,2021,Female,38.53,,,Repository: ILO-STATISTICS - Micro data processing,LFS - EU Labour Force Survey,Mean weekly hours usually worked per employee by sex
Lithuania,2020,Male,39.48,,,Repository: ILO-STATISTICS - Micro data processing,LFS - EU Labour Force Survey,Mean weekly hours usually worked per employee by sex
Lithuania,2020,Female,38.37,,,Repository: ILO-STATISTICS - Micro data processing,LFS - EU Labour Force Survey,Mean weekly hours usually worked per employee by sex
Lithuania,2019,Male,39.32,,,Repository: ILO-STATISTICS - Micro data processing,LFS - EU Labour Force Survey,Mean weekly hours usually worked per employee by sex
Lithuania,2019,Female,38.29,,,Repository: ILO-STATISTICS - Micro data processing,LFS - EU Labour Force Survey,Mean weekly hours usually worked per employee by sex
Lithuania,2018,Male,39.31,,,Repository: ILO-STATISTICS - Micro data processing,LFS - EU Labour Force Survey,Mean weekly hours usually worked per employee by sex
Lithuania,2018,Female,37.98,,,Repository: ILO-STATISTICS - Micro data processing,LFS - EU Labour Force Survey,Mean weekly hours usually worked per employee by sex
Lithuania,2017,Male,39.28,,,Repository: ILO-STATISTICS - Micro data processing,LFS - EU Labour Force Survey,Mean weekly hours usually worked per employee by sex
Lithuania,2017,Female,37.73,,,Repository: ILO-STATISTICS - Micro data processing,LFS - EU Labour Force Survey,Mean weekly hours usually worked per employee by sex
Lithuania,2016,Male,39.29,,,Repository: ILO-STATISTICS - Micro data processing,LFS - EU Labour Force Survey,Mean weekly hours usually worked per employee by sex
Lithuania,2016,Female,37.8,,,Repository: ILO-STATISTICS - Micro data processing,LFS - EU Labour Force Survey,Mean weekly hours usually worked per employee by sex
Lithuania,2015,Male,39.14,,,Repository: ILO-STATISTICS - Micro data processing,LFS - EU Labour Force Survey,Mean weekly hours usually worked per employee by sex
Lithuania,2015,Female,37.68,,,Repository: ILO-STATISTICS - Micro data processing,LFS - EU Labour Force Survey,Mean weekly hours usually worked per employee by sex
Luxembourg,2024,Male,39.95,,,Repository: ILO-STATISTICS - Micro data processing,LFS - EU Labour Force Survey,Mean weekly hours usually worked per employee by sex
Luxembourg,2024,Female,35.35,,,Repository: ILO-STATISTICS - Micro data processing,LFS - EU Labour Force Survey,Mean weekly hours usually worked per employee by sex
Luxembourg,2023,Male,40.27,,,Repository: ILO-STATISTICS - Micro data processing,LFS - EU Labour Force Survey,Mean weekly hours usually worked per employee by sex
Luxembourg,2023,Female,35.5,,,Repository: ILO-STATISTICS - Micro data processing,LFS - EU Labour Force Survey,Mean weekly hours usually worked per employee by sex
Luxembourg,2022,Male,40.19,,,Repository: ILO-STATISTICS - Micro data processing,LFS - EU Labour Force Survey,Mean weekly hours usually worked per employee by sex
Luxembourg,2022,Female,35.42,,,Repository: ILO-STATISTICS - Micro data processing,LFS - EU Labour Force Survey,Mean weekly hours usually worked per employee by sex
Luxembourg,2021,Male,40.25,,,Repository: ILO-STATISTICS - Micro data processing,LFS - EU Labour Force Survey,Mean weekly hours usually worked per employee by sex
Luxembourg,2021,Female,35.49,,,Repository: ILO-STATISTICS - Micro data processing,LFS - EU Labour Force Survey,Mean weekly hours usually worked per employee by sex
Luxembourg,2020,Male,39.45,,,Repository: ILO-STATISTICS - Micro data processing,LFS - EU Labour Force Survey,Mean weekly hours usually worked per employee by sex
Luxembourg,2020,Female,34.54,,,Repository: ILO-STATISTICS - Micro data processing,LFS - EU Labour Force Survey,Mean weekly hours usually worked per employee by sex
Luxembourg,2019,Male,39.66,,,Repository: ILO-STATISTICS - Micro data processing,LFS - EU Labour Force Survey,Mean weekly hours usually worked per employee by sex
Luxembourg,2019,Female,35.22,,,Repository: ILO-STATISTICS - Micro data processing,LFS - EU Labour Force Survey,Mean weekly hours usually worked per employee by sex
Luxembourg,2018,Male,39.74,,,Repository: ILO-STATISTICS - Micro data processing,LFS - EU Labour Force Survey,Mean weekly hours usually worked per employee by sex
Luxembourg,2018,Female,34.72,,,Repository: ILO-STATISTICS - Micro data processing,LFS - EU Labour Force Survey,Mean weekly hours usually worked per employee by sex
Luxembourg,2017,Male,39.98,,,Repository: ILO-STATISTICS - Micro data processing,LFS - EU Labour Force Survey,Mean weekly hours usually worked per employee by sex
Luxembourg,2017,Female,34.14,,,Repository: ILO-STATISTICS - Micro data processing,LFS - EU Labour Force Survey,Mean weekly hours usually worked per employee by sex
Luxembourg,2016,Male,40.03,,,Repository: ILO-STATISTICS - Micro data processing,LFS - EU Labour Force Survey,Mean weekly hours usually worked per employee by sex
Luxembourg,2016,Female,33.98,,,Repository: ILO-STATISTICS - Micro data processing,LFS - EU Labour Force Survey,Mean weekly hours usually worked per employee by sex
Luxembourg,2015,Male,39.97,,,Repository: ILO-STATISTICS - Micro data processing,LFS - EU Labour Force Survey,Mean weekly hours usually worked per employee by sex
Luxembourg,2015,Female,34.13,,,Repository: ILO-STATISTICS - Micro data processing,LFS - EU Labour Force Survey,Mean weekly hours usually worked per employee by sex
Latvia,2024,Male,39.22,,,Repository: ILO-STATISTICS - Micro data processing,LFS - EU Labour Force Survey,Mean weekly hours usually worked per employee by sex
Latvia,2024,Female,38.11,,,Repository: ILO-STATISTICS - Micro data processing,LFS - EU Labour Force Survey,Mean weekly hours usually worked per employee by sex
Latvia,2023,Male,39.24,,,Repository: ILO-STATISTICS - Micro data processing,LFS - EU Labour Force Survey,Mean weekly hours usually worked per employee by sex
Latvia,2023,Female,37.96,,,Repository: ILO-STATISTICS - Micro data processing,LFS - EU Labour Force Survey,Mean weekly hours usually worked per employee by sex
Latvia,2022,Male,39.53,,,Repository: ILO-STATISTICS - Micro data processing,LFS - EU Labour Force Survey,Mean weekly hours usually worked per employee by sex
Latvia,2022,Female,38.14,,,Repository: ILO-STATISTICS - Micro data processing,LFS - EU Labour Force Survey,Mean weekly hours usually worked per employee by sex
Latvia,2021,Male,39.4,,,Repository: ILO-STATISTICS - Micro data processing,LFS - EU Labour Force Survey,Mean weekly hours usually worked per employee by sex
Latvia,2021,Female,37.82,,,Repository: ILO-STATISTICS - Micro data processing,LFS - EU Labour Force Survey,Mean weekly hours usually worked per employee by sex
Latvia,2020,Male,39.8,,,Repository: ILO-STATISTICS - Micro data processing,LFS - EU Labour Force Survey,Mean weekly hours usually worked per employee by sex
Latvia,2020,Female,38.17,,,Repository: ILO-STATISTICS - Micro data processing,LFS - EU Labour Force Survey,Mean weekly hours usually worked per employee by sex
Latvia,2019,Male,39.75,,,Repository: ILO-STATISTICS - Micro data processing,LFS - EU Labour Force Survey,Mean weekly hours usually worked per employee by sex
Latvia,2019,Female,37.99,,,Repository: ILO-STATISTICS - Micro data processing,LFS - EU Labour Force Survey,Mean weekly hours usually worked per employee by sex
Latvia,2018,Male,39.7,,,Repository: ILO-STATISTICS - Micro data processing,LFS - EU Labour Force Survey,Mean weekly hours usually worked per employee by sex
Latvia,2018,Female,38.32,,,Repository: ILO-STATISTICS - Micro data processing,LFS - EU Labour Force Survey,Mean weekly hours usually worked per employee by sex
Latvia,2017,Male,39.84,,,Repository: ILO-STATISTICS - Micro data processing,LFS - EU Labour Force Survey,Mean weekly hours usually worked per employee by sex
Latvia,2017,Female,38.19,,,Repository: ILO-STATISTICS - Micro data processing,LFS - EU Labour Force Survey,Mean weekly hours usually worked per employee by sex
Latvia,2016,Male,39.79,,,Repository: ILO-STATISTICS - Micro data processing,LFS - EU Labour Force Survey,Mean weekly hours usually worked per employee by sex
Latvia,2016,Female,38.18,,,Repository: ILO-STATISTICS - Micro data processing,LFS - EU Labour Force Survey,Mean weekly hours usually worked per employee by sex
Latvia,2015,Male,40.07,,,Repository: ILO-STATISTICS - Micro data processing,LFS - EU Labour Force Survey,Mean weekly hours usually worked per employee by sex
Latvia,2015,Female,38.33,,,Repository: ILO-STATISTICS - Micro data processing,LFS - EU Labour Force Survey,Mean weekly hours usually worked per employee by sex
"Macao, China",2015,Male,46.0,,Central tendency measure: Median | Working time arrangement coverage: Full-time and part time workers,"Geographical coverage: Total national, excluding some areas | Population coverage: Excluding both institutional population and armed forces and/or conscripts",LFS - Employment Survey,Mean weekly hours usually worked per employee by sex
"Macao, China",2015,Female,46.0,,Central tendency measure: Median | Working time arrangement coverage: Full-time and part time workers,"Geographical coverage: Total national, excluding some areas | Population coverage: Excluding both institutional population and armed forces and/or conscripts",LFS - Employment Survey,Mean weekly hours usually worked per employee by sex
Republic of Moldova,2015,Male,41.0,,Job coverage: Main job currently held | Working time arrangement coverage: Full-time and part time workers | Working time concept: Hours actually worked,"Geographical coverage: Total national, excluding some areas | Population coverage: Excluding both institutional population and armed forces and/or conscripts",LFS - Labour Force Survey,Mean weekly hours usually worked per employee by sex
Republic of Moldova,2015,Female,39.0,,Job coverage: Main job currently held | Working time arrangement coverage: Full-time and part time workers | Working time concept: Hours actually worked,"Geographical coverage: Total national, excluding some areas | Population coverage: Excluding both institutional population and armed forces and/or conscripts",LFS - Labour Force Survey,Mean weekly hours usually worked per employee by sex
Madagascar,2022,Male,39.31,Break in series,Break in series: Methodology revised,Repository: ILO-STATISTICS - Micro data processing,HS - Periodic Household Survey,Mean weekly hours usually worked per employee by sex
Madagascar,2022,Female,34.76,Break in series,Break in series: Methodology revised,Repository: ILO-STATISTICS - Micro data processing,HS - Periodic Household Survey,Mean weekly hours usually worked per employee by sex
Madagascar,2015,Male,45.84,,,Repository: ILO-STATISTICS - Micro data processing,LFS - National Survey on Employment and the Informal Sector,Mean weekly hours usually worked per employee by sex
Madagascar,2015,Female,43.57,,,Repository: ILO-STATISTICS - Micro data processing,LFS - National Survey on Employment and the Informal Sector,Mean weekly hours usually worked per employee by sex
Mexico,2025,Male,47.79,,,Repository: ILO-STATISTICS - Micro data processing,LFS - National Occupation and Employment Survey,Mean weekly hours usually worked per employee by sex
Mexico,2025,Female,41.29,,,Repository: ILO-STATISTICS - Micro data processing,LFS - National Occupation and Employment Survey,Mean weekly hours usually worked per employee by sex
Mexico,2024,Male,47.96,,,Repository: ILO-STATISTICS - Micro data processing,LFS - National Occupation and Employment Survey,Mean weekly hours usually worked per employee by sex
Mexico,2024,Female,41.24,,,Repository: ILO-STATISTICS - Micro data processing,LFS - National Occupation and Employment Survey,Mean weekly hours usually worked per employee by sex
Mexico,2023,Male,48.2,,,Repository: ILO-STATISTICS - Micro data processing,LFS - National Occupation and Employment Survey,Mean weekly hours usually worked per employee by sex
Mexico,2023,Female,41.42,,,Repository: ILO-STATISTICS - Micro data processing,LFS - National Occupation and Employment Survey,Mean weekly hours usually worked per employee by sex
Mexico,2022,Male,48.39,,,Repository: ILO-STATISTICS - Micro data processing,LFS - National Occupation and Employment Survey,Mean weekly hours usually worked per employee by sex
Mexico,2022,Female,41.64,,,Repository: ILO-STATISTICS - Micro data processing,LFS - National Occupation and Employment Survey,Mean weekly hours usually worked per employee by sex
Mexico,2021,Male,48.3,,,Repository: ILO-STATISTICS - Micro data processing,LFS - National Occupation and Employment Survey,Mean weekly hours usually worked per employee by sex
Mexico,2021,Female,41.49,,,Repository: ILO-STATISTICS - Micro data processing,LFS - National Occupation and Employment Survey,Mean weekly hours usually worked per employee by sex
Mexico,2020,Male,49.8,Break in series,Break in series: Methodology revised,Repository: ILO-STATISTICS - Micro data processing,LFS - National Occupation and Employment Survey,Mean weekly hours usually worked per employee by sex
Mexico,2020,Female,42.35,Break in series,Break in series: Methodology revised,Repository: ILO-STATISTICS - Micro data processing,LFS - National Occupation and Employment Survey,Mean weekly hours usually worked per employee by sex
Mexico,2019,Male,53.98,,,Repository: ILO-STATISTICS - Micro data processing,LFS - National Occupation and Employment Survey,Mean weekly hours usually worked per employee by sex
Mexico,2019,Female,44.73,,,Repository: ILO-STATISTICS - Micro data processing,LFS - National Occupation and Employment Survey,Mean weekly hours usually worked per employee by sex
Mexico,2018,Male,54.01,,,Repository: ILO-STATISTICS - Micro data processing,LFS - National Occupation and Employment Survey,Mean weekly hours usually worked per employee by sex
Mexico,2018,Female,44.8,,,Repository: ILO-STATISTICS - Micro data processing,LFS - National Occupation and Employment Survey,Mean weekly hours usually worked per employee by sex
Mexico,2017,Male,54.11,,,Repository: ILO-STATISTICS - Micro data processing,LFS - National Occupation and Employment Survey,Mean weekly hours usually worked per employee by sex
Mexico,2017,Female,44.59,,,Repository: ILO-STATISTICS - Micro data processing,LFS - National Occupation and Employment Survey,Mean weekly hours usually worked per employee by sex
Mexico,2016,Male,54.23,,,Repository: ILO-STATISTICS - Micro data processing,LFS - National Occupation and Employment Survey,Mean weekly hours usually worked per employee by sex
Mexico,2016,Female,44.57,,,Repository: ILO-STATISTICS - Micro data processing,LFS - National Occupation and Employment Survey,Mean weekly hours usually worked per employee by sex
Mexico,2015,Male,54.29,,,Repository: ILO-STATISTICS - Micro data processing,LFS - National Occupation and Employment Survey,Mean weekly hours usually worked per employee by sex
Mexico,2015,Female,44.32,,,Repository: ILO-STATISTICS - Micro data processing,LFS - National Occupation and Employment Survey,Mean weekly hours usually worked per employee by sex
North Macedonia,2025,Male,40.71,,,Repository: ILO-STATISTICS - Micro data processing,LFS - Labour Force Survey,Mean weekly hours usually worked per employee by sex
North Macedonia,2025,Female,40.14,,,Repository: ILO-STATISTICS - Micro data processing,LFS - Labour Force Survey,Mean weekly hours usually worked per employee by sex
North Macedonia,2024,Male,40.82,,,Repository: ILO-STATISTICS - Micro data processing,LFS - Labour Force Survey,Mean weekly hours usually worked per employee by sex
North Macedonia,2024,Female,40.24,,,Repository: ILO-STATISTICS - Micro data processing,LFS - Labour Force Survey,Mean weekly hours usually worked per employee by sex
North Macedonia,2023,Male,40.74,,,Repository: ILO-STATISTICS - Micro data processing,LFS - Labour Force Survey,Mean weekly hours usually worked per employee by sex
North Macedonia,2023,Female,40.23,,,Repository: ILO-STATISTICS - Micro data processing,LFS - Labour Force Survey,Mean weekly hours usually worked per employee by sex
North Macedonia,2022,Male,40.95,,,Repository: ILO-STATISTICS - Micro data processing,LFS - Labour Force Survey,Mean weekly hours usually worked per employee by sex
North Macedonia,2022,Female,40.57,,,Repository: ILO-STATISTICS - Micro data processing,LFS - Labour Force Survey,Mean weekly hours usually worked per employee by sex
North Macedonia,2021,Male,41.13,,,Repository: ILO-STATISTICS - Micro data processing,LFS - Labour Force Survey,Mean weekly hours usually worked per employee by sex
North Macedonia,2021,Female,40.55,,,Repository: ILO-STATISTICS - Micro data processing,LFS - Labour Force Survey,Mean weekly hours usually worked per employee by sex
North Macedonia,2020,Male,41.12,,,Repository: ILO-STATISTICS - Micro data processing,LFS - Labour Force Survey,Mean weekly hours usually worked per employee by sex
North Macedonia,2020,Female,40.56,,,Repository: ILO-STATISTICS - Micro data processing,LFS - Labour Force Survey,Mean weekly hours usually worked per employee by sex
North Macedonia,2019,Male,41.47,,,Repository: ILO-STATISTICS - Micro data processing,LFS - Labour Force Survey,Mean weekly hours usually worked per employee by sex
North Macedonia,2019,Female,40.98,,,Repository: ILO-STATISTICS - Micro data processing,LFS - Labour Force Survey,Mean weekly hours usually worked per employee by sex
North Macedonia,2018,Male,41.88,,,Repository: ILO-STATISTICS - Micro data processing,LFS - Labour Force Survey,Mean weekly hours usually worked per employee by sex
North Macedonia,2018,Female,41.27,,,Repository: ILO-STATISTICS - Micro data processing,LFS - Labour Force Survey,Mean weekly hours usually worked per employee by sex
North Macedonia,2017,Male,42.38,,,Repository: ILO-STATISTICS - Micro data processing,LFS - Labour Force Survey,Mean weekly hours usually worked per employee by sex
North Macedonia,2017,Female,41.38,,,Repository: ILO-STATISTICS - Micro data processing,LFS - Labour Force Survey,Mean weekly hours usually worked per employee by sex
North Macedonia,2016,Male,41.78,,,Repository: ILO-STATISTICS - Micro data processing,LFS - Labour Force Survey,Mean weekly hours usually worked per employee by sex
North Macedonia,2016,Female,41.03,,,Repository: ILO-STATISTICS - Micro data processing,LFS - Labour Force Survey,Mean weekly hours usually worked per employee by sex
North Macedonia,2015,Male,41.43,,,Repository: ILO-STATISTICS - Micro data processing,LFS - Labour Force Survey,Mean weekly hours usually worked per employee by sex
North Macedonia,2015,Female,40.74,,,Repository: ILO-STATISTICS - Micro data processing,LFS - Labour Force Survey,Mean weekly hours usually worked per employee by sex
Mali,2022,Male,46.77,,,Repository: ILO-STATISTICS - Micro data processing,HIES - Harmonized Survey on Household Living Conditions,Mean weekly hours usually worked per employee by sex
Mali,2022,Female,40.62,,,Repository: ILO-STATISTICS - Micro data processing,HIES - Harmonized Survey on Household Living Conditions,Mean weekly hours usually worked per employee by sex
Mali,2019,Male,45.57,,,Repository: ILO-STATISTICS - Micro data processing,HIES - Harmonized Survey on Household Living Conditions,Mean weekly hours usually worked per employee by sex
Mali,2019,Female,44.86,,,Repository: ILO-STATISTICS - Micro data processing,HIES - Harmonized Survey on Household Living Conditions,Mean weekly hours usually worked per employee by sex
Malta,2024,Male,39.73,,,Repository: ILO-STATISTICS - Micro data processing,LFS - Labour Force Survey,Mean weekly hours usually worked per employee by sex
Malta,2024,Female,37.18,,,Repository: ILO-STATISTICS - Micro data processing,LFS - Labour Force Survey,Mean weekly hours usually worked per employee by sex
Malta,2023,Male,39.68,,,Repository: ILO-STATISTICS - Micro data processing,LFS - Labour Force Survey,Mean weekly hours usually worked per employee by sex
Malta,2023,Female,36.87,,,Repository: ILO-STATISTICS - Micro data processing,LFS - Labour Force Survey,Mean weekly hours usually worked per employee by sex
Malta,2022,Male,39.74,,,Repository: ILO-STATISTICS - Micro data processing,LFS - Labour Force Survey,Mean weekly hours usually worked per employee by sex
Malta,2022,Female,37.18,,,Repository: ILO-STATISTICS - Micro data processing,LFS - Labour Force Survey,Mean weekly hours usually worked per employee by sex
Malta,2021,Male,39.78,,,Repository: ILO-STATISTICS - Micro data processing,LFS - Labour Force Survey,Mean weekly hours usually worked per employee by sex
Malta,2021,Female,37.19,,,Repository: ILO-STATISTICS - Micro data processing,LFS - Labour Force Survey,Mean weekly hours usually worked per employee by sex
Malta,2020,Male,40.63,,,Repository: ILO-STATISTICS - Micro data processing,LFS - Labour Force Survey,Mean weekly hours usually worked per employee by sex
Malta,2020,Female,37.35,,,Repository: ILO-STATISTICS - Micro data processing,LFS - Labour Force Survey,Mean weekly hours usually worked per employee by sex
Malta,2019,Male,40.66,,,Repository: ILO-STATISTICS - Micro data processing,LFS - Labour Force Survey,Mean weekly hours usually worked per employee by sex
Malta,2019,Female,36.76,,,Repository: ILO-STATISTICS - Micro data processing,LFS - Labour Force Survey,Mean weekly hours usually worked per employee by sex
Malta,2018,Male,40.32,,,Repository: ILO-STATISTICS - Micro data processing,LFS - Labour Force Survey,Mean weekly hours usually worked per employee by sex
Malta,2018,Female,35.97,,,Repository: ILO-STATISTICS - Micro data processing,LFS - Labour Force Survey,Mean weekly hours usually worked per employee by sex
Malta,2017,Male,40.04,,,Repository: ILO-STATISTICS - Micro data processing,LFS - Labour Force Survey,Mean weekly hours usually worked per employee by sex
Malta,2017,Female,35.56,,,Repository: ILO-STATISTICS - Micro data processing,LFS - Labour Force Survey,Mean weekly hours usually worked per employee by sex
Malta,2016,Male,39.99,,,Repository: ILO-STATISTICS - Micro data processing,LFS - Labour Force Survey,Mean weekly hours usually worked per employee by sex
Malta,2016,Female,35.31,,,Repository: ILO-STATISTICS - Micro data processing,LFS - Labour Force Survey,Mean weekly hours usually worked per employee by sex
Malta,2015,Male,39.92,,,Repository: ILO-STATISTICS - Micro data processing,LFS - Labour Force Survey,Mean weekly hours usually worked per employee by sex
Malta,2015,Female,34.64,,,Repository: ILO-STATISTICS - Micro data processing,LFS - Labour Force Survey,Mean weekly hours usually worked per employee by sex
Myanmar,2020,Male,46.58,,,Repository: ILO-STATISTICS - Micro data processing | Data reference period: First semester,LFS - Labour Force Survey,Mean weekly hours usually worked per employee by sex
Myanmar,2020,Female,44.76,,,Repository: ILO-STATISTICS - Micro data processing | Data reference period: First semester,LFS - Labour Force Survey,Mean weekly hours usually worked per employee by sex
Myanmar,2019,Male,49.52,,,Repository: ILO-STATISTICS - Micro data processing,LFS - Labour Force Survey,Mean weekly hours usually worked per employee by sex
Myanmar,2019,Female,47.23,,,Repository: ILO-STATISTICS - Micro data processing,LFS - Labour Force Survey,Mean weekly hours usually worked per employee by sex
Myanmar,2018,Male,49.15,,,Repository: ILO-STATISTICS - Micro data processing,LFS - Labour Force Survey,Mean weekly hours usually worked per employee by sex
Myanmar,2018,Female,45.89,,,Repository: ILO-STATISTICS - Micro data processing,LFS - Labour Force Survey,Mean weekly hours usually worked per employee by sex
Myanmar,2017,Male,51.6,Break in series,Break in series: Methodology revised,Repository: ILO-STATISTICS - Micro data processing,LFS - Labour Force Survey,Mean weekly hours usually worked per employee by sex
Myanmar,2017,Female,48.35,Break in series,Break in series: Methodology revised,Repository: ILO-STATISTICS - Micro data processing,LFS - Labour Force Survey,Mean weekly hours usually worked per employee by sex
Myanmar,2015,Male,52.36,Break in series,Break in series: Methodology revised,Repository: ILO-STATISTICS - Micro data processing,LFS - Labour Force Survey,Mean weekly hours usually worked per employee by sex
Myanmar,2015,Female,49.69,Break in series,Break in series: Methodology revised,Repository: ILO-STATISTICS - Micro data processing,LFS - Labour Force Survey,Mean weekly hours usually worked per employee by sex
Montenegro,2024,Male,43.44,,,Repository: ILO-STATISTICS - Micro data processing,LFS - Labour Force Survey,Mean weekly hours usually worked per employee by sex
Montenegro,2024,Female,42.46,,,Repository: ILO-STATISTICS - Micro data processing,LFS - Labour Force Survey,Mean weekly hours usually worked per employee by sex
Montenegro,2023,Male,44.21,,,Repository: ILO-STATISTICS - Micro data processing,LFS - Labour Force Survey,Mean weekly hours usually worked per employee by sex
Montenegro,2023,Female,43.24,,,Repository: ILO-STATISTICS - Micro data processing,LFS - Labour Force Survey,Mean weekly hours usually worked per employee by sex
Montenegro,2022,Male,45.33,,,Repository: ILO-STATISTICS - Micro data processing,LFS - Labour Force Survey,Mean weekly hours usually worked per employee by sex
Montenegro,2022,Female,43.87,,,Repository: ILO-STATISTICS - Micro data processing,LFS - Labour Force Survey,Mean weekly hours usually worked per employee by sex
Montenegro,2021,Male,45.4,,,Repository: ILO-STATISTICS - Micro data processing,LFS - Labour Force Survey,Mean weekly hours usually worked per employee by sex
Montenegro,2021,Female,43.29,,,Repository: ILO-STATISTICS - Micro data processing,LFS - Labour Force Survey,Mean weekly hours usually worked per employee by sex
Montenegro,2020,Male,45.08,,,Repository: ILO-STATISTICS - Micro data processing,LFS - Labour Force Survey,Mean weekly hours usually worked per employee by sex
Montenegro,2020,Female,43.12,,,Repository: ILO-STATISTICS - Micro data processing,LFS - Labour Force Survey,Mean weekly hours usually worked per employee by sex
Montenegro,2019,Male,45.44,,,Repository: ILO-STATISTICS - Micro data processing,LFS - Labour Force Survey,Mean weekly hours usually worked per employee by sex
Montenegro,2019,Female,43.36,,,Repository: ILO-STATISTICS - Micro data processing,LFS - Labour Force Survey,Mean weekly hours usually worked per employee by sex
Montenegro,2018,Male,44.92,,,Repository: ILO-STATISTICS - Micro data processing,LFS - Labour Force Survey,Mean weekly hours usually worked per employee by sex
Montenegro,2018,Female,42.99,,,Repository: ILO-STATISTICS - Micro data processing,LFS - Labour Force Survey,Mean weekly hours usually worked per employee by sex
Montenegro,2017,Male,43.85,,,Repository: ILO-STATISTICS - Micro data processing,LFS - Labour Force Survey,Mean weekly hours usually worked per employee by sex
Montenegro,2017,Female,42.82,,,Repository: ILO-STATISTICS - Micro data processing,LFS - Labour Force Survey,Mean weekly hours usually worked per employee by sex
Montenegro,2016,Male,43.77,,,Repository: ILO-STATISTICS - Micro data processing,LFS - Labour Force Survey,Mean weekly hours usually worked per employee by sex
Montenegro,2016,Female,42.73,,,Repository: ILO-STATISTICS - Micro data processing,LFS - Labour Force Survey,Mean weekly hours usually worked per employee by sex
Montenegro,2015,Male,44.15,,,Repository: ILO-STATISTICS - Micro data processing,LFS - Labour Force Survey,Mean weekly hours usually worked per employee by sex
Montenegro,2015,Female,43.06,,,Repository: ILO-STATISTICS - Micro data processing,LFS - Labour Force Survey,Mean weekly hours usually worked per employee by sex
Mongolia,2024,Male,47.1,,,Repository: ILO-STATISTICS - Micro data processing,LFS - Labour Force Survey,Mean weekly hours usually worked per employee by sex
Mongolia,2024,Female,42.16,,,Repository: ILO-STATISTICS - Micro data processing,LFS - Labour Force Survey,Mean weekly hours usually worked per employee by sex
Mongolia,2023,Male,48.08,,,Repository: ILO-STATISTICS - Micro data processing,LFS - Labour Force Survey,Mean weekly hours usually worked per employee by sex
Mongolia,2023,Female,42.5,,,Repository: ILO-STATISTICS - Micro data processing,LFS - Labour Force Survey,Mean weekly hours usually worked per employee by sex
Mongolia,2022,Male,48.38,,,Repository: ILO-STATISTICS - Micro data processing,LFS - Labour Force Survey,Mean weekly hours usually worked per employee by sex
Mongolia,2022,Female,43.27,,,Repository: ILO-STATISTICS - Micro data processing,LFS - Labour Force Survey,Mean weekly hours usually worked per employee by sex
Mongolia,2021,Male,48.08,,,Repository: ILO-STATISTICS - Micro data processing,LFS - Labour Force Survey,Mean weekly hours usually worked per employee by sex
Mongolia,2021,Female,43.55,,,Repository: ILO-STATISTICS - Micro data processing,LFS - Labour Force Survey,Mean weekly hours usually worked per employee by sex
Mongolia,2020,Male,50.55,,,Repository: ILO-STATISTICS - Micro data processing,LFS - Labour Force Survey,Mean weekly hours usually worked per employee by sex
Mongolia,2020,Female,44.32,,,Repository: ILO-STATISTICS - Micro data processing,LFS - Labour Force Survey,Mean weekly hours usually worked per employee by sex
Mongolia,2019,Male,51.07,Break in series,Break in series: Methodology revised,Repository: ILO-STATISTICS - Micro data processing,LFS - Labour Force Survey,Mean weekly hours usually worked per employee by sex
Mongolia,2019,Female,45.88,Break in series,Break in series: Methodology revised,Repository: ILO-STATISTICS - Micro data processing,LFS - Labour Force Survey,Mean weekly hours usually worked per employee by sex
Mongolia,2018,Male,50.45,,,Repository: ILO-STATISTICS - Micro data processing,LFS - Labour Force Survey,Mean weekly hours usually worked per employee by sex
Mongolia,2018,Female,45.15,,,Repository: ILO-STATISTICS - Micro data processing,LFS - Labour Force Survey,Mean weekly hours usually worked per employee by sex
Mongolia,2017,Male,48.72,,,Repository: ILO-STATISTICS - Micro data processing,LFS - Labour Force Survey,Mean weekly hours usually worked per employee by sex
Mongolia,2017,Female,44.54,,,Repository: ILO-STATISTICS - Micro data processing,LFS - Labour Force Survey,Mean weekly hours usually worked per employee by sex
Mongolia,2016,Male,48.13,,,Repository: ILO-STATISTICS - Micro data processing,LFS - Labour Force Survey,Mean weekly hours usually worked per employee by sex
Mongolia,2016,Female,44.79,,,Repository: ILO-STATISTICS - Micro data processing,LFS - Labour Force Survey,Mean weekly hours usually worked per employee by sex
Mongolia,2015,Male,49.31,,,Repository: ILO-STATISTICS - Micro data processing,LFS - Labour Force Survey,Mean weekly hours usually worked per employee by sex
Mongolia,2015,Female,45.1,,,Repository: ILO-STATISTICS - Micro data processing,LFS - Labour Force Survey,Mean weekly hours usually worked per employee by sex
Mozambique,2015,Male,51.31,,,Repository: ILO-STATISTICS - Micro data processing,HIES - Household Budget Survey,Mean weekly hours usually worked per employee by sex
Mozambique,2015,Female,45.68,,,Repository: ILO-STATISTICS - Micro data processing,HIES - Household Budget Survey,Mean weekly hours usually worked per employee by sex
Mauritania,2017,Male,53.56,,,Repository: ILO-STATISTICS - Micro data processing | Age coverage - maximum age: 75 years old,LFS - National Reference Survey on Employment and Informal Sector,Mean weekly hours usually worked per employee by sex
Mauritania,2017,Female,45.2,,,Repository: ILO-STATISTICS - Micro data processing | Age coverage - maximum age: 75 years old,LFS - National Reference Survey on Employment and Informal Sector,Mean weekly hours usually worked per employee by sex
Montserrat,2020,Male,40.62,,,Repository: ILO-STATISTICS - Micro data processing,LFS - Labour Force Survey,Mean weekly hours usually worked per employee by sex
Montserrat,2020,Female,37.0,,,Repository: ILO-STATISTICS - Micro data processing,LFS - Labour Force Survey,Mean weekly hours usually worked per employee by sex
Mauritius,2024,Male,42.77,,,Repository: ILO-STATISTICS - Micro data processing | Age coverage - minimum age: 16 years old,LFS - Continuous Multi-Purpose Household Survey,Mean weekly hours usually worked per employee by sex
Mauritius,2024,Female,38.74,,,Repository: ILO-STATISTICS - Micro data processing | Age coverage - minimum age: 16 years old,LFS - Continuous Multi-Purpose Household Survey,Mean weekly hours usually worked per employee by sex
Mauritius,2023,Male,39.17,,,Repository: ILO-STATISTICS - Micro data processing | Age coverage - minimum age: 16 years old,LFS - Continuous Multi-Purpose Household Survey,Mean weekly hours usually worked per employee by sex
Mauritius,2023,Female,31.16,,,Repository: ILO-STATISTICS - Micro data processing | Age coverage - minimum age: 16 years old,LFS - Continuous Multi-Purpose Household Survey,Mean weekly hours usually worked per employee by sex
Mauritius,2022,Male,42.2,,,Repository: ILO-STATISTICS - Micro data processing | Age coverage - minimum age: 16 years old,LFS - Continuous Multi-Purpose Household Survey,Mean weekly hours usually worked per employee by sex
Mauritius,2022,Female,39.76,,,Repository: ILO-STATISTICS - Micro data processing | Age coverage - minimum age: 16 years old,LFS - Continuous Multi-Purpose Household Survey,Mean weekly hours usually worked per employee by sex
Mauritius,2021,Male,43.78,,,Repository: ILO-STATISTICS - Micro data processing | Age coverage - minimum age: 16 years old,LFS - Continuous Multi-Purpose Household Survey,Mean weekly hours usually worked per employee by sex
Mauritius,2021,Female,39.84,,,Repository: ILO-STATISTICS - Micro data processing | Age coverage - minimum age: 16 years old,LFS - Continuous Multi-Purpose Household Survey,Mean weekly hours usually worked per employee by sex
Mauritius,2019,Male,42.66,,,Repository: ILO-STATISTICS - Micro data processing | Age coverage - minimum age: 16 years old,LFS - Continuous Multi-Purpose Household Survey,Mean weekly hours usually worked per employee by sex
Mauritius,2019,Female,37.63,,,Repository: ILO-STATISTICS - Micro data processing | Age coverage - minimum age: 16 years old,LFS - Continuous Multi-Purpose Household Survey,Mean weekly hours usually worked per employee by sex
Mauritius,2018,Male,42.65,,,Repository: ILO-STATISTICS - Micro data processing | Age coverage - minimum age: 16 years old,LFS - Continuous Multi-Purpose Household Survey,Mean weekly hours usually worked per employee by sex
Mauritius,2018,Female,37.74,,,Repository: ILO-STATISTICS - Micro data processing | Age coverage - minimum age: 16 years old,LFS - Continuous Multi-Purpose Household Survey,Mean weekly hours usually worked per employee by sex
Mauritius,2017,Male,42.46,,,Repository: ILO-STATISTICS - Micro data processing | Age coverage - minimum age: 16 years old,LFS - Continuous Multi-Purpose Household Survey,Mean weekly hours usually worked per employee by sex
Mauritius,2017,Female,37.37,,,Repository: ILO-STATISTICS - Micro data processing | Age coverage - minimum age: 16 years old,LFS - Continuous Multi-Purpose Household Survey,Mean weekly hours usually worked per employee by sex
Mauritius,2016,Male,42.74,,,Repository: ILO-STATISTICS - Micro data processing | Age coverage - minimum age: 16 years old,LFS - Continuous Multi-Purpose Household Survey,Mean weekly hours usually worked per employee by sex
Mauritius,2016,Female,37.26,,,Repository: ILO-STATISTICS - Micro data processing | Age coverage - minimum age: 16 years old,LFS - Continuous Multi-Purpose Household Survey,Mean weekly hours usually worked per employee by sex
Mauritius,2015,Male,43.13,,,Repository: ILO-STATISTICS - Micro data processing | Age coverage - minimum age: 16 years old,LFS - Continuous Multi-Purpose Household Survey,Mean weekly hours usually worked per employee by sex
Mauritius,2015,Female,37.62,,,Repository: ILO-STATISTICS - Micro data processing | Age coverage - minimum age: 16 years old,LFS - Continuous Multi-Purpose Household Survey,Mean weekly hours usually worked per employee by sex
Malawi,2024,Male,34.67,Break in series,Break in series: Methodology revised,Repository: ILO-STATISTICS - Micro data processing | Age coverage - maximum age: 64 years old,LFS - Labour Force Survey,Mean weekly hours usually worked per employee by sex
Malawi,2024,Female,24.27,Break in series,Break in series: Methodology revised,Repository: ILO-STATISTICS - Micro data processing | Age coverage - maximum age: 64 years old,LFS - Labour Force Survey,Mean weekly hours usually worked per employee by sex
Malaysia,2015,Male,47.8,,Job coverage: Main job currently held | Working time arrangement coverage: Full-time and part time workers | Working time concept: Hours actually worked,,LFS - Labour Force Survey,Mean weekly hours usually worked per employee by sex
Malaysia,2015,Female,45.8,,Job coverage: Main job currently held | Working time arrangement coverage: Full-time and part time workers | Working time concept: Hours actually worked,,LFS - Labour Force Survey,Mean weekly hours usually worked per employee by sex
Namibia,2018,Male,48.49,,,Repository: ILO-STATISTICS - Micro data processing,LFS - Labour Force Survey,Mean weekly hours usually worked per employee by sex
Namibia,2018,Female,47.03,,,Repository: ILO-STATISTICS - Micro data processing,LFS - Labour Force Survey,Mean weekly hours usually worked per employee by sex
Namibia,2016,Male,49.03,,,Repository: ILO-STATISTICS - Micro data processing,LFS - Labour Force Survey,Mean weekly hours usually worked per employee by sex
Namibia,2016,Female,47.24,,,Repository: ILO-STATISTICS - Micro data processing,LFS - Labour Force Survey,Mean weekly hours usually worked per employee by sex
New Caledonia,2020,Male,39.19,,,Repository: ILO-STATISTICS - Micro data processing,LFS - Labour Force Survey,Mean weekly hours usually worked per employee by sex
New Caledonia,2020,Female,35.01,,,Repository: ILO-STATISTICS - Micro data processing,LFS - Labour Force Survey,Mean weekly hours usually worked per employee by sex
New Caledonia,2019,Male,39.2,,,Repository: ILO-STATISTICS - Micro data processing,LFS - Labour Force Survey,Mean weekly hours usually worked per employee by sex
New Caledonia,2019,Female,34.84,,,Repository: ILO-STATISTICS - Micro data processing,LFS - Labour Force Survey,Mean weekly hours usually worked per employee by sex
New Caledonia,2018,Male,39.36,,,Repository: ILO-STATISTICS - Micro data processing,LFS - Labour Force Survey,Mean weekly hours usually worked per employee by sex
New Caledonia,2018,Female,34.63,,,Repository: ILO-STATISTICS - Micro data processing,LFS - Labour Force Survey,Mean weekly hours usually worked per employee by sex
New Caledonia,2017,Male,39.4,,,Repository: ILO-STATISTICS - Micro data processing,LFS - Labour Force Survey,Mean weekly hours usually worked per employee by sex
New Caledonia,2017,Female,35.53,,,Repository: ILO-STATISTICS - Micro data processing,LFS - Labour Force Survey,Mean weekly hours usually worked per employee by sex
Niger,2022,Male,38.88,,,Repository: ILO-STATISTICS - Micro data processing,HIES - National Survey on Household Living Conditions,Mean weekly hours usually worked per employee by sex
Niger,2022,Female,26.53,,,Repository: ILO-STATISTICS - Micro data processing,HIES - National Survey on Household Living Conditions,Mean weekly hours usually worked per employee by sex
Niger,2019,Male,38.77,,,Repository: ILO-STATISTICS - Micro data processing,HIES - National Survey on Household Living Conditions,Mean weekly hours usually worked per employee by sex
Niger,2019,Female,31.67,,,Repository: ILO-STATISTICS - Micro data processing,HIES - National Survey on Household Living Conditions,Mean weekly hours usually worked per employee by sex
Nigeria,2024,Male,45.71,,,Repository: ILO-STATISTICS - Micro data processing,"LFS - Unemployment, Under-employment Watch",Mean weekly hours usually worked per employee by sex
Nigeria,2024,Female,43.21,,,Repository: ILO-STATISTICS - Micro data processing,"LFS - Unemployment, Under-employment Watch",Mean weekly hours usually worked per employee by sex
Nigeria,2023,Male,45.22,Break in series,Break in series: Methodology revised,Repository: ILO-STATISTICS - Micro data processing,"LFS - Unemployment, Under-employment Watch",Mean weekly hours usually worked per employee by sex
Nigeria,2023,Female,39.78,Break in series,Break in series: Methodology revised,Repository: ILO-STATISTICS - Micro data processing,"LFS - Unemployment, Under-employment Watch",Mean weekly hours usually worked per employee by sex
Nigeria,2022,Male,46.24,,,Repository: ILO-STATISTICS - Micro data processing,"LFS - Unemployment, Under-employment Watch",Mean weekly hours usually worked per employee by sex
Nigeria,2022,Female,39.99,,,Repository: ILO-STATISTICS - Micro data processing,"LFS - Unemployment, Under-employment Watch",Mean weekly hours usually worked per employee by sex
Netherlands,2024,Male,33.87,,,Repository: ILO-STATISTICS - Micro data processing,LFS - EU Labour Force Survey,Mean weekly hours usually worked per employee by sex
Netherlands,2024,Female,26.68,,,Repository: ILO-STATISTICS - Micro data processing,LFS - EU Labour Force Survey,Mean weekly hours usually worked per employee by sex
Netherlands,2023,Male,33.95,,,Repository: ILO-STATISTICS - Micro data processing,LFS - EU Labour Force Survey,Mean weekly hours usually worked per employee by sex
Netherlands,2023,Female,26.62,,,Repository: ILO-STATISTICS - Micro data processing,LFS - EU Labour Force Survey,Mean weekly hours usually worked per employee by sex
Netherlands,2022,Male,34.11,,,Repository: ILO-STATISTICS - Micro data processing,LFS - EU Labour Force Survey,Mean weekly hours usually worked per employee by sex
Netherlands,2022,Female,26.56,,,Repository: ILO-STATISTICS - Micro data processing,LFS - EU Labour Force Survey,Mean weekly hours usually worked per employee by sex
Netherlands,2021,Male,34.23,,,Repository: ILO-STATISTICS - Micro data processing,LFS - EU Labour Force Survey,Mean weekly hours usually worked per employee by sex
Netherlands,2021,Female,26.09,,,Repository: ILO-STATISTICS - Micro data processing,LFS - EU Labour Force Survey,Mean weekly hours usually worked per employee by sex
Netherlands,2020,Male,33.43,,,Repository: ILO-STATISTICS - Micro data processing,LFS - EU Labour Force Survey,Mean weekly hours usually worked per employee by sex
Netherlands,2020,Female,25.2,,,Repository: ILO-STATISTICS - Micro data processing,LFS - EU Labour Force Survey,Mean weekly hours usually worked per employee by sex
Netherlands,2019,Male,33.31,,,Repository: ILO-STATISTICS - Micro data processing,LFS - EU Labour Force Survey,Mean weekly hours usually worked per employee by sex
Netherlands,2019,Female,25.12,,,Repository: ILO-STATISTICS - Micro data processing,LFS - EU Labour Force Survey,Mean weekly hours usually worked per employee by sex
Netherlands,2018,Male,33.5,,,Repository: ILO-STATISTICS - Micro data processing,LFS - EU Labour Force Survey,Mean weekly hours usually worked per employee by sex
Netherlands,2018,Female,24.9,,,Repository: ILO-STATISTICS - Micro data processing,LFS - EU Labour Force Survey,Mean weekly hours usually worked per employee by sex
Netherlands,2017,Male,33.56,,,Repository: ILO-STATISTICS - Micro data processing,LFS - EU Labour Force Survey,Mean weekly hours usually worked per employee by sex
Netherlands,2017,Female,24.69,,,Repository: ILO-STATISTICS - Micro data processing,LFS - EU Labour Force Survey,Mean weekly hours usually worked per employee by sex
Netherlands,2016,Male,33.52,,,Repository: ILO-STATISTICS - Micro data processing,LFS - EU Labour Force Survey,Mean weekly hours usually worked per employee by sex
Netherlands,2016,Female,24.34,,,Repository: ILO-STATISTICS - Micro data processing,LFS - EU Labour Force Survey,Mean weekly hours usually worked per employee by sex
Netherlands,2015,Male,33.49,,,Repository: ILO-STATISTICS - Micro data processing,LFS - EU Labour Force Survey,Mean weekly hours usually worked per employee by sex
Netherlands,2015,Female,24.19,,,Repository: ILO-STATISTICS - Micro data processing,LFS - EU Labour Force Survey,Mean weekly hours usually worked per employee by sex
Norway,2024,Male,36.22,,,Repository: ILO-STATISTICS - Micro data processing,LFS - EU Labour Force Survey,Mean weekly hours usually worked per employee by sex
Norway,2024,Female,32.23,,,Repository: ILO-STATISTICS - Micro data processing,LFS - EU Labour Force Survey,Mean weekly hours usually worked per employee by sex
Norway,2023,Male,36.18,,,Repository: ILO-STATISTICS - Micro data processing,LFS - EU Labour Force Survey,Mean weekly hours usually worked per employee by sex
Norway,2023,Female,31.96,,,Repository: ILO-STATISTICS - Micro data processing,LFS - EU Labour Force Survey,Mean weekly hours usually worked per employee by sex
Norway,2022,Male,36.39,,,Repository: ILO-STATISTICS - Micro data processing,LFS - EU Labour Force Survey,Mean weekly hours usually worked per employee by sex
Norway,2022,Female,31.82,,,Repository: ILO-STATISTICS - Micro data processing,LFS - EU Labour Force Survey,Mean weekly hours usually worked per employee by sex
Norway,2021,Male,35.96,,,Repository: ILO-STATISTICS - Micro data processing,LFS - EU Labour Force Survey,Mean weekly hours usually worked per employee by sex
Norway,2021,Female,31.55,,,Repository: ILO-STATISTICS - Micro data processing,LFS - EU Labour Force Survey,Mean weekly hours usually worked per employee by sex
Norway,2020,Male,35.5,,,Repository: ILO-STATISTICS - Micro data processing,LFS - EU Labour Force Survey,Mean weekly hours usually worked per employee by sex
Norway,2020,Female,31.62,,,Repository: ILO-STATISTICS - Micro data processing,LFS - EU Labour Force Survey,Mean weekly hours usually worked per employee by sex
Norway,2019,Male,35.62,,,Repository: ILO-STATISTICS - Micro data processing,LFS - EU Labour Force Survey,Mean weekly hours usually worked per employee by sex
Norway,2019,Female,31.41,,,Repository: ILO-STATISTICS - Micro data processing,LFS - EU Labour Force Survey,Mean weekly hours usually worked per employee by sex
Norway,2018,Male,35.69,,,Repository: ILO-STATISTICS - Micro data processing,LFS - EU Labour Force Survey,Mean weekly hours usually worked per employee by sex
Norway,2018,Female,31.4,,,Repository: ILO-STATISTICS - Micro data processing,LFS - EU Labour Force Survey,Mean weekly hours usually worked per employee by sex
Norway,2017,Male,35.76,,,Repository: ILO-STATISTICS - Micro data processing,LFS - EU Labour Force Survey,Mean weekly hours usually worked per employee by sex
Norway,2017,Female,31.62,,,Repository: ILO-STATISTICS - Micro data processing,LFS - EU Labour Force Survey,Mean weekly hours usually worked per employee by sex
Norway,2016,Male,35.75,,,Repository: ILO-STATISTICS - Micro data processing,LFS - EU Labour Force Survey,Mean weekly hours usually worked per employee by sex
Norway,2016,Female,31.56,,,Repository: ILO-STATISTICS - Micro data processing,LFS - EU Labour Force Survey,Mean weekly hours usually worked per employee by sex
Norway,2015,Male,35.74,,,Repository: ILO-STATISTICS - Micro data processing,LFS - EU Labour Force Survey,Mean weekly hours usually worked per employee by sex
Norway,2015,Female,31.26,,,Repository: ILO-STATISTICS - Micro data processing,LFS - EU Labour Force Survey,Mean weekly hours usually worked per employee by sex
Nepal,2017,Male,49.1,Break in series,Break in series: Methodology revised,Repository: ILO-STATISTICS - Micro data processing,LFS - Labour Force Survey,Mean weekly hours usually worked per employee by sex
Nepal,2017,Female,42.27,Break in series,Break in series: Methodology revised,Repository: ILO-STATISTICS - Micro data processing,LFS - Labour Force Survey,Mean weekly hours usually worked per employee by sex
New Zealand,2015,Male,41.0,,Job coverage: Main job currently held | Working time arrangement coverage: Full-time and part time workers,"Geographical coverage: Total national, excluding overseas territories | Population coverage: Excluding both institutional population and armed forces and/or conscripts",LFS - Household Labour Force Survey,Mean weekly hours usually worked per employee by sex
New Zealand,2015,Female,33.0,,Job coverage: Main job currently held | Working time arrangement coverage: Full-time and part time workers,"Geographical coverage: Total national, excluding overseas territories | Population coverage: Excluding both institutional population and armed forces and/or conscripts",LFS - Household Labour Force Survey,Mean weekly hours usually worked per employee by sex
Peru,2015,Male,48.6,,Working time concept: Hours actually worked,,HS - National Household Survey,Mean weekly hours usually worked per employee by sex
Peru,2015,Female,43.0,,Working time concept: Hours actually worked,,HS - National Household Survey,Mean weekly hours usually worked per employee by sex
Poland,2025,Male,40.07,,,Repository: ILO-STATISTICS - Micro data processing,LFS - Labour Force Survey,Mean weekly hours usually worked per employee by sex
Poland,2025,Female,38.51,,,Repository: ILO-STATISTICS - Micro data processing,LFS - Labour Force Survey,Mean weekly hours usually worked per employee by sex
Poland,2024,Male,40.14,,,Repository: ILO-STATISTICS - Micro data processing,LFS - Labour Force Survey,Mean weekly hours usually worked per employee by sex
Poland,2024,Female,38.54,,,Repository: ILO-STATISTICS - Micro data processing,LFS - Labour Force Survey,Mean weekly hours usually worked per employee by sex
Poland,2023,Male,40.1,,,Repository: ILO-STATISTICS - Micro data processing,LFS - Labour Force Survey,Mean weekly hours usually worked per employee by sex
Poland,2023,Female,38.57,,,Repository: ILO-STATISTICS - Micro data processing,LFS - Labour Force Survey,Mean weekly hours usually worked per employee by sex
Poland,2022,Male,40.15,,,Repository: ILO-STATISTICS - Micro data processing,LFS - Labour Force Survey,Mean weekly hours usually worked per employee by sex
Poland,2022,Female,38.73,,,Repository: ILO-STATISTICS - Micro data processing,LFS - Labour Force Survey,Mean weekly hours usually worked per employee by sex
Poland,2021,Male,40.34,,,Repository: ILO-STATISTICS - Micro data processing,LFS - Labour Force Survey,Mean weekly hours usually worked per employee by sex
Poland,2021,Female,38.68,,,Repository: ILO-STATISTICS - Micro data processing,LFS - Labour Force Survey,Mean weekly hours usually worked per employee by sex
Poland,2020,Male,40.52,,,Repository: ILO-STATISTICS - Micro data processing,LFS - EU Labour Force Survey,Mean weekly hours usually worked per employee by sex
Poland,2020,Female,38.41,,,Repository: ILO-STATISTICS - Micro data processing,LFS - EU Labour Force Survey,Mean weekly hours usually worked per employee by sex
Poland,2019,Male,40.73,,,Repository: ILO-STATISTICS - Micro data processing,LFS - EU Labour Force Survey,Mean weekly hours usually worked per employee by sex
Poland,2019,Female,38.43,,,Repository: ILO-STATISTICS - Micro data processing,LFS - EU Labour Force Survey,Mean weekly hours usually worked per employee by sex
Poland,2018,Male,40.88,,,Repository: ILO-STATISTICS - Micro data processing,LFS - EU Labour Force Survey,Mean weekly hours usually worked per employee by sex
Poland,2018,Female,38.46,,,Repository: ILO-STATISTICS - Micro data processing,LFS - EU Labour Force Survey,Mean weekly hours usually worked per employee by sex
Poland,2017,Male,40.96,,,Repository: ILO-STATISTICS - Micro data processing,LFS - EU Labour Force Survey,Mean weekly hours usually worked per employee by sex
Poland,2017,Female,38.39,,,Repository: ILO-STATISTICS - Micro data processing,LFS - EU Labour Force Survey,Mean weekly hours usually worked per employee by sex
Poland,2016,Male,41.09,,,Repository: ILO-STATISTICS - Micro data processing,LFS - EU Labour Force Survey,Mean weekly hours usually worked per employee by sex
Poland,2016,Female,38.51,,,Repository: ILO-STATISTICS - Micro data processing,LFS - EU Labour Force Survey,Mean weekly hours usually worked per employee by sex
Poland,2015,Male,41.2,,,Repository: ILO-STATISTICS - Micro data processing,LFS - EU Labour Force Survey,Mean weekly hours usually worked per employee by sex
Poland,2015,Female,38.43,,,Repository: ILO-STATISTICS - Micro data processing,LFS - EU Labour Force Survey,Mean weekly hours usually worked per employee by sex
Puerto Rico,2020,Male,37.15,,,Repository: ILO-STATISTICS - Micro data processing,PC - Population Census,Mean weekly hours usually worked per employee by sex
Puerto Rico,2020,Female,34.91,,,Repository: ILO-STATISTICS - Micro data processing,PC - Population Census,Mean weekly hours usually worked per employee by sex
Puerto Rico,2015,Male,37.18,,,Repository: ILO-STATISTICS - Micro data processing,PC - Population Census,Mean weekly hours usually worked per employee by sex
Puerto Rico,2015,Female,35.13,,,Repository: ILO-STATISTICS - Micro data processing,PC - Population Census,Mean weekly hours usually worked per employee by sex
Portugal,2025,Male,40.49,,,Repository: ILO-STATISTICS - Micro data processing,LFS - Employment Survey,Mean weekly hours usually worked per employee by sex
Portugal,2025,Female,37.88,,,Repository: ILO-STATISTICS - Micro data processing,LFS - Employment Survey,Mean weekly hours usually worked per employee by sex
Portugal,2024,Male,40.56,,,Repository: ILO-STATISTICS - Micro data processing,LFS - EU Labour Force Survey,Mean weekly hours usually worked per employee by sex
Portugal,2024,Female,37.88,,,Repository: ILO-STATISTICS - Micro data processing,LFS - EU Labour Force Survey,Mean weekly hours usually worked per employee by sex
Portugal,2023,Male,40.59,,,Repository: ILO-STATISTICS - Micro data processing,LFS - EU Labour Force Survey,Mean weekly hours usually worked per employee by sex
Portugal,2023,Female,38.03,,,Repository: ILO-STATISTICS - Micro data processing,LFS - EU Labour Force Survey,Mean weekly hours usually worked per employee by sex
Portugal,2022,Male,41.01,,,Repository: ILO-STATISTICS - Micro data processing,LFS - EU Labour Force Survey,Mean weekly hours usually worked per employee by sex
Portugal,2022,Female,38.28,,,Repository: ILO-STATISTICS - Micro data processing,LFS - EU Labour Force Survey,Mean weekly hours usually worked per employee by sex
Portugal,2021,Male,40.91,,,Repository: ILO-STATISTICS - Micro data processing,LFS - EU Labour Force Survey,Mean weekly hours usually worked per employee by sex
Portugal,2021,Female,38.18,,,Repository: ILO-STATISTICS - Micro data processing,LFS - EU Labour Force Survey,Mean weekly hours usually worked per employee by sex
Portugal,2020,Male,40.57,,,Repository: ILO-STATISTICS - Micro data processing,LFS - EU Labour Force Survey,Mean weekly hours usually worked per employee by sex
Portugal,2020,Female,37.76,,,Repository: ILO-STATISTICS - Micro data processing,LFS - EU Labour Force Survey,Mean weekly hours usually worked per employee by sex
Portugal,2019,Male,40.94,,,Repository: ILO-STATISTICS - Micro data processing,LFS - EU Labour Force Survey,Mean weekly hours usually worked per employee by sex
Portugal,2019,Female,37.79,,,Repository: ILO-STATISTICS - Micro data processing,LFS - EU Labour Force Survey,Mean weekly hours usually worked per employee by sex
Portugal,2018,Male,40.9,,,Repository: ILO-STATISTICS - Micro data processing,LFS - EU Labour Force Survey,Mean weekly hours usually worked per employee by sex
Portugal,2018,Female,37.9,,,Repository: ILO-STATISTICS - Micro data processing,LFS - EU Labour Force Survey,Mean weekly hours usually worked per employee by sex
Portugal,2017,Male,40.93,,,Repository: ILO-STATISTICS - Micro data processing,LFS - EU Labour Force Survey,Mean weekly hours usually worked per employee by sex
Portugal,2017,Female,37.81,,,Repository: ILO-STATISTICS - Micro data processing,LFS - EU Labour Force Survey,Mean weekly hours usually worked per employee by sex
Portugal,2016,Male,40.92,,,Repository: ILO-STATISTICS - Micro data processing,LFS - EU Labour Force Survey,Mean weekly hours usually worked per employee by sex
Portugal,2016,Female,37.89,,,Repository: ILO-STATISTICS - Micro data processing,LFS - EU Labour Force Survey,Mean weekly hours usually worked per employee by sex
Portugal,2015,Male,41.2,,,Repository: ILO-STATISTICS - Micro data processing,LFS - EU Labour Force Survey,Mean weekly hours usually worked per employee by sex
Portugal,2015,Female,38.07,,,Repository: ILO-STATISTICS - Micro data processing,LFS - EU Labour Force Survey,Mean weekly hours usually worked per employee by sex
Paraguay,2025,Male,47.81,,,Repository: ILO-STATISTICS - Micro data processing,HS - Continuous Permanent Household Survey,Mean weekly hours usually worked per employee by sex
Paraguay,2025,Female,39.73,,,Repository: ILO-STATISTICS - Micro data processing,HS - Continuous Permanent Household Survey,Mean weekly hours usually worked per employee by sex
Paraguay,2024,Male,48.17,,,Repository: ILO-STATISTICS - Micro data processing,HS - Continuous Permanent Household Survey,Mean weekly hours usually worked per employee by sex
Paraguay,2024,Female,39.51,,,Repository: ILO-STATISTICS - Micro data processing,HS - Continuous Permanent Household Survey,Mean weekly hours usually worked per employee by sex
Paraguay,2023,Male,48.23,,,Repository: ILO-STATISTICS - Micro data processing,HS - Continuous Permanent Household Survey,Mean weekly hours usually worked per employee by sex
Paraguay,2023,Female,39.65,,,Repository: ILO-STATISTICS - Micro data processing,HS - Continuous Permanent Household Survey,Mean weekly hours usually worked per employee by sex
Paraguay,2022,Male,47.9,,,Repository: ILO-STATISTICS - Micro data processing,HS - Continuous Permanent Household Survey,Mean weekly hours usually worked per employee by sex
Paraguay,2022,Female,39.49,,,Repository: ILO-STATISTICS - Micro data processing,HS - Continuous Permanent Household Survey,Mean weekly hours usually worked per employee by sex
Paraguay,2021,Male,47.32,,,Repository: ILO-STATISTICS - Micro data processing,HS - Continuous Permanent Household Survey,Mean weekly hours usually worked per employee by sex
Paraguay,2021,Female,39.07,,,Repository: ILO-STATISTICS - Micro data processing,HS - Continuous Permanent Household Survey,Mean weekly hours usually worked per employee by sex
Paraguay,2020,Male,47.98,,,Repository: ILO-STATISTICS - Micro data processing,HS - Continuous Permanent Household Survey,Mean weekly hours usually worked per employee by sex
Paraguay,2020,Female,39.92,,,Repository: ILO-STATISTICS - Micro data processing,HS - Continuous Permanent Household Survey,Mean weekly hours usually worked per employee by sex
Paraguay,2019,Male,48.27,,,Repository: ILO-STATISTICS - Micro data processing,HS - Continuous Permanent Household Survey,Mean weekly hours usually worked per employee by sex
Paraguay,2019,Female,39.52,,,Repository: ILO-STATISTICS - Micro data processing,HS - Continuous Permanent Household Survey,Mean weekly hours usually worked per employee by sex
Paraguay,2018,Male,48.55,,,Repository: ILO-STATISTICS - Micro data processing,HS - Continuous Permanent Household Survey,Mean weekly hours usually worked per employee by sex
Paraguay,2018,Female,40.33,,,Repository: ILO-STATISTICS - Micro data processing,HS - Continuous Permanent Household Survey,Mean weekly hours usually worked per employee by sex
Paraguay,2017,Male,49.22,,,Repository: ILO-STATISTICS - Micro data processing,HS - Continuous Permanent Household Survey,Mean weekly hours usually worked per employee by sex
Paraguay,2017,Female,40.91,,,Repository: ILO-STATISTICS - Micro data processing,HS - Continuous Permanent Household Survey,Mean weekly hours usually worked per employee by sex
Paraguay,2016,Male,50.01,,,Repository: ILO-STATISTICS - Micro data processing,HS - Continous Household Survey,Mean weekly hours usually worked per employee by sex
Paraguay,2016,Female,41.75,,,Repository: ILO-STATISTICS - Micro data processing,HS - Continous Household Survey,Mean weekly hours usually worked per employee by sex
Paraguay,2015,Male,49.41,,,Repository: ILO-STATISTICS - Micro data processing,HS - Continous Household Survey,Mean weekly hours usually worked per employee by sex
Paraguay,2015,Female,41.4,,,Repository: ILO-STATISTICS - Micro data processing,HS - Continous Household Survey,Mean weekly hours usually worked per employee by sex
Palestine (State of),2015,Male,44.2,,Central tendency measure: Weighted mean | Working time arrangement coverage: Full-time and part time workers,,LFS - Labour Force Survey,Mean weekly hours usually worked per employee by sex
Palestine (State of),2015,Female,36.7,,Central tendency measure: Weighted mean | Working time arrangement coverage: Full-time and part time workers,,LFS - Labour Force Survey,Mean weekly hours usually worked per employee by sex
Qatar,2015,Male,49.0,,Working time arrangement coverage: Full-time and part time workers,Data reference period: September,LFS - Labor Force Sample Survey,Mean weekly hours usually worked per employee by sex
Qatar,2015,Female,51.0,,Working time arrangement coverage: Full-time and part time workers,Data reference period: September,LFS - Labor Force Sample Survey,Mean weekly hours usually worked per employee by sex
Romania,2024,Male,40.33,,,Repository: ILO-STATISTICS - Micro data processing,LFS - Household Labour Force Survey,Mean weekly hours usually worked per employee by sex
Romania,2024,Female,40.06,,,Repository: ILO-STATISTICS - Micro data processing,LFS - Household Labour Force Survey,Mean weekly hours usually worked per employee by sex
Romania,2023,Male,40.44,,,Repository: ILO-STATISTICS - Micro data processing,LFS - Household Labour Force Survey,Mean weekly hours usually worked per employee by sex
Romania,2023,Female,40.12,,,Repository: ILO-STATISTICS - Micro data processing,LFS - Household Labour Force Survey,Mean weekly hours usually worked per employee by sex
Romania,2022,Male,40.5,,,Repository: ILO-STATISTICS - Micro data processing,LFS - Household Labour Force Survey,Mean weekly hours usually worked per employee by sex
Romania,2022,Female,40.1,,,Repository: ILO-STATISTICS - Micro data processing,LFS - Household Labour Force Survey,Mean weekly hours usually worked per employee by sex
Romania,2021,Male,40.61,,,Repository: ILO-STATISTICS - Micro data processing,LFS - Household Labour Force Survey,Mean weekly hours usually worked per employee by sex
Romania,2021,Female,40.11,,,Repository: ILO-STATISTICS - Micro data processing,LFS - Household Labour Force Survey,Mean weekly hours usually worked per employee by sex
Romania,2020,Male,40.59,,,Repository: ILO-STATISTICS - Micro data processing,LFS - Household Labour Force Survey,Mean weekly hours usually worked per employee by sex
Romania,2020,Female,40.23,,,Repository: ILO-STATISTICS - Micro data processing,LFS - Household Labour Force Survey,Mean weekly hours usually worked per employee by sex
Romania,2019,Male,40.66,,,Repository: ILO-STATISTICS - Micro data processing,LFS - Household Labour Force Survey,Mean weekly hours usually worked per employee by sex
Romania,2019,Female,40.31,,,Repository: ILO-STATISTICS - Micro data processing,LFS - Household Labour Force Survey,Mean weekly hours usually worked per employee by sex
Romania,2018,Male,40.54,,,Repository: ILO-STATISTICS - Micro data processing,LFS - Household Labour Force Survey,Mean weekly hours usually worked per employee by sex
Romania,2018,Female,40.25,,,Repository: ILO-STATISTICS - Micro data processing,LFS - Household Labour Force Survey,Mean weekly hours usually worked per employee by sex
Romania,2017,Male,40.66,,,Repository: ILO-STATISTICS - Micro data processing,LFS - Household Labour Force Survey,Mean weekly hours usually worked per employee by sex
Romania,2017,Female,40.29,,,Repository: ILO-STATISTICS - Micro data processing,LFS - Household Labour Force Survey,Mean weekly hours usually worked per employee by sex
Romania,2016,Male,40.79,,,Repository: ILO-STATISTICS - Micro data processing,LFS - Household Labour Force Survey,Mean weekly hours usually worked per employee by sex
Romania,2016,Female,40.35,,,Repository: ILO-STATISTICS - Micro data processing,LFS - Household Labour Force Survey,Mean weekly hours usually worked per employee by sex
Romania,2015,Male,40.78,,,Repository: ILO-STATISTICS - Micro data processing,LFS - Household Labour Force Survey,Mean weekly hours usually worked per employee by sex
Romania,2015,Female,40.36,,,Repository: ILO-STATISTICS - Micro data processing,LFS - Household Labour Force Survey,Mean weekly hours usually worked per employee by sex
Russian Federation,2025,Male,39.76,,,Repository: ILO-STATISTICS - Micro data processing,LFS - Labour Force Survey,Mean weekly hours usually worked per employee by sex
Russian Federation,2025,Female,38.83,,,Repository: ILO-STATISTICS - Micro data processing,LFS - Labour Force Survey,Mean weekly hours usually worked per employee by sex
Russian Federation,2024,Male,39.78,,,Repository: ILO-STATISTICS - Micro data processing,LFS - Labour Force Survey,Mean weekly hours usually worked per employee by sex
Russian Federation,2024,Female,38.9,,,Repository: ILO-STATISTICS - Micro data processing,LFS - Labour Force Survey,Mean weekly hours usually worked per employee by sex
Russian Federation,2023,Male,39.8,,,Repository: ILO-STATISTICS - Micro data processing,LFS - Labour Force Survey,Mean weekly hours usually worked per employee by sex
Russian Federation,2023,Female,38.9,,,Repository: ILO-STATISTICS - Micro data processing,LFS - Labour Force Survey,Mean weekly hours usually worked per employee by sex
Russian Federation,2022,Male,39.81,,,Repository: ILO-STATISTICS - Micro data processing,LFS - Labour Force Survey,Mean weekly hours usually worked per employee by sex
Russian Federation,2022,Female,38.89,,,Repository: ILO-STATISTICS - Micro data processing,LFS - Labour Force Survey,Mean weekly hours usually worked per employee by sex
Russian Federation,2021,Male,39.8,,,Repository: ILO-STATISTICS - Micro data processing,LFS - Labour Force Survey,Mean weekly hours usually worked per employee by sex
Russian Federation,2021,Female,38.8,,,Repository: ILO-STATISTICS - Micro data processing,LFS - Labour Force Survey,Mean weekly hours usually worked per employee by sex
Russian Federation,2020,Male,39.76,,,Repository: ILO-STATISTICS - Micro data processing,LFS - Labour Force Survey,Mean weekly hours usually worked per employee by sex
Russian Federation,2020,Female,38.76,,,Repository: ILO-STATISTICS - Micro data processing,LFS - Labour Force Survey,Mean weekly hours usually worked per employee by sex
Russian Federation,2019,Male,39.77,,,Repository: ILO-STATISTICS - Micro data processing,LFS - Labour Force Survey,Mean weekly hours usually worked per employee by sex
Russian Federation,2019,Female,38.76,,,Repository: ILO-STATISTICS - Micro data processing,LFS - Labour Force Survey,Mean weekly hours usually worked per employee by sex
Russian Federation,2018,Male,39.79,,,Repository: ILO-STATISTICS - Micro data processing,LFS - Labour Force Survey,Mean weekly hours usually worked per employee by sex
Russian Federation,2018,Female,38.75,,,Repository: ILO-STATISTICS - Micro data processing,LFS - Labour Force Survey,Mean weekly hours usually worked per employee by sex
Russian Federation,2017,Male,39.81,,,Repository: ILO-STATISTICS - Micro data processing,LFS - Labour Force Survey,Mean weekly hours usually worked per employee by sex
Russian Federation,2017,Female,38.76,,,Repository: ILO-STATISTICS - Micro data processing,LFS - Labour Force Survey,Mean weekly hours usually worked per employee by sex
Russian Federation,2016,Male,39.82,,,Repository: ILO-STATISTICS - Micro data processing,LFS - Labour Force Survey,Mean weekly hours usually worked per employee by sex
Russian Federation,2016,Female,38.78,,,Repository: ILO-STATISTICS - Micro data processing,LFS - Labour Force Survey,Mean weekly hours usually worked per employee by sex
Russian Federation,2015,Male,39.82,,,Repository: ILO-STATISTICS - Micro data processing,LFS - Labour Force Survey,Mean weekly hours usually worked per employee by sex
Russian Federation,2015,Female,38.76,,,Repository: ILO-STATISTICS - Micro data processing,LFS - Labour Force Survey,Mean weekly hours usually worked per employee by sex
Rwanda,2024,Male,37.71,,,Repository: ILO-STATISTICS - Micro data processing,LFS - Labour Force Survey,Mean weekly hours usually worked per employee by sex
Rwanda,2024,Female,32.54,,,Repository: ILO-STATISTICS - Micro data processing,LFS - Labour Force Survey,Mean weekly hours usually worked per employee by sex
Rwanda,2023,Male,37.72,,,Repository: ILO-STATISTICS - Micro data processing,LFS - Labour Force Survey,Mean weekly hours usually worked per employee by sex
Rwanda,2023,Female,32.93,,,Repository: ILO-STATISTICS - Micro data processing,LFS - Labour Force Survey,Mean weekly hours usually worked per employee by sex
Rwanda,2022,Male,36.93,,,Repository: ILO-STATISTICS - Micro data processing,LFS - Labour Force Survey,Mean weekly hours usually worked per employee by sex
Rwanda,2022,Female,32.83,,,Repository: ILO-STATISTICS - Micro data processing,LFS - Labour Force Survey,Mean weekly hours usually worked per employee by sex
Rwanda,2021,Male,37.48,,,Repository: ILO-STATISTICS - Micro data processing,LFS - Labour Force Survey,Mean weekly hours usually worked per employee by sex
Rwanda,2021,Female,32.68,,,Repository: ILO-STATISTICS - Micro data processing,LFS - Labour Force Survey,Mean weekly hours usually worked per employee by sex
Rwanda,2020,Male,39.57,,,Repository: ILO-STATISTICS - Micro data processing,LFS - Labour Force Survey,Mean weekly hours usually worked per employee by sex
Rwanda,2020,Female,34.22,,,Repository: ILO-STATISTICS - Micro data processing,LFS - Labour Force Survey,Mean weekly hours usually worked per employee by sex
Rwanda,2019,Male,41.55,,,Repository: ILO-STATISTICS - Micro data processing,LFS - Labour Force Survey,Mean weekly hours usually worked per employee by sex
Rwanda,2019,Female,35.66,,,Repository: ILO-STATISTICS - Micro data processing,LFS - Labour Force Survey,Mean weekly hours usually worked per employee by sex
Rwanda,2018,Male,41.33,,,Repository: ILO-STATISTICS - Micro data processing,LFS - Labour Force Survey,Mean weekly hours usually worked per employee by sex
Rwanda,2018,Female,35.62,,,Repository: ILO-STATISTICS - Micro data processing,LFS - Labour Force Survey,Mean weekly hours usually worked per employee by sex
Rwanda,2017,Male,41.05,Break in series,Break in series: Methodology revised,Repository: ILO-STATISTICS - Micro data processing,LFS - Labour Force Survey,Mean weekly hours usually worked per employee by sex
Rwanda,2017,Female,35.7,Break in series,Break in series: Methodology revised,Repository: ILO-STATISTICS - Micro data processing,LFS - Labour Force Survey,Mean weekly hours usually worked per employee by sex
Saudi Arabia,2024,Male,46.43,,,Repository: ILO-STATISTICS - Micro data processing,LFS - Labour Force Survey,Mean weekly hours usually worked per employee by sex
Saudi Arabia,2024,Female,43.41,,,Repository: ILO-STATISTICS - Micro data processing,LFS - Labour Force Survey,Mean weekly hours usually worked per employee by sex
Saudi Arabia,2023,Male,46.5,,,Repository: ILO-STATISTICS - Micro data processing,LFS - Labour Force Survey,Mean weekly hours usually worked per employee by sex
Saudi Arabia,2023,Female,43.73,,,Repository: ILO-STATISTICS - Micro data processing,LFS - Labour Force Survey,Mean weekly hours usually worked per employee by sex
Saudi Arabia,2022,Male,45.62,,,Repository: ILO-STATISTICS - Micro data processing,LFS - Labour Force Survey,Mean weekly hours usually worked per employee by sex
Saudi Arabia,2022,Female,43.45,,,Repository: ILO-STATISTICS - Micro data processing,LFS - Labour Force Survey,Mean weekly hours usually worked per employee by sex
Saudi Arabia,2021,Male,45.07,,,Repository: ILO-STATISTICS - Micro data processing,LFS - Labour Force Survey,Mean weekly hours usually worked per employee by sex
Saudi Arabia,2021,Female,43.25,,,Repository: ILO-STATISTICS - Micro data processing,LFS - Labour Force Survey,Mean weekly hours usually worked per employee by sex
Saudi Arabia,2020,Male,43.86,,,Repository: ILO-STATISTICS - Micro data processing,LFS - Labour Force Survey,Mean weekly hours usually worked per employee by sex
Saudi Arabia,2020,Female,41.73,,,Repository: ILO-STATISTICS - Micro data processing,LFS - Labour Force Survey,Mean weekly hours usually worked per employee by sex
Saudi Arabia,2019,Male,43.68,,,Repository: ILO-STATISTICS - Micro data processing,LFS - Labour Force Survey,Mean weekly hours usually worked per employee by sex
Saudi Arabia,2019,Female,41.55,,,Repository: ILO-STATISTICS - Micro data processing,LFS - Labour Force Survey,Mean weekly hours usually worked per employee by sex
Saudi Arabia,2018,Male,43.97,,,Repository: ILO-STATISTICS - Micro data processing,LFS - Labour Force Survey,Mean weekly hours usually worked per employee by sex
Saudi Arabia,2018,Female,41.64,,,Repository: ILO-STATISTICS - Micro data processing,LFS - Labour Force Survey,Mean weekly hours usually worked per employee by sex
Sudan,2022,Male,49.08,Break in series,Break in series: Methodology revised,Repository: ILO-STATISTICS - Micro data processing,LFS - Labor Market Panel Survey,Mean weekly hours usually worked per employee by sex
Sudan,2022,Female,41.45,Break in series,Break in series: Methodology revised,Repository: ILO-STATISTICS - Micro data processing,LFS - Labor Market Panel Survey,Mean weekly hours usually worked per employee by sex
Senegal,2022,Male,46.83,,,Repository: ILO-STATISTICS - Micro data processing,HIES - Harmonized Survey on Household Living Conditions,Mean weekly hours usually worked per employee by sex
Senegal,2022,Female,39.98,,,Repository: ILO-STATISTICS - Micro data processing,HIES - Harmonized Survey on Household Living Conditions,Mean weekly hours usually worked per employee by sex
Senegal,2019,Male,48.18,,,Repository: ILO-STATISTICS - Micro data processing,HIES - Harmonized Survey on Household Living Conditions,Mean weekly hours usually worked per employee by sex
Senegal,2019,Female,41.56,,,Repository: ILO-STATISTICS - Micro data processing,HIES - Harmonized Survey on Household Living Conditions,Mean weekly hours usually worked per employee by sex
Singapore,2015,Male,46.1,,Working time arrangement coverage: Full-time and part time workers,"Data reference period: June | Population coverage: Nationals, residents",LFS - Labour Force Survey,Mean weekly hours usually worked per employee by sex
Singapore,2015,Female,42.0,,Working time arrangement coverage: Full-time and part time workers,"Data reference period: June | Population coverage: Nationals, residents",LFS - Labour Force Survey,Mean weekly hours usually worked per employee by sex
Somalia,2022,Male,48.86,,,Repository: ILO-STATISTICS - Micro data processing,HIES - Integrated Household Budget Survey,Mean weekly hours usually worked per employee by sex
Somalia,2022,Female,40.16,,,Repository: ILO-STATISTICS - Micro data processing,HIES - Integrated Household Budget Survey,Mean weekly hours usually worked per employee by sex
Somalia,2019,Male,32.96,,,Repository: ILO-STATISTICS - Micro data processing,LFS - Labour Force Survey,Mean weekly hours usually worked per employee by sex
Somalia,2019,Female,29.76,,,Repository: ILO-STATISTICS - Micro data processing,LFS - Labour Force Survey,Mean weekly hours usually worked per employee by sex
Serbia,2025,Male,41.41,,,Repository: ILO-STATISTICS - Micro data processing,LFS - Labour Force Survey,Mean weekly hours usually worked per employee by sex
Serbia,2025,Female,40.51,,,Repository: ILO-STATISTICS - Micro data processing,LFS - Labour Force Survey,Mean weekly hours usually worked per employee by sex
Serbia,2024,Male,41.99,,,Repository: ILO-STATISTICS - Micro data processing,LFS - Labour Force Survey,Mean weekly hours usually worked per employee by sex
Serbia,2024,Female,40.91,,,Repository: ILO-STATISTICS - Micro data processing,LFS - Labour Force Survey,Mean weekly hours usually worked per employee by sex
Serbia,2023,Male,43.83,,,Repository: ILO-STATISTICS - Micro data processing,LFS - Labour Force Survey,Mean weekly hours usually worked per employee by sex
Serbia,2023,Female,41.86,,,Repository: ILO-STATISTICS - Micro data processing,LFS - Labour Force Survey,Mean weekly hours usually worked per employee by sex
Serbia,2022,Male,43.79,,,Repository: ILO-STATISTICS - Micro data processing,LFS - Labour Force Survey,Mean weekly hours usually worked per employee by sex
Serbia,2022,Female,41.95,,,Repository: ILO-STATISTICS - Micro data processing,LFS - Labour Force Survey,Mean weekly hours usually worked per employee by sex
Serbia,2021,Male,43.59,,,Repository: ILO-STATISTICS - Micro data processing,LFS - Labour Force Survey,Mean weekly hours usually worked per employee by sex
Serbia,2021,Female,41.87,,,Repository: ILO-STATISTICS - Micro data processing,LFS - Labour Force Survey,Mean weekly hours usually worked per employee by sex
Serbia,2020,Male,42.9,,,Repository: ILO-STATISTICS - Micro data processing,LFS - Labour Force Survey,Mean weekly hours usually worked per employee by sex
Serbia,2020,Female,41.59,,,Repository: ILO-STATISTICS - Micro data processing,LFS - Labour Force Survey,Mean weekly hours usually worked per employee by sex
Serbia,2019,Male,42.95,,,Repository: ILO-STATISTICS - Micro data processing,LFS - Labour Force Survey,Mean weekly hours usually worked per employee by sex
Serbia,2019,Female,41.63,,,Repository: ILO-STATISTICS - Micro data processing,LFS - Labour Force Survey,Mean weekly hours usually worked per employee by sex
Serbia,2018,Male,42.97,,,Repository: ILO-STATISTICS - Micro data processing,LFS - Labour Force Survey,Mean weekly hours usually worked per employee by sex
Serbia,2018,Female,41.68,,,Repository: ILO-STATISTICS - Micro data processing,LFS - Labour Force Survey,Mean weekly hours usually worked per employee by sex
Serbia,2017,Male,43.15,,,Repository: ILO-STATISTICS - Micro data processing,LFS - Labour Force Survey,Mean weekly hours usually worked per employee by sex
Serbia,2017,Female,41.71,,,Repository: ILO-STATISTICS - Micro data processing,LFS - Labour Force Survey,Mean weekly hours usually worked per employee by sex
Serbia,2016,Male,43.26,,,Repository: ILO-STATISTICS - Micro data processing,LFS - Labour Force Survey,Mean weekly hours usually worked per employee by sex
Serbia,2016,Female,41.7,,,Repository: ILO-STATISTICS - Micro data processing,LFS - Labour Force Survey,Mean weekly hours usually worked per employee by sex
Serbia,2015,Male,43.33,,,Repository: ILO-STATISTICS - Micro data processing,LFS - Labour Force Survey,Mean weekly hours usually worked per employee by sex
Serbia,2015,Female,41.71,,,Repository: ILO-STATISTICS - Micro data processing,LFS - Labour Force Survey,Mean weekly hours usually worked per employee by sex
Sao Tome and Principe,2017,Male,46.94,,,Repository: ILO-STATISTICS - Micro data processing | Age coverage - minimum age: Less than or equal to 9 years old,HIES - Household Budget Survey,Mean weekly hours usually worked per employee by sex
Sao Tome and Principe,2017,Female,49.31,,,Repository: ILO-STATISTICS - Micro data processing | Age coverage - minimum age: Less than or equal to 9 years old,HIES - Household Budget Survey,Mean weekly hours usually worked per employee by sex
Slovakia,2024,Male,40.64,,,Repository: ILO-STATISTICS - Micro data processing | Age coverage - minimum age: 16 years old,HIES - EU Statistics on Income and Living Conditions,Mean weekly hours usually worked per employee by sex
Slovakia,2024,Female,39.09,,,Repository: ILO-STATISTICS - Micro data processing | Age coverage - minimum age: 16 years old,HIES - EU Statistics on Income and Living Conditions,Mean weekly hours usually worked per employee by sex
Slovakia,2023,Male,39.51,,,Repository: ILO-STATISTICS - Micro data processing,LFS - Labour Force Survey,Mean weekly hours usually worked per employee by sex
Slovakia,2023,Female,38.2,,,Repository: ILO-STATISTICS - Micro data processing,LFS - Labour Force Survey,Mean weekly hours usually worked per employee by sex
Slovakia,2022,Male,39.49,,,Repository: ILO-STATISTICS - Micro data processing,LFS - Labour Force Survey,Mean weekly hours usually worked per employee by sex
Slovakia,2022,Female,38.32,,,Repository: ILO-STATISTICS - Micro data processing,LFS - Labour Force Survey,Mean weekly hours usually worked per employee by sex
Slovakia,2021,Male,39.63,Break in series,Break in series: Methodology revised,Repository: ILO-STATISTICS - Micro data processing,LFS - Labour Force Survey,Mean weekly hours usually worked per employee by sex
Slovakia,2021,Female,38.38,Break in series,Break in series: Methodology revised,Repository: ILO-STATISTICS - Micro data processing,LFS - Labour Force Survey,Mean weekly hours usually worked per employee by sex
Slovakia,2020,Male,40.03,,,Repository: ILO-STATISTICS - Micro data processing,LFS - Labour Force Survey,Mean weekly hours usually worked per employee by sex
Slovakia,2020,Female,38.33,,,Repository: ILO-STATISTICS - Micro data processing,LFS - Labour Force Survey,Mean weekly hours usually worked per employee by sex
Slovakia,2019,Male,40.13,,,Repository: ILO-STATISTICS - Micro data processing,LFS - Labour Force Survey,Mean weekly hours usually worked per employee by sex
Slovakia,2019,Female,38.35,,,Repository: ILO-STATISTICS - Micro data processing,LFS - Labour Force Survey,Mean weekly hours usually worked per employee by sex
Slovakia,2018,Male,39.86,,,Repository: ILO-STATISTICS - Micro data processing,LFS - Labour Force Survey,Mean weekly hours usually worked per employee by sex
Slovakia,2018,Female,38.27,,,Repository: ILO-STATISTICS - Micro data processing,LFS - Labour Force Survey,Mean weekly hours usually worked per employee by sex
Slovakia,2017,Male,39.74,,,Repository: ILO-STATISTICS - Micro data processing,LFS - Labour Force Survey,Mean weekly hours usually worked per employee by sex
Slovakia,2017,Female,38.03,,,Repository: ILO-STATISTICS - Micro data processing,LFS - Labour Force Survey,Mean weekly hours usually worked per employee by sex
Slovakia,2016,Male,40.0,,,Repository: ILO-STATISTICS - Micro data processing,LFS - Labour Force Survey,Mean weekly hours usually worked per employee by sex
Slovakia,2016,Female,38.21,,,Repository: ILO-STATISTICS - Micro data processing,LFS - Labour Force Survey,Mean weekly hours usually worked per employee by sex
Slovakia,2015,Male,40.24,,,Repository: ILO-STATISTICS - Micro data processing,LFS - Labour Force Survey,Mean weekly hours usually worked per employee by sex
Slovakia,2015,Female,38.34,,,Repository: ILO-STATISTICS - Micro data processing,LFS - Labour Force Survey,Mean weekly hours usually worked per employee by sex
Slovenia,2024,Male,39.68,,,Repository: ILO-STATISTICS - Micro data processing,LFS - Labour Force Survey,Mean weekly hours usually worked per employee by sex
Slovenia,2024,Female,38.15,,,Repository: ILO-STATISTICS - Micro data processing,LFS - Labour Force Survey,Mean weekly hours usually worked per employee by sex
Slovenia,2023,Male,39.81,,,Repository: ILO-STATISTICS - Micro data processing,LFS - Labour Force Survey,Mean weekly hours usually worked per employee by sex
Slovenia,2023,Female,38.3,,,Repository: ILO-STATISTICS - Micro data processing,LFS - Labour Force Survey,Mean weekly hours usually worked per employee by sex
Slovenia,2022,Male,39.8,,,Repository: ILO-STATISTICS - Micro data processing,LFS - Labour Force Survey,Mean weekly hours usually worked per employee by sex
Slovenia,2022,Female,38.4,,,Repository: ILO-STATISTICS - Micro data processing,LFS - Labour Force Survey,Mean weekly hours usually worked per employee by sex
Slovenia,2021,Male,39.98,,,Repository: ILO-STATISTICS - Micro data processing,LFS - Labour Force Survey,Mean weekly hours usually worked per employee by sex
Slovenia,2021,Female,38.54,,,Repository: ILO-STATISTICS - Micro data processing,LFS - Labour Force Survey,Mean weekly hours usually worked per employee by sex
Slovenia,2020,Male,39.97,,,Repository: ILO-STATISTICS - Micro data processing,LFS - Labour Force Survey,Mean weekly hours usually worked per employee by sex
Slovenia,2020,Female,38.39,,,Repository: ILO-STATISTICS - Micro data processing,LFS - Labour Force Survey,Mean weekly hours usually worked per employee by sex
Slovenia,2019,Male,40.0,,,Repository: ILO-STATISTICS - Micro data processing,LFS - Labour Force Survey,Mean weekly hours usually worked per employee by sex
Slovenia,2019,Female,38.11,,,Repository: ILO-STATISTICS - Micro data processing,LFS - Labour Force Survey,Mean weekly hours usually worked per employee by sex
Slovenia,2018,Male,39.93,,,Repository: ILO-STATISTICS - Micro data processing,LFS - Labour Force Survey,Mean weekly hours usually worked per employee by sex
Slovenia,2018,Female,37.88,,,Repository: ILO-STATISTICS - Micro data processing,LFS - Labour Force Survey,Mean weekly hours usually worked per employee by sex
Slovenia,2017,Male,39.85,,,Repository: ILO-STATISTICS - Micro data processing,LFS - Labour Force Survey,Mean weekly hours usually worked per employee by sex
Slovenia,2017,Female,37.94,,,Repository: ILO-STATISTICS - Micro data processing,LFS - Labour Force Survey,Mean weekly hours usually worked per employee by sex
Slovenia,2016,Male,40.03,,,Repository: ILO-STATISTICS - Micro data processing,LFS - Labour Force Survey,Mean weekly hours usually worked per employee by sex
Slovenia,2016,Female,38.05,,,Repository: ILO-STATISTICS - Micro data processing,LFS - Labour Force Survey,Mean weekly hours usually worked per employee by sex
Slovenia,2015,Male,40.06,,,Repository: ILO-STATISTICS - Micro data processing,LFS - Labour Force Survey,Mean weekly hours usually worked per employee by sex
Slovenia,2015,Female,38.22,,,Repository: ILO-STATISTICS - Micro data processing,LFS - Labour Force Survey,Mean weekly hours usually worked per employee by sex
Sweden,2024,Male,38.78,,,Repository: ILO-STATISTICS - Micro data processing,LFS - EU Labour Force Survey,Mean weekly hours usually worked per employee by sex
Sweden,2024,Female,36.43,,,Repository: ILO-STATISTICS - Micro data processing,LFS - EU Labour Force Survey,Mean weekly hours usually worked per employee by sex
Sweden,2023,Male,38.86,,,Repository: ILO-STATISTICS - Micro data processing,LFS - EU Labour Force Survey,Mean weekly hours usually worked per employee by sex
Sweden,2023,Female,36.38,,,Repository: ILO-STATISTICS - Micro data processing,LFS - EU Labour Force Survey,Mean weekly hours usually worked per employee by sex
Sweden,2022,Male,38.85,,,Repository: ILO-STATISTICS - Micro data processing,LFS - EU Labour Force Survey,Mean weekly hours usually worked per employee by sex
Sweden,2022,Female,36.46,,,Repository: ILO-STATISTICS - Micro data processing,LFS - EU Labour Force Survey,Mean weekly hours usually worked per employee by sex
Sweden,2021,Male,38.95,,,Repository: ILO-STATISTICS - Micro data processing,LFS - EU Labour Force Survey,Mean weekly hours usually worked per employee by sex
Sweden,2021,Female,36.36,,,Repository: ILO-STATISTICS - Micro data processing,LFS - EU Labour Force Survey,Mean weekly hours usually worked per employee by sex
Sweden,2020,Male,37.12,,,Repository: ILO-STATISTICS - Micro data processing,LFS - EU Labour Force Survey,Mean weekly hours usually worked per employee by sex
Sweden,2020,Female,34.78,,,Repository: ILO-STATISTICS - Micro data processing,LFS - EU Labour Force Survey,Mean weekly hours usually worked per employee by sex
Sweden,2019,Male,37.18,,,Repository: ILO-STATISTICS - Micro data processing,LFS - EU Labour Force Survey,Mean weekly hours usually worked per employee by sex
Sweden,2019,Female,34.66,,,Repository: ILO-STATISTICS - Micro data processing,LFS - EU Labour Force Survey,Mean weekly hours usually worked per employee by sex
Sweden,2018,Male,37.35,,,Repository: ILO-STATISTICS - Micro data processing,LFS - EU Labour Force Survey,Mean weekly hours usually worked per employee by sex
Sweden,2018,Female,34.59,,,Repository: ILO-STATISTICS - Micro data processing,LFS - EU Labour Force Survey,Mean weekly hours usually worked per employee by sex
Sweden,2017,Male,37.3,,,Repository: ILO-STATISTICS - Micro data processing,LFS - EU Labour Force Survey,Mean weekly hours usually worked per employee by sex
Sweden,2017,Female,34.52,,,Repository: ILO-STATISTICS - Micro data processing,LFS - EU Labour Force Survey,Mean weekly hours usually worked per employee by sex
Sweden,2016,Male,37.42,,,Repository: ILO-STATISTICS - Micro data processing,LFS - EU Labour Force Survey,Mean weekly hours usually worked per employee by sex
Sweden,2016,Female,34.4,,,Repository: ILO-STATISTICS - Micro data processing,LFS - EU Labour Force Survey,Mean weekly hours usually worked per employee by sex
Sweden,2015,Male,37.33,,,Repository: ILO-STATISTICS - Micro data processing,LFS - EU Labour Force Survey,Mean weekly hours usually worked per employee by sex
Sweden,2015,Female,34.33,,,Repository: ILO-STATISTICS - Micro data processing,LFS - EU Labour Force Survey,Mean weekly hours usually worked per employee by sex
Eswatini,2023,Male,47.3,,,Repository: ILO-STATISTICS - Micro data processing,LFS - Labour Force Survey,Mean weekly hours usually worked per employee by sex
Eswatini,2023,Female,43.47,,,Repository: ILO-STATISTICS - Micro data processing,LFS - Labour Force Survey,Mean weekly hours usually worked per employee by sex
Eswatini,2021,Male,48.21,,,Repository: ILO-STATISTICS - Micro data processing,LFS - Labour Force Survey,Mean weekly hours usually worked per employee by sex
Eswatini,2021,Female,44.02,,,Repository: ILO-STATISTICS - Micro data processing,LFS - Labour Force Survey,Mean weekly hours usually worked per employee by sex
Eswatini,2016,Male,51.68,,,Repository: ILO-STATISTICS - Micro data processing,LFS - Labour Force Survey,Mean weekly hours usually worked per employee by sex
Eswatini,2016,Female,46.3,,,Repository: ILO-STATISTICS - Micro data processing,LFS - Labour Force Survey,Mean weekly hours usually worked per employee by sex
Seychelles,2024,Male,43.06,,,Repository: ILO-STATISTICS - Micro data processing,LFS - Labour Force Survey,Mean weekly hours usually worked per employee by sex
Seychelles,2024,Female,39.32,,,Repository: ILO-STATISTICS - Micro data processing,LFS - Labour Force Survey,Mean weekly hours usually worked per employee by sex
Seychelles,2023,Male,41.73,,,Repository: ILO-STATISTICS - Micro data processing,LFS - Labour Force Survey,Mean weekly hours usually worked per employee by sex
Seychelles,2023,Female,38.51,,,Repository: ILO-STATISTICS - Micro data processing,LFS - Labour Force Survey,Mean weekly hours usually worked per employee by sex
Seychelles,2016,Male,44.93,,,Repository: ILO-STATISTICS - Micro data processing,LFS - Labour Force Survey,Mean weekly hours usually worked per employee by sex
Seychelles,2016,Female,40.16,,,Repository: ILO-STATISTICS - Micro data processing,LFS - Labour Force Survey,Mean weekly hours usually worked per employee by sex
Seychelles,2015,Male,45.6,,,Repository: ILO-STATISTICS - Micro data processing,LFS - Labour Force Survey,Mean weekly hours usually worked per employee by sex
Seychelles,2015,Female,39.92,,,Repository: ILO-STATISTICS - Micro data processing,LFS - Labour Force Survey,Mean weekly hours usually worked per employee by sex
Chad,2022,Male,43.16,,,Repository: ILO-STATISTICS - Micro data processing,HIES - Modular and Integrated Household Survey on Living Conditions,Mean weekly hours usually worked per employee by sex
Chad,2022,Female,35.3,,,Repository: ILO-STATISTICS - Micro data processing,HIES - Modular and Integrated Household Survey on Living Conditions,Mean weekly hours usually worked per employee by sex
Chad,2018,Male,42.22,,,Repository: ILO-STATISTICS - Micro data processing,HIES - Modular and Integrated Household Survey on Living Conditions,Mean weekly hours usually worked per employee by sex
Chad,2018,Female,31.86,,,Repository: ILO-STATISTICS - Micro data processing,HIES - Modular and Integrated Household Survey on Living Conditions,Mean weekly hours usually worked per employee by sex
Togo,2022,Male,40.69,,,Repository: ILO-STATISTICS - Micro data processing,HIES - Living Standards Measurement Survey,Mean weekly hours usually worked per employee by sex
Togo,2022,Female,40.09,,,Repository: ILO-STATISTICS - Micro data processing,HIES - Living Standards Measurement Survey,Mean weekly hours usually worked per employee by sex
Togo,2019,Male,43.83,,,Repository: ILO-STATISTICS - Micro data processing,HIES - Living Standards Measurement Survey,Mean weekly hours usually worked per employee by sex
Togo,2019,Female,40.94,,,Repository: ILO-STATISTICS - Micro data processing,HIES - Living Standards Measurement Survey,Mean weekly hours usually worked per employee by sex
Togo,2017,Male,46.13,Break in series,Break in series: Methodology revised,Repository: ILO-STATISTICS - Micro data processing | Age coverage - maximum age: 75 years old,LFS - Regional Integrated Survey on Employment and the Informal Sector,Mean weekly hours usually worked per employee by sex
Togo,2017,Female,43.99,Break in series,Break in series: Methodology revised,Repository: ILO-STATISTICS - Micro data processing | Age coverage - maximum age: 75 years old,LFS - Regional Integrated Survey on Employment and the Informal Sector,Mean weekly hours usually worked per employee by sex
Togo,2015,Male,50.19,,,Repository: ILO-STATISTICS - Micro data processing,HS - Questionnaire on Indicators of Well-being,Mean weekly hours usually worked per employee by sex
Togo,2015,Female,46.01,,,Repository: ILO-STATISTICS - Micro data processing,HS - Questionnaire on Indicators of Well-being,Mean weekly hours usually worked per employee by sex
Thailand,2019,Male,44.24,,,Repository: ILO-STATISTICS - Micro data processing,HIES - Household Socio-Economic Survey,Mean weekly hours usually worked per employee by sex
Thailand,2019,Female,43.97,,,Repository: ILO-STATISTICS - Micro data processing,HIES - Household Socio-Economic Survey,Mean weekly hours usually worked per employee by sex
Thailand,2017,Male,44.46,,,Repository: ILO-STATISTICS - Micro data processing,HIES - Household Socio-Economic Survey,Mean weekly hours usually worked per employee by sex
Thailand,2017,Female,43.89,,,Repository: ILO-STATISTICS - Micro data processing,HIES - Household Socio-Economic Survey,Mean weekly hours usually worked per employee by sex
Tajikistan,2016,Male,45.64,,,Repository: ILO-STATISTICS - Micro data processing | Age coverage - maximum age: 75 years old,LFS - Labour Force Survey,Mean weekly hours usually worked per employee by sex
Tajikistan,2016,Female,37.88,,,Repository: ILO-STATISTICS - Micro data processing | Age coverage - maximum age: 75 years old,LFS - Labour Force Survey,Mean weekly hours usually worked per employee by sex
Timor-Leste,2022,Male,38.61,,,Repository: ILO-STATISTICS - Micro data processing,PC - Population Census,Mean weekly hours usually worked per employee by sex
Timor-Leste,2022,Female,36.9,,,Repository: ILO-STATISTICS - Micro data processing,PC - Population Census,Mean weekly hours usually worked per employee by sex
Timor-Leste,2021,Male,29.43,,,Repository: ILO-STATISTICS - Micro data processing,LFS - Labour Force Survey,Mean weekly hours usually worked per employee by sex
Timor-Leste,2021,Female,27.51,,,Repository: ILO-STATISTICS - Micro data processing,LFS - Labour Force Survey,Mean weekly hours usually worked per employee by sex
Tonga,2023,Male,38.72,,,Repository: ILO-STATISTICS - Micro data processing,LFS - Labour Force Survey,Mean weekly hours usually worked per employee by sex
Tonga,2023,Female,37.36,,,Repository: ILO-STATISTICS - Micro data processing,LFS - Labour Force Survey,Mean weekly hours usually worked per employee by sex
Tonga,2018,Male,37.82,Break in series,Break in series: Methodology revised,Repository: ILO-STATISTICS - Micro data processing,LFS - Labour Force Survey,Mean weekly hours usually worked per employee by sex
Tonga,2018,Female,36.92,Break in series,Break in series: Methodology revised,Repository: ILO-STATISTICS - Micro data processing,LFS - Labour Force Survey,Mean weekly hours usually worked per employee by sex
Tunisia,2019,Male,45.1,,,Repository: ILO-STATISTICS - Micro data processing | Data reference period: Second quarter,LFS - National Population and Employment Survey,Mean weekly hours usually worked per employee by sex
Tunisia,2019,Female,42.19,,,Repository: ILO-STATISTICS - Micro data processing | Data reference period: Second quarter,LFS - National Population and Employment Survey,Mean weekly hours usually worked per employee by sex
Türkiye,2024,Male,45.9,,,Repository: ILO-STATISTICS - Micro data processing,LFS - Household Labour Force Survey,Mean weekly hours usually worked per employee by sex
Türkiye,2024,Female,43.5,,,Repository: ILO-STATISTICS - Micro data processing,LFS - Household Labour Force Survey,Mean weekly hours usually worked per employee by sex
Türkiye,2023,Male,46.3,,,Repository: ILO-STATISTICS - Micro data processing,LFS - Household Labour Force Survey,Mean weekly hours usually worked per employee by sex
Türkiye,2023,Female,43.9,,,Repository: ILO-STATISTICS - Micro data processing,LFS - Household Labour Force Survey,Mean weekly hours usually worked per employee by sex
Türkiye,2022,Male,46.59,,,Repository: ILO-STATISTICS - Micro data processing,LFS - Household Labour Force Survey,Mean weekly hours usually worked per employee by sex
Türkiye,2022,Female,44.18,,,Repository: ILO-STATISTICS - Micro data processing,LFS - Household Labour Force Survey,Mean weekly hours usually worked per employee by sex
Türkiye,2021,Male,46.98,,,Repository: ILO-STATISTICS - Micro data processing,LFS - Household Labour Force Survey,Mean weekly hours usually worked per employee by sex
Türkiye,2021,Female,43.95,,,Repository: ILO-STATISTICS - Micro data processing,LFS - Household Labour Force Survey,Mean weekly hours usually worked per employee by sex
Türkiye,2020,Male,46.54,,,Repository: ILO-STATISTICS - Micro data processing,LFS - Household Labour Force Survey,Mean weekly hours usually worked per employee by sex
Türkiye,2020,Female,43.54,,,Repository: ILO-STATISTICS - Micro data processing,LFS - Household Labour Force Survey,Mean weekly hours usually worked per employee by sex
Türkiye,2019,Male,47.51,,,Repository: ILO-STATISTICS - Micro data processing,LFS - Household Labour Force Survey,Mean weekly hours usually worked per employee by sex
Türkiye,2019,Female,44.03,,,Repository: ILO-STATISTICS - Micro data processing,LFS - Household Labour Force Survey,Mean weekly hours usually worked per employee by sex
Türkiye,2018,Male,48.12,,,Repository: ILO-STATISTICS - Micro data processing,LFS - Household Labour Force Survey,Mean weekly hours usually worked per employee by sex
Türkiye,2018,Female,44.34,,,Repository: ILO-STATISTICS - Micro data processing,LFS - Household Labour Force Survey,Mean weekly hours usually worked per employee by sex
Türkiye,2017,Male,48.91,,,Repository: ILO-STATISTICS - Micro data processing,LFS - Household Labour Force Survey,Mean weekly hours usually worked per employee by sex
Türkiye,2017,Female,44.7,,,Repository: ILO-STATISTICS - Micro data processing,LFS - Household Labour Force Survey,Mean weekly hours usually worked per employee by sex
Türkiye,2016,Male,49.07,,,Repository: ILO-STATISTICS - Micro data processing,LFS - Household Labour Force Survey,Mean weekly hours usually worked per employee by sex
Türkiye,2016,Female,44.96,,,Repository: ILO-STATISTICS - Micro data processing,LFS - Household Labour Force Survey,Mean weekly hours usually worked per employee by sex
Türkiye,2015,Male,49.84,,,Repository: ILO-STATISTICS - Micro data processing,LFS - Household Labour Force Survey,Mean weekly hours usually worked per employee by sex
Türkiye,2015,Female,45.79,,,Repository: ILO-STATISTICS - Micro data processing,LFS - Household Labour Force Survey,Mean weekly hours usually worked per employee by sex
"Tanzania, United Republic of",2024,Male,56.7,Break in series,Break in series: Methodology revised,Repository: ILO-STATISTICS - Micro data processing,LFS - Labour Force Survey,Mean weekly hours usually worked per employee by sex
"Tanzania, United Republic of",2024,Female,52.54,Break in series,Break in series: Methodology revised,Repository: ILO-STATISTICS - Micro data processing,LFS - Labour Force Survey,Mean weekly hours usually worked per employee by sex
"Tanzania, United Republic of",2020,Male,57.2,Break in series,Break in series: Methodology revised,Repository: ILO-STATISTICS - Micro data processing,LFS - Labour Force Survey,Mean weekly hours usually worked per employee by sex
"Tanzania, United Republic of",2020,Female,53.25,Break in series,Break in series: Methodology revised,Repository: ILO-STATISTICS - Micro data processing,LFS - Labour Force Survey,Mean weekly hours usually worked per employee by sex
Uganda,2021,Male,54.26,,,Repository: ILO-STATISTICS - Micro data processing,LFS - National Labour Force Survey,Mean weekly hours usually worked per employee by sex
Uganda,2021,Female,50.65,,,Repository: ILO-STATISTICS - Micro data processing,LFS - National Labour Force Survey,Mean weekly hours usually worked per employee by sex
Uganda,2017,Male,52.57,Break in series,Break in series: Methodology revised,Repository: ILO-STATISTICS - Micro data processing,LFS - National Labour Force Survey,Mean weekly hours usually worked per employee by sex
Uganda,2017,Female,49.09,Break in series,Break in series: Methodology revised,Repository: ILO-STATISTICS - Micro data processing,LFS - National Labour Force Survey,Mean weekly hours usually worked per employee by sex
Ukraine,2015,Male,40.0,,Central tendency measure: Weighted mean | Job coverage: Main job currently held | Working time arrangement coverage: Full-time and part time workers | Working time concept: Hours actually worked,"Geographical coverage: Total national, excluding some areas | Population coverage: Excluding both institutional population and armed forces and/or conscripts",LFS - Labour Force Survey,Mean weekly hours usually worked per employee by sex
Ukraine,2015,Female,38.0,,Central tendency measure: Weighted mean | Job coverage: Main job currently held | Working time arrangement coverage: Full-time and part time workers | Working time concept: Hours actually worked,"Geographical coverage: Total national, excluding some areas | Population coverage: Excluding both institutional population and armed forces and/or conscripts",LFS - Labour Force Survey,Mean weekly hours usually worked per employee by sex
Uruguay,2024,Male,41.65,,,Repository: ILO-STATISTICS - Micro data processing,LFS - Continous Household Survey,Mean weekly hours usually worked per employee by sex
Uruguay,2024,Female,34.66,,,Repository: ILO-STATISTICS - Micro data processing,LFS - Continous Household Survey,Mean weekly hours usually worked per employee by sex
Uruguay,2023,Male,41.75,,,Repository: ILO-STATISTICS - Micro data processing,LFS - Continous Household Survey,Mean weekly hours usually worked per employee by sex
Uruguay,2023,Female,34.54,,,Repository: ILO-STATISTICS - Micro data processing,LFS - Continous Household Survey,Mean weekly hours usually worked per employee by sex
Uruguay,2022,Male,41.8,Break in series,Break in series: Methodology revised,Repository: ILO-STATISTICS - Micro data processing,LFS - Continous Household Survey,Mean weekly hours usually worked per employee by sex
Uruguay,2022,Female,34.62,Break in series,Break in series: Methodology revised,Repository: ILO-STATISTICS - Micro data processing,LFS - Continous Household Survey,Mean weekly hours usually worked per employee by sex
Uruguay,2021,Male,41.39,Break in series,Break in series: Methodology revised,Repository: ILO-STATISTICS - Micro data processing,LFS - Continous Household Survey,Mean weekly hours usually worked per employee by sex
Uruguay,2021,Female,34.11,Break in series,Break in series: Methodology revised,Repository: ILO-STATISTICS - Micro data processing,LFS - Continous Household Survey,Mean weekly hours usually worked per employee by sex
Uruguay,2020,Male,41.61,Break in series,Break in series: Methodology revised,Repository: ILO-STATISTICS - Micro data processing,LFS - Continous Household Survey,Mean weekly hours usually worked per employee by sex
Uruguay,2020,Female,34.39,Break in series,Break in series: Methodology revised,Repository: ILO-STATISTICS - Micro data processing,LFS - Continous Household Survey,Mean weekly hours usually worked per employee by sex
Uruguay,2019,Male,41.72,Break in series,Break in series: Methodology revised,Repository: ILO-STATISTICS - Micro data processing,LFS - Continous Household Survey,Mean weekly hours usually worked per employee by sex
Uruguay,2019,Female,34.21,Break in series,Break in series: Methodology revised,Repository: ILO-STATISTICS - Micro data processing,LFS - Continous Household Survey,Mean weekly hours usually worked per employee by sex
Uruguay,2018,Male,42.06,,,Repository: ILO-STATISTICS - Micro data processing,LFS - Continous Household Survey,Mean weekly hours usually worked per employee by sex
Uruguay,2018,Female,34.42,,,Repository: ILO-STATISTICS - Micro data processing,LFS - Continous Household Survey,Mean weekly hours usually worked per employee by sex
Uruguay,2017,Male,42.36,,,Repository: ILO-STATISTICS - Micro data processing,LFS - Continous Household Survey,Mean weekly hours usually worked per employee by sex
Uruguay,2017,Female,34.53,,,Repository: ILO-STATISTICS - Micro data processing,LFS - Continous Household Survey,Mean weekly hours usually worked per employee by sex
Uruguay,2016,Male,42.77,,,Repository: ILO-STATISTICS - Micro data processing,LFS - Continous Household Survey,Mean weekly hours usually worked per employee by sex
Uruguay,2016,Female,34.83,,,Repository: ILO-STATISTICS - Micro data processing,LFS - Continous Household Survey,Mean weekly hours usually worked per employee by sex
Uruguay,2015,Male,43.17,,,Repository: ILO-STATISTICS - Micro data processing,LFS - Continous Household Survey,Mean weekly hours usually worked per employee by sex
Uruguay,2015,Female,35.12,,,Repository: ILO-STATISTICS - Micro data processing,LFS - Continous Household Survey,Mean weekly hours usually worked per employee by sex
United States of America,2020,Male,41.33,,,Repository: ILO-STATISTICS - Micro data processing,PC - Population Census,Mean weekly hours usually worked per employee by sex
United States of America,2020,Female,36.89,,,Repository: ILO-STATISTICS - Micro data processing,PC - Population Census,Mean weekly hours usually worked per employee by sex
Venezuela (Bolivarian Republic of),2017,Male,40.72,,,Repository: ILO-STATISTICS - Micro data processing,LFS - Household Sample Survey,Mean weekly hours usually worked per employee by sex
Venezuela (Bolivarian Republic of),2017,Female,38.93,,,Repository: ILO-STATISTICS - Micro data processing,LFS - Household Sample Survey,Mean weekly hours usually worked per employee by sex
Venezuela (Bolivarian Republic of),2016,Male,40.76,,,Repository: ILO-STATISTICS - Micro data processing,LFS - Household Sample Survey,Mean weekly hours usually worked per employee by sex
Venezuela (Bolivarian Republic of),2016,Female,38.54,,,Repository: ILO-STATISTICS - Micro data processing,LFS - Household Sample Survey,Mean weekly hours usually worked per employee by sex
Viet Nam,2020,Male,48.84,,,Repository: ILO-STATISTICS - Micro data processing,LFS - Labour Force Survey,Mean weekly hours usually worked per employee by sex
Viet Nam,2020,Female,47.6,,,Repository: ILO-STATISTICS - Micro data processing,LFS - Labour Force Survey,Mean weekly hours usually worked per employee by sex
Viet Nam,2019,Male,48.44,,,Repository: ILO-STATISTICS - Micro data processing | Employment definition: Excluding own-use production workers,LFS - Labour Force Survey,Mean weekly hours usually worked per employee by sex
Viet Nam,2019,Female,47.44,,,Repository: ILO-STATISTICS - Micro data processing | Employment definition: Excluding own-use production workers,LFS - Labour Force Survey,Mean weekly hours usually worked per employee by sex
Viet Nam,2018,Male,47.93,,,Repository: ILO-STATISTICS - Micro data processing,LFS - Labour Force Survey,Mean weekly hours usually worked per employee by sex
Viet Nam,2018,Female,46.65,,,Repository: ILO-STATISTICS - Micro data processing,LFS - Labour Force Survey,Mean weekly hours usually worked per employee by sex
Viet Nam,2017,Male,48.01,,,Repository: ILO-STATISTICS - Micro data processing,LFS - Labour Force Survey,Mean weekly hours usually worked per employee by sex
Viet Nam,2017,Female,46.59,,,Repository: ILO-STATISTICS - Micro data processing,LFS - Labour Force Survey,Mean weekly hours usually worked per employee by sex
Viet Nam,2016,Male,48.35,,,Repository: ILO-STATISTICS - Micro data processing,LFS - Labour Force Survey,Mean weekly hours usually worked per employee by sex
Viet Nam,2016,Female,46.89,,,Repository: ILO-STATISTICS - Micro data processing,LFS - Labour Force Survey,Mean weekly hours usually worked per employee by sex
Viet Nam,2015,Male,48.29,,,Repository: ILO-STATISTICS - Micro data processing,LFS - Labour Force Survey,Mean weekly hours usually worked per employee by sex
Viet Nam,2015,Female,46.91,,,Repository: ILO-STATISTICS - Micro data processing,LFS - Labour Force Survey,Mean weekly hours usually worked per employee by sex
Wallis and Futuna,2019,Male,37.41,,,Repository: ILO-STATISTICS - Micro data processing,HIES - Household Income and Expenditure Survey,Mean weekly hours usually worked per employee by sex
Wallis and Futuna,2019,Female,36.11,,,Repository: ILO-STATISTICS - Micro data processing,HIES - Household Income and Expenditure Survey,Mean weekly hours usually worked per employee by sex
Samoa,2022,Male,44.98,Break in series,Break in series: Methodology revised,Repository: ILO-STATISTICS - Micro data processing,LFS - Labour Force Survey,Mean weekly hours usually worked per employee by sex
Samoa,2022,Female,43.7,Break in series,Break in series: Methodology revised,Repository: ILO-STATISTICS - Micro data processing,LFS - Labour Force Survey,Mean weekly hours usually worked per employee by sex
Samoa,2018,Male,40.69,,,Repository: ILO-STATISTICS - Micro data processing,HIES - Household Income and Expenditure Survey,Mean weekly hours usually worked per employee by sex
Samoa,2018,Female,40.69,,,Repository: ILO-STATISTICS - Micro data processing,HIES - Household Income and Expenditure Survey,Mean weekly hours usually worked per employee by sex
Samoa,2017,Male,45.62,Break in series,Break in series: Methodology revised,Repository: ILO-STATISTICS - Micro data processing,LFS - Labour Force Survey,Mean weekly hours usually worked per employee by sex
Samoa,2017,Female,43.48,Break in series,Break in series: Methodology revised,Repository: ILO-STATISTICS - Micro data processing,LFS - Labour Force Survey,Mean weekly hours usually worked per employee by sex
South Africa,2024,Male,44.04,,,Repository: ILO-STATISTICS - Micro data processing,LFS - Quarterly Labour Force Survey,Mean weekly hours usually worked per employee by sex
South Africa,2024,Female,40.18,,,Repository: ILO-STATISTICS - Micro data processing,LFS - Quarterly Labour Force Survey,Mean weekly hours usually worked per employee by sex
South Africa,2023,Male,44.2,,,Repository: ILO-STATISTICS - Micro data processing,LFS - Quarterly Labour Force Survey,Mean weekly hours usually worked per employee by sex
South Africa,2023,Female,40.07,,,Repository: ILO-STATISTICS - Micro data processing,LFS - Quarterly Labour Force Survey,Mean weekly hours usually worked per employee by sex
South Africa,2022,Male,43.77,,,Repository: ILO-STATISTICS - Micro data processing,LFS - Quarterly Labour Force Survey,Mean weekly hours usually worked per employee by sex
South Africa,2022,Female,39.82,,,Repository: ILO-STATISTICS - Micro data processing,LFS - Quarterly Labour Force Survey,Mean weekly hours usually worked per employee by sex
South Africa,2021,Male,43.89,,,Repository: ILO-STATISTICS - Micro data processing,LFS - Quarterly Labour Force Survey,Mean weekly hours usually worked per employee by sex
South Africa,2021,Female,39.48,,,Repository: ILO-STATISTICS - Micro data processing,LFS - Quarterly Labour Force Survey,Mean weekly hours usually worked per employee by sex
South Africa,2020,Male,44.11,,,Repository: ILO-STATISTICS - Micro data processing,LFS - Quarterly Labour Force Survey,Mean weekly hours usually worked per employee by sex
South Africa,2020,Female,39.89,,,Repository: ILO-STATISTICS - Micro data processing,LFS - Quarterly Labour Force Survey,Mean weekly hours usually worked per employee by sex
South Africa,2019,Male,44.8,,,Repository: ILO-STATISTICS - Micro data processing,LFS - Quarterly Labour Force Survey,Mean weekly hours usually worked per employee by sex
South Africa,2019,Female,40.47,,,Repository: ILO-STATISTICS - Micro data processing,LFS - Quarterly Labour Force Survey,Mean weekly hours usually worked per employee by sex
South Africa,2018,Male,44.78,,,Repository: ILO-STATISTICS - Micro data processing,LFS - Quarterly Labour Force Survey,Mean weekly hours usually worked per employee by sex
South Africa,2018,Female,40.57,,,Repository: ILO-STATISTICS - Micro data processing,LFS - Quarterly Labour Force Survey,Mean weekly hours usually worked per employee by sex
South Africa,2017,Male,44.9,,,Repository: ILO-STATISTICS - Micro data processing,LFS - Quarterly Labour Force Survey,Mean weekly hours usually worked per employee by sex
South Africa,2017,Female,40.63,,,Repository: ILO-STATISTICS - Micro data processing,LFS - Quarterly Labour Force Survey,Mean weekly hours usually worked per employee by sex
South Africa,2016,Male,45.22,,,Repository: ILO-STATISTICS - Micro data processing,LFS - Quarterly Labour Force Survey,Mean weekly hours usually worked per employee by sex
South Africa,2016,Female,40.59,,,Repository: ILO-STATISTICS - Micro data processing,LFS - Quarterly Labour Force Survey,Mean weekly hours usually worked per employee by sex
South Africa,2015,Male,45.22,,,Repository: ILO-STATISTICS - Micro data processing,LFS - Quarterly Labour Force Survey,Mean weekly hours usually worked per employee by sex
South Africa,2015,Female,40.65,,,Repository: ILO-STATISTICS - Micro data processing,LFS - Quarterly Labour Force Survey,Mean weekly hours usually worked per employee by sex
Zambia,2024,Male,47.43,,,Repository: ILO-STATISTICS - Micro data processing,LFS - Labour Force Survey,Mean weekly hours usually worked per employee by sex
Zambia,2024,Female,42.54,,,Repository: ILO-STATISTICS - Micro data processing,LFS - Labour Force Survey,Mean weekly hours usually worked per employee by sex
Zambia,2023,Male,49.11,,,Repository: ILO-STATISTICS - Micro data processing,LFS - Labour Force Survey,Mean weekly hours usually worked per employee by sex
Zambia,2023,Female,43.59,,,Repository: ILO-STATISTICS - Micro data processing,LFS - Labour Force Survey,Mean weekly hours usually worked per employee by sex
Zambia,2022,Male,49.46,,,Repository: ILO-STATISTICS - Micro data processing,LFS - Labour Force Survey,Mean weekly hours usually worked per employee by sex
Zambia,2022,Female,44.0,,,Repository: ILO-STATISTICS - Micro data processing,LFS - Labour Force Survey,Mean weekly hours usually worked per employee by sex
Zambia,2021,Male,47.69,,,Repository: ILO-STATISTICS - Micro data processing,LFS - Labour Force Survey,Mean weekly hours usually worked per employee by sex
Zambia,2021,Female,43.06,,,Repository: ILO-STATISTICS - Micro data processing,LFS - Labour Force Survey,Mean weekly hours usually worked per employee by sex
Zambia,2020,Male,48.04,,,Repository: ILO-STATISTICS - Micro data processing,LFS - Labour Force Survey,Mean weekly hours usually worked per employee by sex
Zambia,2020,Female,44.06,,,Repository: ILO-STATISTICS - Micro data processing,LFS - Labour Force Survey,Mean weekly hours usually worked per employee by sex
Zambia,2019,Male,48.59,,,Repository: ILO-STATISTICS - Micro data processing,LFS - Labour Force Survey,Mean weekly hours usually worked per employee by sex
Zambia,2019,Female,44.8,,,Repository: ILO-STATISTICS - Micro data processing,LFS - Labour Force Survey,Mean weekly hours usually worked per employee by sex
Zambia,2018,Male,47.26,Break in series,Break in series: Methodology revised,Repository: ILO-STATISTICS - Micro data processing,LFS - Labour Force Survey,Mean weekly hours usually worked per employee by sex
Zambia,2018,Female,43.64,Break in series,Break in series: Methodology revised,Repository: ILO-STATISTICS - Micro data processing,LFS - Labour Force Survey,Mean weekly hours usually worked per employee by sex
Zambia,2017,Male,48.41,Break in series,Break in series: Methodology revised,Repository: ILO-STATISTICS - Micro data processing,LFS - Labour Force Survey,Mean weekly hours usually worked per employee by sex
Zambia,2017,Female,42.89,Break in series,Break in series: Methodology revised,Repository: ILO-STATISTICS - Micro data processing,LFS - Labour Force Survey,Mean weekly hours usually worked per employee by sex
Zimbabwe,2024,Male,50.24,,,Repository: ILO-STATISTICS - Micro data processing,LFS - Labour Force Survey,Mean weekly hours usually worked per employee by sex
Zimbabwe,2024,Female,46.8,,,Repository: ILO-STATISTICS - Micro data processing,LFS - Labour Force Survey,Mean weekly hours usually worked per employee by sex
Zimbabwe,2023,Male,49.42,,,Repository: ILO-STATISTICS - Micro data processing,LFS - Labour Force Survey,Mean weekly hours usually worked per employee by sex
Zimbabwe,2023,Female,46.63,,,Repository: ILO-STATISTICS - Micro data processing,LFS - Labour Force Survey,Mean weekly hours usually worked per employee by sex
Zimbabwe,2022,Male,48.99,,,Repository: ILO-STATISTICS - Micro data processing,LFS - Labour Force Survey,Mean weekly hours usually worked per employee by sex
Zimbabwe,2022,Female,46.44,,,Repository: ILO-STATISTICS - Micro data processing,LFS - Labour Force Survey,Mean weekly hours usually worked per employee by sex
Zimbabwe,2021,Male,44.96,,,Repository: ILO-STATISTICS - Micro data processing,LFS - Labour Force Survey,Mean weekly hours usually worked per employee by sex
Zimbabwe,2021,Female,40.27,,,Repository: ILO-STATISTICS - Micro data processing,LFS - Labour Force Survey,Mean weekly hours usually worked per employee by sex
Zimbabwe,2019,Male,46.74,Break in series,Break in series: Methodology revised,Repository: ILO-STATISTICS - Micro data processing,LFS - Labour Force Survey,Mean weekly hours usually worked per employee by sex
Zimbabwe,2019,Female,43.69,Break in series,Break in series: Methodology revised,Repository: ILO-STATISTICS - Micro data processing,LFS - Labour Force Survey,Mean weekly hours usually worked per employee by sex
